slug,live_url,status,state,service_links,blocks_rendered,blocks_total,error
apartment-chimney-services-in-cambridge-ma,https://chimcare-web.vercel.app/location/apartment-chimney-services-in-cambridge-ma/,200,ma,24,2,34,
apartment-chimney-services-in-dracut-ma,https://chimcare-web.vercel.app/location/apartment-chimney-services-in-dracut-ma/,200,ma,24,2,33,
apartment-chimney-services-in-leominster-ma,https://chimcare-web.vercel.app/location/apartment-chimney-services-in-leominster-ma/,200,ma,25,2,54,
apartment-chimney-services-in-lowell-ma,https://chimcare-web.vercel.app/location/apartment-chimney-services-in-lowell-ma/,200,ma,23,2,39,
apartment-chimney-services-in-springfield-ma,https://chimcare-web.vercel.app/location/apartment-chimney-services-in-springfield-ma/,200,ma,24,2,32,
apartment-chimney-services-in-weymouth-ma,https://chimcare-web.vercel.app/location/apartment-chimney-services-in-weymouth-ma/,200,ma,25,2,36,
apartment-chimney-services-in-worcester-ma,https://chimcare-web.vercel.app/location/apartment-chimney-services-in-worcester-ma/,200,ma,24,2,33,
caps-rain-pans-in-cambridge-ma,https://chimcare-web.vercel.app/location/caps-rain-pans-in-cambridge-ma/,200,ma,24,2,33,
caps-rain-pans-in-dracut-ma,https://chimcare-web.vercel.app/location/caps-rain-pans-in-dracut-ma/,200,ma,24,2,36,
caps-rain-pans-in-leominster-ma,https://chimcare-web.vercel.app/location/caps-rain-pans-in-leominster-ma/,200,ma,25,2,55,
caps-rain-pans-in-lowell-ma,https://chimcare-web.vercel.app/location/caps-rain-pans-in-lowell-ma/,200,ma,23,2,37,
caps-rain-pans-in-springfield-ma,https://chimcare-web.vercel.app/location/caps-rain-pans-in-springfield-ma/,200,ma,24,2,35,
caps-rain-pans-in-weymouth-ma,https://chimcare-web.vercel.app/location/caps-rain-pans-in-weymouth-ma/,200,ma,25,2,32,
caps-rain-pans-in-worcester-ma,https://chimcare-web.vercel.app/location/caps-rain-pans-in-worcester-ma/,200,ma,24,2,33,
chimcare-chimney-sweep-in-burlington-ma,https://chimcare-web.vercel.app/location/chimcare-chimney-sweep-in-burlington-ma/,200,ma,24,2,67,
chimney-animal-removal-in-cambridge-ma,https://chimcare-web.vercel.app/location/chimney-animal-removal-in-cambridge-ma/,200,ma,23,2,32,
chimney-animal-removal-in-dracut-ma,https://chimcare-web.vercel.app/location/chimney-animal-removal-in-dracut-ma/,200,ma,23,2,33,
chimney-animal-removal-in-leominster-ma,https://chimcare-web.vercel.app/location/chimney-animal-removal-in-leominster-ma/,200,ma,24,2,55,
chimney-animal-removal-in-lowell-ma,https://chimcare-web.vercel.app/location/chimney-animal-removal-in-lowell-ma/,200,ma,22,2,33,
chimney-animal-removal-in-springfield-ma,https://chimcare-web.vercel.app/location/chimney-animal-removal-in-springfield-ma/,200,ma,23,2,37,
chimney-animal-removal-in-weymouth-ma,https://chimcare-web.vercel.app/location/chimney-animal-removal-in-weymouth-ma/,200,ma,24,2,34,
chimney-animal-removal-in-worcester-ma,https://chimcare-web.vercel.app/location/chimney-animal-removal-in-worcester-ma/,200,ma,23,2,32,
chimney-bricks-repair-in-cambridge-ma,https://chimcare-web.vercel.app/location/chimney-bricks-repair-in-cambridge-ma/,200,ma,24,2,34,
chimney-bricks-repair-in-dracut-ma,https://chimcare-web.vercel.app/location/chimney-bricks-repair-in-dracut-ma/,200,ma,24,2,38,
chimney-bricks-repair-in-leominster-ma,https://chimcare-web.vercel.app/location/chimney-bricks-repair-in-leominster-ma/,200,ma,25,2,53,
chimney-bricks-repair-in-lowell-ma,https://chimcare-web.vercel.app/location/chimney-bricks-repair-in-lowell-ma/,200,ma,23,2,37,
chimney-bricks-repair-in-springfield-ma,https://chimcare-web.vercel.app/location/chimney-bricks-repair-in-springfield-ma/,200,ma,24,2,26,
chimney-bricks-repair-in-weymouth-ma,https://chimcare-web.vercel.app/location/chimney-bricks-repair-in-weymouth-ma/,200,ma,25,2,35,
chimney-bricks-repair-in-worcester-ma,https://chimcare-web.vercel.app/location/chimney-bricks-repair-in-worcester-ma/,200,ma,24,2,36,
chimney-cap-installation-in-cambridge-ma,https://chimcare-web.vercel.app/location/chimney-cap-installation-in-cambridge-ma/,200,ma,23,2,36,
chimney-cap-installation-in-dracut-ma,https://chimcare-web.vercel.app/location/chimney-cap-installation-in-dracut-ma/,200,ma,23,2,33,
chimney-cap-installation-in-leominster-ma,https://chimcare-web.vercel.app/location/chimney-cap-installation-in-leominster-ma/,200,ma,24,2,55,
chimney-cap-installation-in-lowell-ma,https://chimcare-web.vercel.app/location/chimney-cap-installation-in-lowell-ma/,200,ma,22,2,32,
chimney-cap-installation-in-phoenix-az,https://chimcare-web.vercel.app/location/chimney-cap-installation-in-phoenix-az/,200,az,7,2,36,
chimney-cap-installation-in-springfield-ma,https://chimcare-web.vercel.app/location/chimney-cap-installation-in-springfield-ma/,200,ma,23,2,33,
chimney-cap-installation-in-weymouth-ma,https://chimcare-web.vercel.app/location/chimney-cap-installation-in-weymouth-ma/,200,ma,24,2,38,
chimney-cap-installation-in-worcester-ma,https://chimcare-web.vercel.app/location/chimney-cap-installation-in-worcester-ma/,200,ma,23,2,36,
chimney-cap-repair-in-cambridge-ma,https://chimcare-web.vercel.app/location/chimney-cap-repair-in-cambridge-ma/,200,ma,23,2,37,
chimney-cap-repair-in-dracut-ma,https://chimcare-web.vercel.app/location/chimney-cap-repair-in-dracut-ma/,200,ma,23,2,32,
chimney-cap-repair-in-leominster-ma,https://chimcare-web.vercel.app/location/chimney-cap-repair-in-leominster-ma/,200,ma,24,2,51,
chimney-cap-repair-in-lowell-ma,https://chimcare-web.vercel.app/location/chimney-cap-repair-in-lowell-ma/,200,ma,22,2,37,
chimney-cap-repair-in-springfield-ma,https://chimcare-web.vercel.app/location/chimney-cap-repair-in-springfield-ma/,200,ma,23,2,33,
chimney-cap-repair-in-weymouth-ma,https://chimcare-web.vercel.app/location/chimney-cap-repair-in-weymouth-ma/,200,ma,24,2,31,
chimney-cap-repair-in-worcester-ma,https://chimcare-web.vercel.app/location/chimney-cap-repair-in-worcester-ma/,200,ma,23,2,38,
chimney-caps-in-cambridge-ma,https://chimcare-web.vercel.app/location/chimney-caps-in-cambridge-ma/,200,ma,24,2,33,
chimney-caps-in-cambridge-ma-2,https://chimcare-web.vercel.app/location/chimney-caps-in-cambridge-ma-2/,200,-2,0,2,45,
chimney-caps-in-dracut-ma,https://chimcare-web.vercel.app/location/chimney-caps-in-dracut-ma/,200,ma,24,2,35,
chimney-caps-in-dracut-ma-2,https://chimcare-web.vercel.app/location/chimney-caps-in-dracut-ma-2/,200,-2,0,2,35,
chimney-caps-in-leominster-ma,https://chimcare-web.vercel.app/location/chimney-caps-in-leominster-ma/,200,ma,25,2,55,
chimney-caps-in-leominster-ma-2,https://chimcare-web.vercel.app/location/chimney-caps-in-leominster-ma-2/,200,-2,0,2,53,
chimney-caps-in-lowell-ma,https://chimcare-web.vercel.app/location/chimney-caps-in-lowell-ma/,200,ma,23,2,39,
chimney-caps-in-springfield-ma,https://chimcare-web.vercel.app/location/chimney-caps-in-springfield-ma/,200,ma,24,2,37,
chimney-caps-in-springfield-ma-2,https://chimcare-web.vercel.app/location/chimney-caps-in-springfield-ma-2/,200,-2,0,2,34,
chimney-caps-in-worcester-ma,https://chimcare-web.vercel.app/location/chimney-caps-in-worcester-ma/,200,ma,24,2,36,
chimney-caps-repair-in-lowell-ma,https://chimcare-web.vercel.app/location/chimney-caps-repair-in-lowell-ma/,200,ma,23,2,43,
chimney-caps-repair-in-weymouth-ma,https://chimcare-web.vercel.app/location/chimney-caps-repair-in-weymouth-ma/,200,ma,25,2,33,
chimney-caps-repair-in-worcester-ma,https://chimcare-web.vercel.app/location/chimney-caps-repair-in-worcester-ma/,200,ma,24,2,31,
chimney-chase-covering-in-cambridge-ma,https://chimcare-web.vercel.app/location/chimney-chase-covering-in-cambridge-ma/,200,ma,24,2,32,
chimney-chase-covering-in-dracut-ma,https://chimcare-web.vercel.app/location/chimney-chase-covering-in-dracut-ma/,200,ma,24,2,46,
chimney-chase-covering-in-leominster-ma,https://chimcare-web.vercel.app/location/chimney-chase-covering-in-leominster-ma/,200,ma,25,2,53,
chimney-chase-covering-in-lowell-ma,https://chimcare-web.vercel.app/location/chimney-chase-covering-in-lowell-ma/,200,ma,23,2,36,
chimney-chase-covering-in-springfield-ma,https://chimcare-web.vercel.app/location/chimney-chase-covering-in-springfield-ma/,200,ma,24,2,36,
chimney-chase-covering-in-weymouth-ma,https://chimcare-web.vercel.app/location/chimney-chase-covering-in-weymouth-ma/,200,ma,25,2,36,
chimney-chase-covering-in-worcester-ma,https://chimcare-web.vercel.app/location/chimney-chase-covering-in-worcester-ma/,200,ma,24,2,36,
chimney-chase-restoration-in-cambridge-ma,https://chimcare-web.vercel.app/location/chimney-chase-restoration-in-cambridge-ma/,200,ma,24,2,33,
chimney-chase-restoration-in-dracut-ma,https://chimcare-web.vercel.app/location/chimney-chase-restoration-in-dracut-ma/,200,ma,24,2,38,
chimney-chase-restoration-in-leominster-ma,https://chimcare-web.vercel.app/location/chimney-chase-restoration-in-leominster-ma/,200,ma,25,2,52,
chimney-chase-restoration-in-lowell-ma,https://chimcare-web.vercel.app/location/chimney-chase-restoration-in-lowell-ma/,200,ma,23,2,37,
chimney-chase-restoration-in-springfield-ma,https://chimcare-web.vercel.app/location/chimney-chase-restoration-in-springfield-ma/,200,ma,24,2,40,
chimney-chase-restoration-in-weymouth-ma,https://chimcare-web.vercel.app/location/chimney-chase-restoration-in-weymouth-ma/,200,ma,25,2,31,
chimney-chase-restoration-in-worcester-ma,https://chimcare-web.vercel.app/location/chimney-chase-restoration-in-worcester-ma/,200,ma,24,2,37,
chimney-cleaning-in-cambridge-ma,https://chimcare-web.vercel.app/location/chimney-cleaning-in-cambridge-ma/,200,ma,23,2,38,
chimney-cleaning-in-dracut-ma,https://chimcare-web.vercel.app/location/chimney-cleaning-in-dracut-ma/,200,ma,23,2,32,
chimney-cleaning-in-leominster-ma,https://chimcare-web.vercel.app/location/chimney-cleaning-in-leominster-ma/,200,ma,24,2,53,
chimney-cleaning-in-lowell-ma,https://chimcare-web.vercel.app/location/chimney-cleaning-in-lowell-ma/,200,ma,22,2,39,
chimney-cleaning-in-phoenix-az,https://chimcare-web.vercel.app/location/chimney-cleaning-in-phoenix-az/,200,az,7,2,35,
chimney-cleaning-in-springfield-ma,https://chimcare-web.vercel.app/location/chimney-cleaning-in-springfield-ma/,200,ma,23,2,35,
chimney-cleaning-in-weymouth-ma,https://chimcare-web.vercel.app/location/chimney-cleaning-in-weymouth-ma/,200,ma,24,2,33,
chimney-cleaning-in-worcester-ma,https://chimcare-web.vercel.app/location/chimney-cleaning-in-worcester-ma/,200,ma,23,2,35,
chimney-cleaning-maintenance-services-in-cambridge-ma,https://chimcare-web.vercel.app/location/chimney-cleaning-maintenance-services-in-cambridge-ma/,200,ma,24,2,33,
chimney-cleaning-maintenance-services-in-dracut-ma,https://chimcare-web.vercel.app/location/chimney-cleaning-maintenance-services-in-dracut-ma/,200,ma,24,2,33,
chimney-cleaning-maintenance-services-in-leominster-ma,https://chimcare-web.vercel.app/location/chimney-cleaning-maintenance-services-in-leominster-ma/,200,ma,25,2,48,
chimney-cleaning-maintenance-services-in-lowell-ma,https://chimcare-web.vercel.app/location/chimney-cleaning-maintenance-services-in-lowell-ma/,200,ma,23,2,37,
chimney-cleaning-maintenance-services-in-springfield-ma,https://chimcare-web.vercel.app/location/chimney-cleaning-maintenance-services-in-springfield-ma/,200,ma,24,2,32,
chimney-cleaning-maintenance-services-in-weymouth-ma,https://chimcare-web.vercel.app/location/chimney-cleaning-maintenance-services-in-weymouth-ma/,200,ma,25,2,36,
chimney-cleaning-maintenance-services-in-worcester-ma,https://chimcare-web.vercel.app/location/chimney-cleaning-maintenance-services-in-worcester-ma/,200,ma,24,2,38,
chimney-construction-in-cambridge-ma,https://chimcare-web.vercel.app/location/chimney-construction-in-cambridge-ma/,200,ma,24,2,34,
chimney-construction-in-dracut-ma,https://chimcare-web.vercel.app/location/chimney-construction-in-dracut-ma/,200,ma,24,2,33,
chimney-construction-in-leominster-ma,https://chimcare-web.vercel.app/location/chimney-construction-in-leominster-ma/,200,ma,25,2,52,
chimney-construction-in-lowell-ma,https://chimcare-web.vercel.app/location/chimney-construction-in-lowell-ma/,200,ma,23,2,33,
chimney-construction-in-springfield-ma,https://chimcare-web.vercel.app/location/chimney-construction-in-springfield-ma/,200,ma,24,2,34,
chimney-construction-in-weymouth-ma,https://chimcare-web.vercel.app/location/chimney-construction-in-weymouth-ma/,200,ma,25,2,34,
chimney-construction-in-worcester-ma,https://chimcare-web.vercel.app/location/chimney-construction-in-worcester-ma/,200,ma,24,2,36,
chimney-cricket-installation-in-cambridge-ma,https://chimcare-web.vercel.app/location/chimney-cricket-installation-in-cambridge-ma/,200,ma,24,2,35,
chimney-cricket-installation-in-dracut-ma,https://chimcare-web.vercel.app/location/chimney-cricket-installation-in-dracut-ma/,200,ma,24,2,33,
chimney-cricket-installation-in-leominster-ma,https://chimcare-web.vercel.app/location/chimney-cricket-installation-in-leominster-ma/,200,ma,25,2,49,
chimney-cricket-installation-in-lowell-ma,https://chimcare-web.vercel.app/location/chimney-cricket-installation-in-lowell-ma/,200,ma,23,2,35,
chimney-cricket-installation-in-springfield-ma,https://chimcare-web.vercel.app/location/chimney-cricket-installation-in-springfield-ma/,200,ma,24,2,34,
chimney-cricket-installation-in-weymouth-ma,https://chimcare-web.vercel.app/location/chimney-cricket-installation-in-weymouth-ma/,200,ma,25,2,34,
chimney-cricket-installation-in-worcester-ma,https://chimcare-web.vercel.app/location/chimney-cricket-installation-in-worcester-ma/,200,ma,24,2,37,
chimney-crown-repair-in-cambridge-ma,https://chimcare-web.vercel.app/location/chimney-crown-repair-in-cambridge-ma/,200,ma,23,2,46,
chimney-crown-repair-in-dracut-ma,https://chimcare-web.vercel.app/location/chimney-crown-repair-in-dracut-ma/,200,ma,23,2,33,
chimney-crown-repair-in-leominster-ma,https://chimcare-web.vercel.app/location/chimney-crown-repair-in-leominster-ma/,200,ma,24,2,52,
chimney-crown-repair-in-lowell-ma,https://chimcare-web.vercel.app/location/chimney-crown-repair-in-lowell-ma/,200,ma,22,2,38,
chimney-crown-repair-in-springfield-ma,https://chimcare-web.vercel.app/location/chimney-crown-repair-in-springfield-ma/,200,ma,23,2,34,
chimney-crown-repair-in-weymouth-ma,https://chimcare-web.vercel.app/location/chimney-crown-repair-in-weymouth-ma/,200,ma,24,2,33,
chimney-crown-repair-in-worcester-ma,https://chimcare-web.vercel.app/location/chimney-crown-repair-in-worcester-ma/,200,ma,23,2,36,
chimney-crowns-in-cambridge-ma,https://chimcare-web.vercel.app/location/chimney-crowns-in-cambridge-ma/,200,ma,24,2,34,
chimney-crowns-in-dracut-ma,https://chimcare-web.vercel.app/location/chimney-crowns-in-dracut-ma/,200,ma,24,2,33,
chimney-crowns-in-springfield-ma,https://chimcare-web.vercel.app/location/chimney-crowns-in-springfield-ma/,200,ma,24,2,35,
chimney-crowns-repair-in-leominster-ma,https://chimcare-web.vercel.app/location/chimney-crowns-repair-in-leominster-ma/,200,ma,25,2,52,
chimney-crowns-repair-in-lowell-ma,https://chimcare-web.vercel.app/location/chimney-crowns-repair-in-lowell-ma/,200,ma,23,2,33,
chimney-crowns-repair-in-weymouth-ma,https://chimcare-web.vercel.app/location/chimney-crowns-repair-in-weymouth-ma/,200,ma,25,2,32,
chimney-crowns-repair-in-worcester-ma,https://chimcare-web.vercel.app/location/chimney-crowns-repair-in-worcester-ma/,200,ma,24,2,35,
chimney-damper-repair-in-cambridge-ma,https://chimcare-web.vercel.app/location/chimney-damper-repair-in-cambridge-ma/,200,ma,23,2,34,
chimney-damper-repair-in-dracut-ma,https://chimcare-web.vercel.app/location/chimney-damper-repair-in-dracut-ma/,200,ma,23,2,32,
chimney-damper-repair-in-leominster-ma,https://chimcare-web.vercel.app/location/chimney-damper-repair-in-leominster-ma/,200,ma,24,2,49,
chimney-damper-repair-in-lowell-ma,https://chimcare-web.vercel.app/location/chimney-damper-repair-in-lowell-ma/,200,ma,22,2,33,
chimney-damper-repair-in-springfield-ma,https://chimcare-web.vercel.app/location/chimney-damper-repair-in-springfield-ma/,200,ma,23,2,33,
chimney-damper-repair-in-weymouth-ma,https://chimcare-web.vercel.app/location/chimney-damper-repair-in-weymouth-ma/,200,ma,24,2,45,
chimney-damper-repair-in-worcester-ma,https://chimcare-web.vercel.app/location/chimney-damper-repair-in-worcester-ma/,200,ma,23,2,39,
chimney-deep-cleaning-pcr-in-cambridge-ma,https://chimcare-web.vercel.app/location/chimney-deep-cleaning-pcr-in-cambridge-ma/,200,ma,24,2,35,
chimney-deep-cleaning-pcr-in-dracut-ma,https://chimcare-web.vercel.app/location/chimney-deep-cleaning-pcr-in-dracut-ma/,200,ma,24,2,32,
chimney-deep-cleaning-pcr-in-leominster-ma,https://chimcare-web.vercel.app/location/chimney-deep-cleaning-pcr-in-leominster-ma/,200,ma,25,2,54,
chimney-deep-cleaning-pcr-in-lowell-ma,https://chimcare-web.vercel.app/location/chimney-deep-cleaning-pcr-in-lowell-ma/,200,ma,23,2,33,
chimney-deep-cleaning-pcr-in-springfield-ma,https://chimcare-web.vercel.app/location/chimney-deep-cleaning-pcr-in-springfield-ma/,200,ma,24,2,33,
chimney-deep-cleaning-pcr-in-weymouth-ma,https://chimcare-web.vercel.app/location/chimney-deep-cleaning-pcr-in-weymouth-ma/,200,ma,25,2,35,
chimney-deep-cleaning-pcr-in-worcester-ma,https://chimcare-web.vercel.app/location/chimney-deep-cleaning-pcr-in-worcester-ma/,200,ma,24,2,38,
chimney-fan-installation-in-cambridge-ma,https://chimcare-web.vercel.app/location/chimney-fan-installation-in-cambridge-ma/,200,ma,24,2,34,
chimney-fan-installation-in-dracut-ma,https://chimcare-web.vercel.app/location/chimney-fan-installation-in-dracut-ma/,200,ma,24,2,31,
chimney-fan-installation-in-leominster-ma,https://chimcare-web.vercel.app/location/chimney-fan-installation-in-leominster-ma/,200,ma,25,2,48,
chimney-fan-installation-in-lowell-ma,https://chimcare-web.vercel.app/location/chimney-fan-installation-in-lowell-ma/,200,ma,23,2,38,
chimney-fan-installation-in-springfield-ma,https://chimcare-web.vercel.app/location/chimney-fan-installation-in-springfield-ma/,200,ma,24,2,32,
chimney-fan-installation-in-weymouth-ma,https://chimcare-web.vercel.app/location/chimney-fan-installation-in-weymouth-ma/,200,ma,25,2,31,
chimney-fan-installation-in-worcester-ma,https://chimcare-web.vercel.app/location/chimney-fan-installation-in-worcester-ma/,200,ma,24,2,38,
chimney-fireplace-repair-in-cambridge-ma,https://chimcare-web.vercel.app/location/chimney-fireplace-repair-in-cambridge-ma/,200,ma,24,2,31,
chimney-fireplace-repair-in-dracut-ma,https://chimcare-web.vercel.app/location/chimney-fireplace-repair-in-dracut-ma/,200,ma,24,2,31,
chimney-fireplace-repair-in-leominster-ma,https://chimcare-web.vercel.app/location/chimney-fireplace-repair-in-leominster-ma/,200,ma,25,2,54,
chimney-fireplace-repair-in-lowell-ma,https://chimcare-web.vercel.app/location/chimney-fireplace-repair-in-lowell-ma/,200,ma,23,2,31,
chimney-fireplace-repair-in-springfield-ma,https://chimcare-web.vercel.app/location/chimney-fireplace-repair-in-springfield-ma/,200,ma,24,2,39,
chimney-fireplace-repair-in-weymouth-ma,https://chimcare-web.vercel.app/location/chimney-fireplace-repair-in-weymouth-ma/,200,ma,25,2,32,
chimney-fireplace-repair-in-worcester-ma,https://chimcare-web.vercel.app/location/chimney-fireplace-repair-in-worcester-ma/,200,ma,24,2,37,
chimney-fireplace-services-in-buffalo-grove-il,https://chimcare-web.vercel.app/location/chimney-fireplace-services-in-buffalo-grove-il/,200,il,92,2,66,
chimney-fireplace-services-in-euclid-oh,https://chimcare-web.vercel.app/location/chimney-fireplace-services-in-euclid-oh/,200,oh,23,2,281,
chimney-flashing-in-dracut-ma,https://chimcare-web.vercel.app/location/chimney-flashing-in-dracut-ma/,200,ma,24,2,32,
chimney-flashing-repair-in-cambridge-ma,https://chimcare-web.vercel.app/location/chimney-flashing-repair-in-cambridge-ma/,200,ma,23,2,36,
chimney-flashing-repair-in-cambridge-ma-2,https://chimcare-web.vercel.app/location/chimney-flashing-repair-in-cambridge-ma-2/,200,-2,0,2,34,
chimney-flashing-repair-in-dracut-ma,https://chimcare-web.vercel.app/location/chimney-flashing-repair-in-dracut-ma/,200,ma,23,2,33,
chimney-flashing-repair-in-leominster-ma,https://chimcare-web.vercel.app/location/chimney-flashing-repair-in-leominster-ma/,200,ma,24,2,51,
chimney-flashing-repair-in-leominster-ma-2,https://chimcare-web.vercel.app/location/chimney-flashing-repair-in-leominster-ma-2/,200,-2,0,2,46,
chimney-flashing-repair-in-lowell-ma,https://chimcare-web.vercel.app/location/chimney-flashing-repair-in-lowell-ma/,200,ma,22,2,36,
chimney-flashing-repair-in-lowell-ma-2,https://chimcare-web.vercel.app/location/chimney-flashing-repair-in-lowell-ma-2/,200,-2,0,2,32,
chimney-flashing-repair-in-phoenix-az,https://chimcare-web.vercel.app/location/chimney-flashing-repair-in-phoenix-az/,200,az,7,2,37,
chimney-flashing-repair-in-springfield-ma,https://chimcare-web.vercel.app/location/chimney-flashing-repair-in-springfield-ma/,200,ma,23,2,31,
chimney-flashing-repair-in-springfield-ma-2,https://chimcare-web.vercel.app/location/chimney-flashing-repair-in-springfield-ma-2/,200,-2,0,2,33,
chimney-flashing-repair-in-weymouth-ma,https://chimcare-web.vercel.app/location/chimney-flashing-repair-in-weymouth-ma/,200,ma,24,2,35,
chimney-flashing-repair-in-weymouth-ma-2,https://chimcare-web.vercel.app/location/chimney-flashing-repair-in-weymouth-ma-2/,200,-2,0,2,35,
chimney-flashing-repair-in-worcester-ma,https://chimcare-web.vercel.app/location/chimney-flashing-repair-in-worcester-ma/,200,ma,23,2,35,
chimney-flashing-repair-in-worcester-ma-2,https://chimcare-web.vercel.app/location/chimney-flashing-repair-in-worcester-ma-2/,200,-2,0,2,38,
chimney-flue-installation-in-cambridge-ma,https://chimcare-web.vercel.app/location/chimney-flue-installation-in-cambridge-ma/,200,ma,24,2,34,
chimney-flue-installation-in-dracut-ma,https://chimcare-web.vercel.app/location/chimney-flue-installation-in-dracut-ma/,200,ma,24,2,34,
chimney-flue-installation-in-leominster-ma,https://chimcare-web.vercel.app/location/chimney-flue-installation-in-leominster-ma/,200,ma,25,2,55,
chimney-flue-installation-in-lowell-ma,https://chimcare-web.vercel.app/location/chimney-flue-installation-in-lowell-ma/,200,ma,23,2,38,
chimney-flue-installation-in-springfield-ma,https://chimcare-web.vercel.app/location/chimney-flue-installation-in-springfield-ma/,200,ma,24,2,37,
chimney-flue-installation-in-weymouth-ma,https://chimcare-web.vercel.app/location/chimney-flue-installation-in-weymouth-ma/,200,ma,25,2,34,
chimney-flue-installation-in-worcester-ma,https://chimcare-web.vercel.app/location/chimney-flue-installation-in-worcester-ma/,200,ma,24,2,38,
chimney-flue-repair-in-cambridge-ma,https://chimcare-web.vercel.app/location/chimney-flue-repair-in-cambridge-ma/,200,ma,23,2,31,
chimney-flue-repair-in-dracut-ma,https://chimcare-web.vercel.app/location/chimney-flue-repair-in-dracut-ma/,200,ma,23,2,40,
chimney-flue-repair-in-leominster-ma,https://chimcare-web.vercel.app/location/chimney-flue-repair-in-leominster-ma/,200,ma,24,2,52,
chimney-flue-repair-in-lowell-ma,https://chimcare-web.vercel.app/location/chimney-flue-repair-in-lowell-ma/,200,ma,22,2,34,
chimney-flue-repair-in-springfield-ma,https://chimcare-web.vercel.app/location/chimney-flue-repair-in-springfield-ma/,200,ma,23,2,41,
chimney-flue-repair-in-weymouth-ma,https://chimcare-web.vercel.app/location/chimney-flue-repair-in-weymouth-ma/,200,ma,24,2,33,
chimney-flue-repair-in-worcester-ma,https://chimcare-web.vercel.app/location/chimney-flue-repair-in-worcester-ma/,200,ma,23,2,34,
chimney-framing-rebuild-in-cambridge-ma,https://chimcare-web.vercel.app/location/chimney-framing-rebuild-in-cambridge-ma/,200,ma,24,2,33,
chimney-framing-rebuild-in-dracut-ma,https://chimcare-web.vercel.app/location/chimney-framing-rebuild-in-dracut-ma/,200,ma,24,2,34,
chimney-framing-rebuild-in-leominster-ma,https://chimcare-web.vercel.app/location/chimney-framing-rebuild-in-leominster-ma/,200,ma,25,2,48,
chimney-framing-rebuild-in-lowell-ma,https://chimcare-web.vercel.app/location/chimney-framing-rebuild-in-lowell-ma/,200,ma,23,2,49,
chimney-framing-rebuild-in-springfield-ma,https://chimcare-web.vercel.app/location/chimney-framing-rebuild-in-springfield-ma/,200,ma,24,2,34,
chimney-framing-rebuild-in-weymouth-ma,https://chimcare-web.vercel.app/location/chimney-framing-rebuild-in-weymouth-ma/,200,ma,25,2,32,
chimney-framing-rebuild-in-worcester-ma,https://chimcare-web.vercel.app/location/chimney-framing-rebuild-in-worcester-ma/,200,ma,24,2,35,
chimney-framing-repair-in-cambridge-ma,https://chimcare-web.vercel.app/location/chimney-framing-repair-in-cambridge-ma/,200,ma,24,2,37,
chimney-framing-repair-in-dracut-ma,https://chimcare-web.vercel.app/location/chimney-framing-repair-in-dracut-ma/,200,ma,24,2,30,
chimney-framing-repair-in-lowell-ma,https://chimcare-web.vercel.app/location/chimney-framing-repair-in-lowell-ma/,200,ma,23,2,35,
chimney-framing-repair-in-springfield-ma,https://chimcare-web.vercel.app/location/chimney-framing-repair-in-springfield-ma/,200,ma,24,2,34,
chimney-framing-repair-in-weymouth-ma,https://chimcare-web.vercel.app/location/chimney-framing-repair-in-weymouth-ma/,200,ma,25,2,31,
chimney-framing-repair-in-worcester-ma,https://chimcare-web.vercel.app/location/chimney-framing-repair-in-worcester-ma/,200,ma,24,2,36,
chimney-inspection-in-cambridge-ma,https://chimcare-web.vercel.app/location/chimney-inspection-in-cambridge-ma/,200,ma,23,2,32,
chimney-inspection-in-cambridge-ma-2,https://chimcare-web.vercel.app/location/chimney-inspection-in-cambridge-ma-2/,200,-2,0,2,32,
chimney-inspection-in-dracut-ma,https://chimcare-web.vercel.app/location/chimney-inspection-in-dracut-ma/,200,ma,23,2,38,
chimney-inspection-in-dracut-ma-2,https://chimcare-web.vercel.app/location/chimney-inspection-in-dracut-ma-2/,200,-2,0,2,33,
chimney-inspection-in-leominster-ma,https://chimcare-web.vercel.app/location/chimney-inspection-in-leominster-ma/,200,ma,24,2,54,
chimney-inspection-in-leominster-ma-2,https://chimcare-web.vercel.app/location/chimney-inspection-in-leominster-ma-2/,200,-2,0,2,54,
chimney-inspection-in-lowell-ma,https://chimcare-web.vercel.app/location/chimney-inspection-in-lowell-ma/,200,ma,22,2,36,
chimney-inspection-in-lowell-ma-2,https://chimcare-web.vercel.app/location/chimney-inspection-in-lowell-ma-2/,200,-2,0,2,34,
chimney-inspection-in-phoenix-az,https://chimcare-web.vercel.app/location/chimney-inspection-in-phoenix-az/,200,az,7,2,37,
chimney-inspection-in-springfield-ma,https://chimcare-web.vercel.app/location/chimney-inspection-in-springfield-ma/,200,ma,23,2,36,
chimney-inspection-in-springfield-ma-2,https://chimcare-web.vercel.app/location/chimney-inspection-in-springfield-ma-2/,200,-2,0,2,32,
chimney-inspection-in-weymouth-ma,https://chimcare-web.vercel.app/location/chimney-inspection-in-weymouth-ma/,200,ma,24,2,41,
chimney-inspection-in-weymouth-ma-2,https://chimcare-web.vercel.app/location/chimney-inspection-in-weymouth-ma-2/,200,-2,0,2,33,
chimney-inspection-in-worcester-ma,https://chimcare-web.vercel.app/location/chimney-inspection-in-worcester-ma/,200,ma,23,2,34,
chimney-inspection-in-worcester-ma-2,https://chimcare-web.vercel.app/location/chimney-inspection-in-worcester-ma-2/,200,-2,0,2,37,
chimney-inspection-level1-in-cambridge-ma,https://chimcare-web.vercel.app/location/chimney-inspection-level1-in-cambridge-ma/,200,ma,24,2,33,
chimney-inspection-level1-in-dracut-ma,https://chimcare-web.vercel.app/location/chimney-inspection-level1-in-dracut-ma/,200,ma,24,2,43,
chimney-inspection-level1-in-leominster-ma,https://chimcare-web.vercel.app/location/chimney-inspection-level1-in-leominster-ma/,200,ma,25,2,52,
chimney-inspection-level1-in-lowell-ma,https://chimcare-web.vercel.app/location/chimney-inspection-level1-in-lowell-ma/,200,ma,23,2,34,
chimney-inspection-level1-in-springfield-ma,https://chimcare-web.vercel.app/location/chimney-inspection-level1-in-springfield-ma/,200,ma,24,2,39,
chimney-inspection-level1-in-weymouth-ma,https://chimcare-web.vercel.app/location/chimney-inspection-level1-in-weymouth-ma/,200,ma,25,2,33,
chimney-inspection-level1-in-worcester-ma,https://chimcare-web.vercel.app/location/chimney-inspection-level1-in-worcester-ma/,200,ma,24,2,34,
chimney-inspection-level2-in-cambridge-ma,https://chimcare-web.vercel.app/location/chimney-inspection-level2-in-cambridge-ma/,200,ma,24,2,38,
chimney-inspection-level2-in-dracut-ma,https://chimcare-web.vercel.app/location/chimney-inspection-level2-in-dracut-ma/,200,ma,24,2,30,
chimney-inspection-level2-in-leominster-ma,https://chimcare-web.vercel.app/location/chimney-inspection-level2-in-leominster-ma/,200,ma,25,2,50,
chimney-inspection-level2-in-lowell-ma,https://chimcare-web.vercel.app/location/chimney-inspection-level2-in-lowell-ma/,200,ma,23,2,37,
chimney-inspection-level2-in-springfield-ma,https://chimcare-web.vercel.app/location/chimney-inspection-level2-in-springfield-ma/,200,ma,24,2,35,
chimney-inspection-level2-in-weymouth-ma,https://chimcare-web.vercel.app/location/chimney-inspection-level2-in-weymouth-ma/,200,ma,25,2,34,
chimney-inspection-level2-in-worcester-ma,https://chimcare-web.vercel.app/location/chimney-inspection-level2-in-worcester-ma/,200,ma,24,2,37,
chimney-inspection-level3-in-cambridge-ma,https://chimcare-web.vercel.app/location/chimney-inspection-level3-in-cambridge-ma/,200,ma,24,2,41,
chimney-inspection-level3-in-dracut-ma,https://chimcare-web.vercel.app/location/chimney-inspection-level3-in-dracut-ma/,200,ma,24,2,32,
chimney-inspection-level3-in-leominster-ma,https://chimcare-web.vercel.app/location/chimney-inspection-level3-in-leominster-ma/,200,ma,25,2,52,
chimney-inspection-level3-in-lowell-ma,https://chimcare-web.vercel.app/location/chimney-inspection-level3-in-lowell-ma/,200,ma,23,2,36,
chimney-inspection-level3-in-springfield-ma,https://chimcare-web.vercel.app/location/chimney-inspection-level3-in-springfield-ma/,200,ma,24,2,32,
chimney-inspection-level3-in-worcester-ma,https://chimcare-web.vercel.app/location/chimney-inspection-level3-in-worcester-ma/,200,ma,24,2,36,
chimney-inspections-in-cambridge-ma,https://chimcare-web.vercel.app/location/chimney-inspections-in-cambridge-ma/,200,ma,24,2,32,
chimney-inspections-in-dracut-ma,https://chimcare-web.vercel.app/location/chimney-inspections-in-dracut-ma/,200,ma,24,2,34,
chimney-inspections-in-leominster-ma,https://chimcare-web.vercel.app/location/chimney-inspections-in-leominster-ma/,200,ma,25,2,48,
chimney-inspections-in-lowell-ma,https://chimcare-web.vercel.app/location/chimney-inspections-in-lowell-ma/,200,ma,23,2,36,
chimney-inspections-in-springfield-ma,https://chimcare-web.vercel.app/location/chimney-inspections-in-springfield-ma/,200,ma,24,2,34,
chimney-inspections-in-weymouth-ma,https://chimcare-web.vercel.app/location/chimney-inspections-in-weymouth-ma/,200,ma,25,2,31,
chimney-inspections-in-worcester-ma,https://chimcare-web.vercel.app/location/chimney-inspections-in-worcester-ma/,200,ma,24,2,33,
chimney-leaks-in-dracut-ma,https://chimcare-web.vercel.app/location/chimney-leaks-in-dracut-ma/,200,ma,24,2,33,
chimney-leaks-repair-in-cambridge-ma,https://chimcare-web.vercel.app/location/chimney-leaks-repair-in-cambridge-ma/,200,ma,24,2,35,
chimney-leaks-repair-in-lowell-ma,https://chimcare-web.vercel.app/location/chimney-leaks-repair-in-lowell-ma/,200,ma,23,2,36,
chimney-leaks-repair-in-springfield-ma,https://chimcare-web.vercel.app/location/chimney-leaks-repair-in-springfield-ma/,200,ma,24,2,33,
chimney-leaks-repair-in-weymouth-ma,https://chimcare-web.vercel.app/location/chimney-leaks-repair-in-weymouth-ma/,200,ma,25,2,32,
chimney-leaks-repair-in-worcester-ma,https://chimcare-web.vercel.app/location/chimney-leaks-repair-in-worcester-ma/,200,ma,24,2,37,
chimney-liner-installation-in-cambridge-ma,https://chimcare-web.vercel.app/location/chimney-liner-installation-in-cambridge-ma/,200,ma,23,2,33,
chimney-liner-installation-in-dracut-ma,https://chimcare-web.vercel.app/location/chimney-liner-installation-in-dracut-ma/,200,ma,23,2,51,
chimney-liner-installation-in-lowell-ma,https://chimcare-web.vercel.app/location/chimney-liner-installation-in-lowell-ma/,200,ma,22,2,36,
chimney-liner-installation-in-phoenix-az,https://chimcare-web.vercel.app/location/chimney-liner-installation-in-phoenix-az/,200,az,7,2,47,
chimney-liner-installation-in-springfield-ma,https://chimcare-web.vercel.app/location/chimney-liner-installation-in-springfield-ma/,200,ma,23,2,35,
chimney-liner-installation-in-weymouth-ma,https://chimcare-web.vercel.app/location/chimney-liner-installation-in-weymouth-ma/,200,ma,24,2,37,
chimney-liner-installation-in-worcester-ma,https://chimcare-web.vercel.app/location/chimney-liner-installation-in-worcester-ma/,200,ma,23,2,33,
chimney-liner-repair-in-cambridge-ma,https://chimcare-web.vercel.app/location/chimney-liner-repair-in-cambridge-ma/,200,ma,23,2,39,
chimney-liner-repair-in-dracut-ma,https://chimcare-web.vercel.app/location/chimney-liner-repair-in-dracut-ma/,200,ma,23,2,34,
chimney-liner-repair-in-lowell-ma,https://chimcare-web.vercel.app/location/chimney-liner-repair-in-lowell-ma/,200,ma,22,2,38,
chimney-liner-repair-in-springfield-ma,https://chimcare-web.vercel.app/location/chimney-liner-repair-in-springfield-ma/,200,ma,23,2,31,
chimney-liner-repair-in-weymouth-ma,https://chimcare-web.vercel.app/location/chimney-liner-repair-in-weymouth-ma/,200,ma,24,2,33,
chimney-liner-repair-in-worcester-ma,https://chimcare-web.vercel.app/location/chimney-liner-repair-in-worcester-ma/,200,ma,23,2,43,
chimney-maintenance-in-cambridge-ma,https://chimcare-web.vercel.app/location/chimney-maintenance-in-cambridge-ma/,200,ma,24,2,32,
chimney-maintenance-in-dracut-ma,https://chimcare-web.vercel.app/location/chimney-maintenance-in-dracut-ma/,200,ma,24,2,49,
chimney-maintenance-in-lowell-ma,https://chimcare-web.vercel.app/location/chimney-maintenance-in-lowell-ma/,200,ma,23,2,32,
chimney-maintenance-in-springfield-ma,https://chimcare-web.vercel.app/location/chimney-maintenance-in-springfield-ma/,200,ma,24,2,34,
chimney-maintenance-in-weymouth-ma,https://chimcare-web.vercel.app/location/chimney-maintenance-in-weymouth-ma/,200,ma,25,2,48,
chimney-maintenance-in-worcester-ma,https://chimcare-web.vercel.app/location/chimney-maintenance-in-worcester-ma/,200,ma,24,2,34,
chimney-masonry-repair-in-cambridge-ma,https://chimcare-web.vercel.app/location/chimney-masonry-repair-in-cambridge-ma/,200,ma,24,2,31,
chimney-masonry-repair-in-dracut-ma,https://chimcare-web.vercel.app/location/chimney-masonry-repair-in-dracut-ma/,200,ma,24,2,42,
chimney-masonry-repair-in-leominster-ma,https://chimcare-web.vercel.app/location/chimney-masonry-repair-in-leominster-ma/,200,ma,25,2,51,
chimney-masonry-repair-in-lowell-ma,https://chimcare-web.vercel.app/location/chimney-masonry-repair-in-lowell-ma/,200,ma,23,2,37,
chimney-masonry-repair-in-phoenix-az,https://chimcare-web.vercel.app/location/chimney-masonry-repair-in-phoenix-az/,200,az,8,2,37,
chimney-masonry-repair-in-springfield-ma,https://chimcare-web.vercel.app/location/chimney-masonry-repair-in-springfield-ma/,200,ma,24,2,34,
chimney-masonry-repair-in-weymouth-ma,https://chimcare-web.vercel.app/location/chimney-masonry-repair-in-weymouth-ma/,200,ma,25,2,38,
chimney-masonry-repair-in-worcester-ma,https://chimcare-web.vercel.app/location/chimney-masonry-repair-in-worcester-ma/,200,ma,24,2,33,
chimney-nest-removal-in-cambridge-ma,https://chimcare-web.vercel.app/location/chimney-nest-removal-in-cambridge-ma/,200,ma,23,2,35,
chimney-nest-removal-in-dracut-ma,https://chimcare-web.vercel.app/location/chimney-nest-removal-in-dracut-ma/,200,ma,23,2,33,
chimney-nest-removal-in-leominster-ma,https://chimcare-web.vercel.app/location/chimney-nest-removal-in-leominster-ma/,200,ma,24,2,54,
chimney-nest-removal-in-lowell-ma,https://chimcare-web.vercel.app/location/chimney-nest-removal-in-lowell-ma/,200,ma,22,2,32,
chimney-nest-removal-in-springfield-ma,https://chimcare-web.vercel.app/location/chimney-nest-removal-in-springfield-ma/,200,ma,23,2,32,
chimney-nest-removal-in-weymouth-ma,https://chimcare-web.vercel.app/location/chimney-nest-removal-in-weymouth-ma/,200,ma,24,2,35,
chimney-nest-removal-in-worcester-ma,https://chimcare-web.vercel.app/location/chimney-nest-removal-in-worcester-ma/,200,ma,23,2,37,
chimney-rebuild-in-cambridge-ma,https://chimcare-web.vercel.app/location/chimney-rebuild-in-cambridge-ma/,200,ma,23,2,37,
chimney-rebuild-in-dracut-ma,https://chimcare-web.vercel.app/location/chimney-rebuild-in-dracut-ma/,200,ma,23,2,37,
chimney-rebuild-in-leominster-ma,https://chimcare-web.vercel.app/location/chimney-rebuild-in-leominster-ma/,200,ma,24,2,45,
chimney-rebuild-in-lowell-ma,https://chimcare-web.vercel.app/location/chimney-rebuild-in-lowell-ma/,200,ma,22,2,39,
chimney-rebuild-in-springfield-ma,https://chimcare-web.vercel.app/location/chimney-rebuild-in-springfield-ma/,200,ma,23,2,48,
chimney-rebuild-in-weymouth-ma,https://chimcare-web.vercel.app/location/chimney-rebuild-in-weymouth-ma/,200,ma,24,2,33,
chimney-rebuild-in-worcester-ma,https://chimcare-web.vercel.app/location/chimney-rebuild-in-worcester-ma/,200,ma,23,2,34,
chimney-rebuilding-in-cambridge-ma,https://chimcare-web.vercel.app/location/chimney-rebuilding-in-cambridge-ma/,200,ma,24,2,35,
chimney-rebuilding-in-dracut-ma,https://chimcare-web.vercel.app/location/chimney-rebuilding-in-dracut-ma/,200,ma,24,2,30,
chimney-rebuilding-in-leominster-ma,https://chimcare-web.vercel.app/location/chimney-rebuilding-in-leominster-ma/,200,ma,25,2,57,
chimney-rebuilding-in-lowell-ma,https://chimcare-web.vercel.app/location/chimney-rebuilding-in-lowell-ma/,200,ma,23,2,38,
chimney-rebuilding-in-springfield-ma,https://chimcare-web.vercel.app/location/chimney-rebuilding-in-springfield-ma/,200,ma,24,2,36,
chimney-rebuilding-in-weymouth-ma,https://chimcare-web.vercel.app/location/chimney-rebuilding-in-weymouth-ma/,200,ma,25,2,33,
chimney-rebuilding-in-worcester-ma,https://chimcare-web.vercel.app/location/chimney-rebuilding-in-worcester-ma/,200,ma,24,2,33,
chimney-rebuilds-in-phoenix-az,https://chimcare-web.vercel.app/location/chimney-rebuilds-in-phoenix-az/,200,az,8,2,37,
chimney-relining-in-cambridge-ma,https://chimcare-web.vercel.app/location/chimney-relining-in-cambridge-ma/,200,ma,23,2,38,
chimney-relining-in-dracut-ma,https://chimcare-web.vercel.app/location/chimney-relining-in-dracut-ma/,200,ma,23,2,33,
chimney-relining-in-leominster-ma,https://chimcare-web.vercel.app/location/chimney-relining-in-leominster-ma/,200,ma,24,2,49,
chimney-relining-in-lowell-ma,https://chimcare-web.vercel.app/location/chimney-relining-in-lowell-ma/,200,ma,22,2,33,
chimney-relining-in-springfield-ma,https://chimcare-web.vercel.app/location/chimney-relining-in-springfield-ma/,200,ma,23,2,33,
chimney-relining-in-weymouth-ma,https://chimcare-web.vercel.app/location/chimney-relining-in-weymouth-ma/,200,ma,24,2,33,
chimney-relining-in-worcester-ma,https://chimcare-web.vercel.app/location/chimney-relining-in-worcester-ma/,200,ma,23,2,35,
chimney-repair-in-cambridge-ma,https://chimcare-web.vercel.app/location/chimney-repair-in-cambridge-ma/,200,ma,23,2,33,
chimney-repair-in-dracut-ma,https://chimcare-web.vercel.app/location/chimney-repair-in-dracut-ma/,200,ma,23,2,31,
chimney-repair-in-leominster-ma,https://chimcare-web.vercel.app/location/chimney-repair-in-leominster-ma/,200,ma,24,2,56,
chimney-repair-in-phoenix-az,https://chimcare-web.vercel.app/location/chimney-repair-in-phoenix-az/,200,az,7,2,33,
chimney-repair-in-springfield-ma,https://chimcare-web.vercel.app/location/chimney-repair-in-springfield-ma/,200,ma,23,2,36,
chimney-repair-in-weymouth-ma,https://chimcare-web.vercel.app/location/chimney-repair-in-weymouth-ma/,200,ma,24,2,33,
chimney-repair-in-worcester-ma,https://chimcare-web.vercel.app/location/chimney-repair-in-worcester-ma/,200,ma,23,2,37,
chimney-repair-reconstruction-in-cambridge-ma,https://chimcare-web.vercel.app/location/chimney-repair-reconstruction-in-cambridge-ma/,200,ma,24,2,32,
chimney-repair-reconstruction-in-dracut-ma,https://chimcare-web.vercel.app/location/chimney-repair-reconstruction-in-dracut-ma/,200,ma,24,2,35,
chimney-repair-reconstruction-in-leominster-ma,https://chimcare-web.vercel.app/location/chimney-repair-reconstruction-in-leominster-ma/,200,ma,25,2,51,
chimney-repair-reconstruction-in-lowell-ma,https://chimcare-web.vercel.app/location/chimney-repair-reconstruction-in-lowell-ma/,200,ma,23,2,37,
chimney-repair-reconstruction-in-springfield-ma,https://chimcare-web.vercel.app/location/chimney-repair-reconstruction-in-springfield-ma/,200,ma,24,2,35,
chimney-repair-reconstruction-in-weymouth-ma,https://chimcare-web.vercel.app/location/chimney-repair-reconstruction-in-weymouth-ma/,200,ma,25,2,31,
chimney-repair-reconstruction-in-worcester-ma,https://chimcare-web.vercel.app/location/chimney-repair-reconstruction-in-worcester-ma/,200,ma,24,2,44,
chimney-restoration-in-cambridge-ma,https://chimcare-web.vercel.app/location/chimney-restoration-in-cambridge-ma/,200,ma,24,2,37,
chimney-restoration-in-dracut-ma,https://chimcare-web.vercel.app/location/chimney-restoration-in-dracut-ma/,200,ma,24,2,37,
chimney-restoration-in-leominster-ma,https://chimcare-web.vercel.app/location/chimney-restoration-in-leominster-ma/,200,ma,25,2,46,
chimney-restoration-in-lowell-ma,https://chimcare-web.vercel.app/location/chimney-restoration-in-lowell-ma/,200,ma,23,2,36,
chimney-restoration-in-springfield-ma,https://chimcare-web.vercel.app/location/chimney-restoration-in-springfield-ma/,200,ma,24,2,33,
chimney-restoration-in-weymouth-ma,https://chimcare-web.vercel.app/location/chimney-restoration-in-weymouth-ma/,200,ma,25,2,30,
chimney-restoration-in-worcester-ma,https://chimcare-web.vercel.app/location/chimney-restoration-in-worcester-ma/,200,ma,24,2,41,
chimney-siding-repair-in-cambridge-ma,https://chimcare-web.vercel.app/location/chimney-siding-repair-in-cambridge-ma/,200,ma,23,2,39,
chimney-siding-repair-in-dracut-ma,https://chimcare-web.vercel.app/location/chimney-siding-repair-in-dracut-ma/,200,ma,23,2,36,
chimney-siding-repair-in-leominster-ma,https://chimcare-web.vercel.app/location/chimney-siding-repair-in-leominster-ma/,200,ma,24,2,53,
chimney-siding-repair-in-lowell-ma,https://chimcare-web.vercel.app/location/chimney-siding-repair-in-lowell-ma/,200,ma,22,2,33,
chimney-siding-repair-in-springfield-ma,https://chimcare-web.vercel.app/location/chimney-siding-repair-in-springfield-ma/,200,ma,23,2,34,
chimney-siding-repair-in-weymouth-ma,https://chimcare-web.vercel.app/location/chimney-siding-repair-in-weymouth-ma/,200,ma,24,2,32,
chimney-siding-repair-in-worcester-ma,https://chimcare-web.vercel.app/location/chimney-siding-repair-in-worcester-ma/,200,ma,23,2,37,
chimney-siding-replace-in-cambridge-ma,https://chimcare-web.vercel.app/location/chimney-siding-replace-in-cambridge-ma/,200,ma,24,2,40,
chimney-siding-replace-in-dracut-ma,https://chimcare-web.vercel.app/location/chimney-siding-replace-in-dracut-ma/,200,ma,24,2,32,
chimney-siding-replace-in-leominster-ma,https://chimcare-web.vercel.app/location/chimney-siding-replace-in-leominster-ma/,200,ma,25,2,52,
chimney-siding-replace-in-lowell-ma,https://chimcare-web.vercel.app/location/chimney-siding-replace-in-lowell-ma/,200,ma,23,2,32,
chimney-siding-replace-in-springfield-ma,https://chimcare-web.vercel.app/location/chimney-siding-replace-in-springfield-ma/,200,ma,24,2,39,
chimney-siding-replace-in-weymouth-ma,https://chimcare-web.vercel.app/location/chimney-siding-replace-in-weymouth-ma/,200,ma,25,2,35,
chimney-siding-replace-in-worcester-ma,https://chimcare-web.vercel.app/location/chimney-siding-replace-in-worcester-ma/,200,ma,24,2,31,
chimney-sweep-fireplace-in-apple-valley-mn,https://chimcare-web.vercel.app/location/chimney-sweep-fireplace-in-apple-valley-mn/,200,mn,89,2,203,
chimney-sweep-fireplace-in-eagan-mn,https://chimcare-web.vercel.app/location/chimney-sweep-fireplace-in-eagan-mn/,200,mn,88,2,195,
chimney-sweep-fireplace-in-eden-prairie-mn,https://chimcare-web.vercel.app/location/chimney-sweep-fireplace-in-eden-prairie-mn/,200,mn,92,2,203,
chimney-sweep-fireplace-in-edina-mn,https://chimcare-web.vercel.app/location/chimney-sweep-fireplace-in-edina-mn/,200,mn,90,2,203,
chimney-sweep-fireplace-in-lake-elmo-mn,https://chimcare-web.vercel.app/location/chimney-sweep-fireplace-in-lake-elmo-mn/,200,mn,84,2,203,
chimney-sweep-fireplace-in-lakeville-mn,https://chimcare-web.vercel.app/location/chimney-sweep-fireplace-in-lakeville-mn/,200,mn,91,2,203,
chimney-sweep-fireplace-in-maple-grove-mn,https://chimcare-web.vercel.app/location/chimney-sweep-fireplace-in-maple-grove-mn/,200,mn,89,2,203,
chimney-sweep-fireplace-in-maplewood-mn,https://chimcare-web.vercel.app/location/chimney-sweep-fireplace-in-maplewood-mn/,200,mn,90,2,203,
chimney-sweep-fireplace-in-minneapolis-mn,https://chimcare-web.vercel.app/location/chimney-sweep-fireplace-in-minneapolis-mn/,200,mn,87,2,203,
chimney-sweep-fireplace-in-north-minneapolis-mn,https://chimcare-web.vercel.app/location/chimney-sweep-fireplace-in-north-minneapolis-mn/,200,mn,92,2,203,
chimney-sweep-fireplace-in-south-minneapolis-mn,https://chimcare-web.vercel.app/location/chimney-sweep-fireplace-in-south-minneapolis-mn/,200,mn,92,2,191,
chimney-sweep-fireplace-in-st-paul-mn,https://chimcare-web.vercel.app/location/chimney-sweep-fireplace-in-st-paul-mn/,200,mn,91,2,203,
chimney-sweep-fireplace-in-wayzata-mn,https://chimcare-web.vercel.app/location/chimney-sweep-fireplace-in-wayzata-mn/,200,mn,92,2,185,
chimney-sweep-fireplace-in-west-minneapolis-mn,https://chimcare-web.vercel.app/location/chimney-sweep-fireplace-in-west-minneapolis-mn/,200,mn,83,2,187,
chimney-sweep-fireplace-services-in-akron-oh,https://chimcare-web.vercel.app/location/chimney-sweep-fireplace-services-in-akron-oh/,200,oh,24,2,281,
chimney-sweep-fireplace-services-in-alpharetta-ga,https://chimcare-web.vercel.app/location/chimney-sweep-fireplace-services-in-alpharetta-ga/,200,ga,24,2,265,
chimney-sweep-fireplace-services-in-atlanta-ga,https://chimcare-web.vercel.app/location/chimney-sweep-fireplace-services-in-atlanta-ga/,200,ga,24,2,283,
chimney-sweep-fireplace-services-in-beachwood-oh,https://chimcare-web.vercel.app/location/chimney-sweep-fireplace-services-in-beachwood-oh/,200,oh,25,2,279,
chimney-sweep-fireplace-services-in-brookfield-wi,https://chimcare-web.vercel.app/location/chimney-sweep-fireplace-services-in-brookfield-wi/,200,wi,0,2,77,
chimney-sweep-fireplace-services-in-burr-ridge-il,https://chimcare-web.vercel.app/location/chimney-sweep-fireplace-services-in-burr-ridge-il/,200,il,92,2,84,
chimney-sweep-fireplace-services-in-central-cleveland-oh,https://chimcare-web.vercel.app/location/chimney-sweep-fireplace-services-in-central-cleveland-oh/,200,oh,0,2,281,
chimney-sweep-fireplace-services-in-chicago-il,https://chimcare-web.vercel.app/location/chimney-sweep-fireplace-services-in-chicago-il/,200,il,92,2,97,
chimney-sweep-fireplace-services-in-columbus-oh,https://chimcare-web.vercel.app/location/chimney-sweep-fireplace-services-in-columbus-oh/,200,oh,25,2,281,
chimney-sweep-fireplace-services-in-cumming-ga,https://chimcare-web.vercel.app/location/chimney-sweep-fireplace-services-in-cumming-ga/,200,ga,0,1,93,
chimney-sweep-fireplace-services-in-decatur-ga,https://chimcare-web.vercel.app/location/chimney-sweep-fireplace-services-in-decatur-ga/,200,ga,24,2,283,
chimney-sweep-fireplace-services-in-dublin-oh,https://chimcare-web.vercel.app/location/chimney-sweep-fireplace-services-in-dublin-oh/,200,oh,25,2,283,
chimney-sweep-fireplace-services-in-eastham-ma,https://chimcare-web.vercel.app/location/chimney-sweep-fireplace-services-in-eastham-ma/,200,ma,0,2,93,
chimney-sweep-fireplace-services-in-glenview-il,https://chimcare-web.vercel.app/location/chimney-sweep-fireplace-services-in-glenview-il/,200,il,92,3,93,
chimney-sweep-fireplace-services-in-hoffman-estates-il,https://chimcare-web.vercel.app/location/chimney-sweep-fireplace-services-in-hoffman-estates-il/,200,il,92,3,84,
chimney-sweep-fireplace-services-in-independence-oh,https://chimcare-web.vercel.app/location/chimney-sweep-fireplace-services-in-independence-oh/,200,oh,23,2,281,
chimney-sweep-fireplace-services-in-kennesaw-ga,https://chimcare-web.vercel.app/location/chimney-sweep-fireplace-services-in-kennesaw-ga/,200,ga,25,2,265,
chimney-sweep-fireplace-services-in-lake-forest-il,https://chimcare-web.vercel.app/location/chimney-sweep-fireplace-services-in-lake-forest-il/,200,il,92,2,85,
chimney-sweep-fireplace-services-in-lawrenceville-ga,https://chimcare-web.vercel.app/location/chimney-sweep-fireplace-services-in-lawrenceville-ga/,200,ga,24,2,277,
chimney-sweep-fireplace-services-in-lee-ma,https://chimcare-web.vercel.app/location/chimney-sweep-fireplace-services-in-lee-ma/,200,ma,0,2,82,
chimney-sweep-fireplace-services-in-marietta-ga,https://chimcare-web.vercel.app/location/chimney-sweep-fireplace-services-in-marietta-ga/,200,ga,24,2,273,
chimney-sweep-fireplace-services-in-milwaukee-wi,https://chimcare-web.vercel.app/location/chimney-sweep-fireplace-services-in-milwaukee-wi/,200,wi,0,2,89,
chimney-sweep-fireplace-services-in-naperville-il,https://chimcare-web.vercel.app/location/chimney-sweep-fireplace-services-in-naperville-il/,200,il,92,2,87,
chimney-sweep-fireplace-services-in-ne-atlanta-ga,https://chimcare-web.vercel.app/location/chimney-sweep-fireplace-services-in-ne-atlanta-ga/,200,ga,0,2,95,
chimney-sweep-fireplace-services-in-norcross-ga,https://chimcare-web.vercel.app/location/chimney-sweep-fireplace-services-in-norcross-ga/,200,ga,25,2,265,
chimney-sweep-fireplace-services-in-north-atlanta-ga,https://chimcare-web.vercel.app/location/chimney-sweep-fireplace-services-in-north-atlanta-ga/,200,ga,0,2,75,
chimney-sweep-fireplace-services-in-northbrook-il,https://chimcare-web.vercel.app/location/chimney-sweep-fireplace-services-in-northbrook-il/,200,il,82,2,79,
chimney-sweep-fireplace-services-in-northeast-columbus-oh,https://chimcare-web.vercel.app/location/chimney-sweep-fireplace-services-in-northeast-columbus-oh/,200,oh,0,2,90,
chimney-sweep-fireplace-services-in-northeast-milwaukee-wi,https://chimcare-web.vercel.app/location/chimney-sweep-fireplace-services-in-northeast-milwaukee-wi/,200,wi,0,2,87,
chimney-sweep-fireplace-services-in-northwest-milwaukee-wi,https://chimcare-web.vercel.app/location/chimney-sweep-fireplace-services-in-northwest-milwaukee-wi/,200,wi,0,2,74,
chimney-sweep-fireplace-services-in-oak-brook-il,https://chimcare-web.vercel.app/location/chimney-sweep-fireplace-services-in-oak-brook-il/,200,il,0,2,82,
chimney-sweep-fireplace-services-in-oak-park-il,https://chimcare-web.vercel.app/location/chimney-sweep-fireplace-services-in-oak-park-il/,200,il,82,2,99,
chimney-sweep-fireplace-services-in-schaumburg-il,https://chimcare-web.vercel.app/location/chimney-sweep-fireplace-services-in-schaumburg-il/,200,il,80,2,96,
chimney-sweep-fireplace-services-in-skokie-il,https://chimcare-web.vercel.app/location/chimney-sweep-fireplace-services-in-skokie-il/,200,il,78,2,89,
chimney-sweep-fireplace-services-in-southwest-cleveland-oh,https://chimcare-web.vercel.app/location/chimney-sweep-fireplace-services-in-southwest-cleveland-oh/,200,oh,0,2,88,
chimney-sweep-fireplace-services-in-southwest-milwaukee-wi,https://chimcare-web.vercel.app/location/chimney-sweep-fireplace-services-in-southwest-milwaukee-wi/,200,wi,0,2,95,
chimney-sweep-fireplace-services-in-st-charles-il,https://chimcare-web.vercel.app/location/chimney-sweep-fireplace-services-in-st-charles-il/,200,il,82,2,92,
chimney-sweep-fireplace-services-in-vernon-hills-il,https://chimcare-web.vercel.app/location/chimney-sweep-fireplace-services-in-vernon-hills-il/,200,il,83,2,93,
chimney-sweep-fireplace-services-in-west-columbus-oh,https://chimcare-web.vercel.app/location/chimney-sweep-fireplace-services-in-west-columbus-oh/,200,oh,0,2,86,
chimney-sweep-fireplace-services-in-westerville-oh,https://chimcare-web.vercel.app/location/chimney-sweep-fireplace-services-in-westerville-oh/,200,oh,24,2,285,
chimney-sweep-fireplace-services-in-westlake-oh,https://chimcare-web.vercel.app/location/chimney-sweep-fireplace-services-in-westlake-oh/,200,oh,23,2,283,
chimney-sweep-fireplace-services-in-westmont-il,https://chimcare-web.vercel.app/location/chimney-sweep-fireplace-services-in-westmont-il/,200,il,82,2,91,
chimney-sweep-fireplace-services-in-wheaton-il,https://chimcare-web.vercel.app/location/chimney-sweep-fireplace-services-in-wheaton-il/,200,il,92,2,76,
chimney-sweep-in-leominster-ma,https://chimcare-web.vercel.app/location/chimney-sweep-in-leominster-ma/,200,ma,24,2,49,
chimney-sweep-in-weymouth-ma,https://chimcare-web.vercel.app/location/chimney-sweep-in-weymouth-ma/,200,ma,24,2,31,
chimney-sweep-near-me-in-cambridge-ma,https://chimcare-web.vercel.app/location/chimney-sweep-near-me-in-cambridge-ma/,200,ma,24,2,32,
chimney-sweep-near-me-in-dracut-ma,https://chimcare-web.vercel.app/location/chimney-sweep-near-me-in-dracut-ma/,200,ma,24,2,33,
chimney-sweep-near-me-in-leominster-ma,https://chimcare-web.vercel.app/location/chimney-sweep-near-me-in-leominster-ma/,200,ma,25,2,55,
chimney-sweep-near-me-in-lowell-ma,https://chimcare-web.vercel.app/location/chimney-sweep-near-me-in-lowell-ma/,200,ma,23,2,31,
chimney-sweep-near-me-in-springfield-ma,https://chimcare-web.vercel.app/location/chimney-sweep-near-me-in-springfield-ma/,200,ma,24,2,30,
chimney-sweep-near-me-in-weymouth-ma,https://chimcare-web.vercel.app/location/chimney-sweep-near-me-in-weymouth-ma/,200,ma,25,2,42,
chimney-sweep-near-me-in-worcester-ma,https://chimcare-web.vercel.app/location/chimney-sweep-near-me-in-worcester-ma/,200,ma,24,2,36,
chimney-sweep-repair-in-boston-ma,https://chimcare-web.vercel.app/location/chimney-sweep-repair-in-boston-ma/,200,ma,0,2,95,
chimney-sweep-repair-in-brookline-ma,https://chimcare-web.vercel.app/location/chimney-sweep-repair-in-brookline-ma/,200,ma,24,2,71,
chimney-sweep-repair-in-cambridge-ma,https://chimcare-web.vercel.app/location/chimney-sweep-repair-in-cambridge-ma/,200,ma,24,2,87,
chimney-sweep-repair-in-cambridge-ma-2,https://chimcare-web.vercel.app/location/chimney-sweep-repair-in-cambridge-ma-2/,200,-2,0,2,36,
chimney-sweep-repair-in-cambridge-ma-3,https://chimcare-web.vercel.app/location/chimney-sweep-repair-in-cambridge-ma-3/,200,-3,0,2,35,
chimney-sweep-repair-in-dracut-ma,https://chimcare-web.vercel.app/location/chimney-sweep-repair-in-dracut-ma/,200,ma,24,2,32,
chimney-sweep-repair-in-leominster-ma,https://chimcare-web.vercel.app/location/chimney-sweep-repair-in-leominster-ma/,200,ma,25,2,50,
chimney-sweep-repair-in-lowell-ma,https://chimcare-web.vercel.app/location/chimney-sweep-repair-in-lowell-ma/,200,ma,23,2,31,
chimney-sweep-repair-in-mesa-az-2,https://chimcare-web.vercel.app/location/chimney-sweep-repair-in-mesa-az-2/,200,-2,0,2,272,
chimney-sweep-repair-in-milton-ma,https://chimcare-web.vercel.app/location/chimney-sweep-repair-in-milton-ma/,200,ma,24,2,79,
chimney-sweep-repair-in-newton-ma,https://chimcare-web.vercel.app/location/chimney-sweep-repair-in-newton-ma/,200,ma,24,2,88,
chimney-sweep-repair-in-peabody-ma,https://chimcare-web.vercel.app/location/chimney-sweep-repair-in-peabody-ma/,200,ma,25,2,92,
chimney-sweep-repair-in-phoenix-az,https://chimcare-web.vercel.app/location/chimney-sweep-repair-in-phoenix-az/,200,az,8,2,33,
chimney-sweep-repair-in-phoenix-az-2,https://chimcare-web.vercel.app/location/chimney-sweep-repair-in-phoenix-az-2/,200,-2,0,2,48,
chimney-sweep-repair-in-springfield-ma,https://chimcare-web.vercel.app/location/chimney-sweep-repair-in-springfield-ma/,200,ma,24,2,32,
chimney-sweep-repair-in-springfield-ma-2,https://chimcare-web.vercel.app/location/chimney-sweep-repair-in-springfield-ma-2/,200,-2,0,2,33,
chimney-sweep-repair-in-weymouth-ma,https://chimcare-web.vercel.app/location/chimney-sweep-repair-in-weymouth-ma/,200,ma,25,2,34,
chimney-sweep-repair-in-worcester-ma,https://chimcare-web.vercel.app/location/chimney-sweep-repair-in-worcester-ma/,200,ma,24,2,35,
chimney-sweep-repair-in-worcester-ma-2,https://chimcare-web.vercel.app/location/chimney-sweep-repair-in-worcester-ma-2/,200,-2,0,2,37,
chimney-sweep-services-in-cambridge-ma,https://chimcare-web.vercel.app/location/chimney-sweep-services-in-cambridge-ma/,200,ma,24,2,34,
chimney-sweep-services-in-dracut-ma,https://chimcare-web.vercel.app/location/chimney-sweep-services-in-dracut-ma/,200,ma,24,2,32,
chimney-sweep-services-in-leominster-ma,https://chimcare-web.vercel.app/location/chimney-sweep-services-in-leominster-ma/,200,ma,25,2,55,
chimney-sweep-services-in-lowell-ma,https://chimcare-web.vercel.app/location/chimney-sweep-services-in-lowell-ma/,200,ma,23,2,31,
chimney-sweep-services-in-springfield-ma,https://chimcare-web.vercel.app/location/chimney-sweep-services-in-springfield-ma/,200,ma,24,2,33,
chimney-sweep-services-in-weymouth-ma,https://chimcare-web.vercel.app/location/chimney-sweep-services-in-weymouth-ma/,200,ma,25,2,33,
chimney-sweep-services-in-worcester-ma,https://chimcare-web.vercel.app/location/chimney-sweep-services-in-worcester-ma/,200,ma,24,2,34,
chimney-tuckpointing-in-cambridge-ma,https://chimcare-web.vercel.app/location/chimney-tuckpointing-in-cambridge-ma/,200,ma,23,2,38,
chimney-tuckpointing-in-dracut-ma,https://chimcare-web.vercel.app/location/chimney-tuckpointing-in-dracut-ma/,200,ma,23,2,32,
chimney-tuckpointing-in-leominster-ma,https://chimcare-web.vercel.app/location/chimney-tuckpointing-in-leominster-ma/,200,ma,24,2,52,
chimney-tuckpointing-in-lowell-ma,https://chimcare-web.vercel.app/location/chimney-tuckpointing-in-lowell-ma/,200,ma,22,2,47,
chimney-tuckpointing-in-springfield-ma,https://chimcare-web.vercel.app/location/chimney-tuckpointing-in-springfield-ma/,200,ma,23,2,37,
chimney-tuckpointing-in-weymouth-ma,https://chimcare-web.vercel.app/location/chimney-tuckpointing-in-weymouth-ma/,200,ma,24,2,39,
chimney-tuckpointing-in-worcester-ma,https://chimcare-web.vercel.app/location/chimney-tuckpointing-in-worcester-ma/,200,ma,23,2,37,
chimney-vent-installation-in-cambridge-ma,https://chimcare-web.vercel.app/location/chimney-vent-installation-in-cambridge-ma/,200,ma,23,2,47,
chimney-vent-installation-in-dracut-ma,https://chimcare-web.vercel.app/location/chimney-vent-installation-in-dracut-ma/,200,ma,23,2,47,
chimney-vent-installation-in-leominster-ma,https://chimcare-web.vercel.app/location/chimney-vent-installation-in-leominster-ma/,200,ma,24,2,55,
chimney-vent-installation-in-lowell-ma,https://chimcare-web.vercel.app/location/chimney-vent-installation-in-lowell-ma/,200,ma,22,2,38,
chimney-vent-installation-in-springfield-ma,https://chimcare-web.vercel.app/location/chimney-vent-installation-in-springfield-ma/,200,ma,23,2,33,
chimney-vent-installation-in-weymouth-ma,https://chimcare-web.vercel.app/location/chimney-vent-installation-in-weymouth-ma/,200,ma,24,2,33,
chimney-vent-installation-in-worcester-ma,https://chimcare-web.vercel.app/location/chimney-vent-installation-in-worcester-ma/,200,ma,23,2,36,
cleaning-sweeping-in-cambridge-ma,https://chimcare-web.vercel.app/location/cleaning-sweeping-in-cambridge-ma/,200,ma,24,2,36,
cleaning-sweeping-in-dracut-ma,https://chimcare-web.vercel.app/location/cleaning-sweeping-in-dracut-ma/,200,ma,24,2,32,
cleaning-sweeping-in-lowell-ma,https://chimcare-web.vercel.app/location/cleaning-sweeping-in-lowell-ma/,200,ma,23,2,38,
cleaning-sweeping-in-springfield-ma,https://chimcare-web.vercel.app/location/cleaning-sweeping-in-springfield-ma/,200,ma,24,2,35,
cleaning-sweeping-in-weymouth-ma,https://chimcare-web.vercel.app/location/cleaning-sweeping-in-weymouth-ma/,200,ma,25,2,33,
cleaning-sweeping-in-worcester-ma,https://chimcare-web.vercel.app/location/cleaning-sweeping-in-worcester-ma/,200,ma,24,2,34,
commercial-air-duct-cleaning-in-phoenix-az,https://chimcare-web.vercel.app/location/commercial-air-duct-cleaning-in-phoenix-az/,200,az,8,2,37,
commercial-bbq-smoker-cleaning-service-in-cambridge-ma,https://chimcare-web.vercel.app/location/commercial-bbq-smoker-cleaning-service-in-cambridge-ma/,200,ma,24,2,35,
commercial-bbq-smoker-cleaning-service-in-dracut-ma,https://chimcare-web.vercel.app/location/commercial-bbq-smoker-cleaning-service-in-dracut-ma/,200,ma,24,2,33,
commercial-bbq-smoker-cleaning-service-in-leominster-ma,https://chimcare-web.vercel.app/location/commercial-bbq-smoker-cleaning-service-in-leominster-ma/,200,ma,25,2,52,
commercial-bbq-smoker-cleaning-service-in-lowell-ma,https://chimcare-web.vercel.app/location/commercial-bbq-smoker-cleaning-service-in-lowell-ma/,200,ma,23,2,35,
commercial-bbq-smoker-cleaning-service-in-springfield-ma,https://chimcare-web.vercel.app/location/commercial-bbq-smoker-cleaning-service-in-springfield-ma/,200,ma,24,2,36,
commercial-bbq-smoker-cleaning-service-in-weymouth-ma,https://chimcare-web.vercel.app/location/commercial-bbq-smoker-cleaning-service-in-weymouth-ma/,200,ma,25,2,36,
commercial-bbq-smoker-cleaning-service-in-worcester-ma,https://chimcare-web.vercel.app/location/commercial-bbq-smoker-cleaning-service-in-worcester-ma/,200,ma,24,2,37,
commercial-pizza-oven-cleaning-service-in-cambridge-ma,https://chimcare-web.vercel.app/location/commercial-pizza-oven-cleaning-service-in-cambridge-ma/,200,ma,24,2,33,
commercial-pizza-oven-cleaning-service-in-dracut-ma,https://chimcare-web.vercel.app/location/commercial-pizza-oven-cleaning-service-in-dracut-ma/,200,ma,24,2,36,
commercial-pizza-oven-cleaning-service-in-leominster-ma,https://chimcare-web.vercel.app/location/commercial-pizza-oven-cleaning-service-in-leominster-ma/,200,ma,25,2,52,
commercial-pizza-oven-cleaning-service-in-lowell-ma,https://chimcare-web.vercel.app/location/commercial-pizza-oven-cleaning-service-in-lowell-ma/,200,ma,23,2,37,
commercial-pizza-oven-cleaning-service-in-springfield-ma,https://chimcare-web.vercel.app/location/commercial-pizza-oven-cleaning-service-in-springfield-ma/,200,ma,24,2,33,
commercial-pizza-oven-cleaning-service-in-weymouth-ma,https://chimcare-web.vercel.app/location/commercial-pizza-oven-cleaning-service-in-weymouth-ma/,200,ma,25,2,34,
commercial-pizza-oven-cleaning-service-in-worcester-ma,https://chimcare-web.vercel.app/location/commercial-pizza-oven-cleaning-service-in-worcester-ma/,200,ma,24,2,34,
custom-chimney-caps-in-cambridge-ma,https://chimcare-web.vercel.app/location/custom-chimney-caps-in-cambridge-ma/,200,ma,24,2,36,
custom-chimney-caps-in-dracut-ma,https://chimcare-web.vercel.app/location/custom-chimney-caps-in-dracut-ma/,200,ma,24,2,38,
custom-chimney-caps-in-leominster-ma,https://chimcare-web.vercel.app/location/custom-chimney-caps-in-leominster-ma/,200,ma,25,2,52,
custom-chimney-caps-in-lowell-ma,https://chimcare-web.vercel.app/location/custom-chimney-caps-in-lowell-ma/,200,ma,23,2,40,
custom-chimney-caps-in-springfield-ma,https://chimcare-web.vercel.app/location/custom-chimney-caps-in-springfield-ma/,200,ma,24,2,35,
custom-chimney-caps-in-weymouth-ma,https://chimcare-web.vercel.app/location/custom-chimney-caps-in-weymouth-ma/,200,ma,25,2,36,
custom-chimney-caps-in-worcester-ma,https://chimcare-web.vercel.app/location/custom-chimney-caps-in-worcester-ma/,200,ma,24,2,38,
damaged-chimneys-repair-in-cambridge-ma,https://chimcare-web.vercel.app/location/damaged-chimneys-repair-in-cambridge-ma/,200,ma,24,2,33,
damaged-chimneys-repair-in-dracut-ma,https://chimcare-web.vercel.app/location/damaged-chimneys-repair-in-dracut-ma/,200,ma,24,2,37,
damaged-chimneys-repair-in-leominster-ma,https://chimcare-web.vercel.app/location/damaged-chimneys-repair-in-leominster-ma/,200,ma,25,2,53,
damaged-chimneys-repair-in-lowell-ma,https://chimcare-web.vercel.app/location/damaged-chimneys-repair-in-lowell-ma/,200,ma,23,2,40,
damaged-chimneys-repair-in-springfield-ma,https://chimcare-web.vercel.app/location/damaged-chimneys-repair-in-springfield-ma/,200,ma,24,2,32,
damaged-chimneys-repair-in-weymouth-ma,https://chimcare-web.vercel.app/location/damaged-chimneys-repair-in-weymouth-ma/,200,ma,25,2,32,
damaged-chimneys-repair-in-worcester-ma,https://chimcare-web.vercel.app/location/damaged-chimneys-repair-in-worcester-ma/,200,ma,24,2,38,
downdraft-repair-in-cambridge-ma,https://chimcare-web.vercel.app/location/downdraft-repair-in-cambridge-ma/,200,ma,24,2,35,
downdraft-repair-in-dracut-ma,https://chimcare-web.vercel.app/location/downdraft-repair-in-dracut-ma/,200,ma,24,2,35,
downdraft-repair-in-leominster-ma,https://chimcare-web.vercel.app/location/downdraft-repair-in-leominster-ma/,200,ma,25,2,51,
downdraft-repair-in-lowell-ma,https://chimcare-web.vercel.app/location/downdraft-repair-in-lowell-ma/,200,ma,23,2,37,
downdraft-repair-in-springfield-ma,https://chimcare-web.vercel.app/location/downdraft-repair-in-springfield-ma/,200,ma,24,2,34,
downdraft-repair-in-weymouth-ma,https://chimcare-web.vercel.app/location/downdraft-repair-in-weymouth-ma/,200,ma,25,2,42,
downdraft-repair-in-worcester-ma,https://chimcare-web.vercel.app/location/downdraft-repair-in-worcester-ma/,200,ma,24,2,34,
dryer-duct-cleaning-in-cambridge-ma,https://chimcare-web.vercel.app/location/dryer-duct-cleaning-in-cambridge-ma/,200,ma,24,2,35,
dryer-duct-cleaning-in-dracut-ma,https://chimcare-web.vercel.app/location/dryer-duct-cleaning-in-dracut-ma/,200,ma,24,2,43,
dryer-duct-cleaning-in-leominster-ma,https://chimcare-web.vercel.app/location/dryer-duct-cleaning-in-leominster-ma/,200,ma,25,2,53,
dryer-duct-cleaning-in-lowell-ma,https://chimcare-web.vercel.app/location/dryer-duct-cleaning-in-lowell-ma/,200,ma,23,2,33,
dryer-duct-cleaning-in-phoenix-az,https://chimcare-web.vercel.app/location/dryer-duct-cleaning-in-phoenix-az/,200,az,8,2,31,
dryer-duct-cleaning-in-springfield-ma,https://chimcare-web.vercel.app/location/dryer-duct-cleaning-in-springfield-ma/,200,ma,24,2,37,
dryer-duct-cleaning-in-weymouth-ma,https://chimcare-web.vercel.app/location/dryer-duct-cleaning-in-weymouth-ma/,200,ma,25,2,33,
dryer-duct-cleaning-in-worcester-ma,https://chimcare-web.vercel.app/location/dryer-duct-cleaning-in-worcester-ma/,200,ma,24,2,30,
dryer-vent-cleaning-in-cambridge-ma,https://chimcare-web.vercel.app/location/dryer-vent-cleaning-in-cambridge-ma/,200,ma,23,2,31,
dryer-vent-cleaning-in-dracut-ma,https://chimcare-web.vercel.app/location/dryer-vent-cleaning-in-dracut-ma/,200,ma,23,2,32,
dryer-vent-cleaning-in-leominster-ma,https://chimcare-web.vercel.app/location/dryer-vent-cleaning-in-leominster-ma/,200,ma,24,2,53,
dryer-vent-cleaning-in-lowell-ma,https://chimcare-web.vercel.app/location/dryer-vent-cleaning-in-lowell-ma/,200,ma,22,2,40,
dryer-vent-cleaning-in-phoenix-az,https://chimcare-web.vercel.app/location/dryer-vent-cleaning-in-phoenix-az/,200,az,7,2,34,
dryer-vent-cleaning-in-springfield-ma,https://chimcare-web.vercel.app/location/dryer-vent-cleaning-in-springfield-ma/,200,ma,23,2,33,
dryer-vent-cleaning-in-weymouth-ma,https://chimcare-web.vercel.app/location/dryer-vent-cleaning-in-weymouth-ma/,200,ma,24,2,30,
dryer-vent-cleaning-in-worcester-ma,https://chimcare-web.vercel.app/location/dryer-vent-cleaning-in-worcester-ma/,200,ma,23,2,39,
duct-cleaning-in-cambridge-ma,https://chimcare-web.vercel.app/location/duct-cleaning-in-cambridge-ma/,200,ma,24,2,37,
duct-cleaning-in-cambridge-ma-2,https://chimcare-web.vercel.app/location/duct-cleaning-in-cambridge-ma-2/,200,-2,0,2,34,
duct-cleaning-in-dracut-ma,https://chimcare-web.vercel.app/location/duct-cleaning-in-dracut-ma/,200,ma,24,2,33,
duct-cleaning-in-dracut-ma-2,https://chimcare-web.vercel.app/location/duct-cleaning-in-dracut-ma-2/,200,-2,0,2,29,
duct-cleaning-in-leominster-ma,https://chimcare-web.vercel.app/location/duct-cleaning-in-leominster-ma/,200,ma,25,2,56,
duct-cleaning-in-leominster-ma-2,https://chimcare-web.vercel.app/location/duct-cleaning-in-leominster-ma-2/,200,-2,0,2,46,
duct-cleaning-in-lowell-ma,https://chimcare-web.vercel.app/location/duct-cleaning-in-lowell-ma/,200,ma,23,2,32,
duct-cleaning-in-lowell-ma-2,https://chimcare-web.vercel.app/location/duct-cleaning-in-lowell-ma-2/,200,-2,0,2,36,
duct-cleaning-in-phoenix-az,https://chimcare-web.vercel.app/location/duct-cleaning-in-phoenix-az/,200,az,8,2,32,
duct-cleaning-in-springfield-ma,https://chimcare-web.vercel.app/location/duct-cleaning-in-springfield-ma/,200,ma,24,2,34,
duct-cleaning-in-springfield-ma-2,https://chimcare-web.vercel.app/location/duct-cleaning-in-springfield-ma-2/,200,-2,0,2,33,
duct-cleaning-in-weymouth-ma,https://chimcare-web.vercel.app/location/duct-cleaning-in-weymouth-ma/,200,ma,25,2,31,
duct-cleaning-in-weymouth-ma-2,https://chimcare-web.vercel.app/location/duct-cleaning-in-weymouth-ma-2/,200,-2,0,2,34,
duct-cleaning-in-worcester-ma,https://chimcare-web.vercel.app/location/duct-cleaning-in-worcester-ma/,200,ma,24,2,36,
duct-cleaning-in-worcester-ma-2,https://chimcare-web.vercel.app/location/duct-cleaning-in-worcester-ma-2/,200,-2,0,2,34,
electric-fireplace-installation-in-cambridge-ma,https://chimcare-web.vercel.app/location/electric-fireplace-installation-in-cambridge-ma/,200,ma,24,2,40,
electric-fireplace-installation-in-dracut-ma,https://chimcare-web.vercel.app/location/electric-fireplace-installation-in-dracut-ma/,200,ma,24,2,34,
electric-fireplace-installation-in-leominster-ma,https://chimcare-web.vercel.app/location/electric-fireplace-installation-in-leominster-ma/,200,ma,25,2,52,
electric-fireplace-installation-in-lowell-ma,https://chimcare-web.vercel.app/location/electric-fireplace-installation-in-lowell-ma/,200,ma,23,2,39,
electric-fireplace-installation-in-springfield-ma,https://chimcare-web.vercel.app/location/electric-fireplace-installation-in-springfield-ma/,200,ma,24,2,37,
electric-fireplace-installation-in-weymouth-ma,https://chimcare-web.vercel.app/location/electric-fireplace-installation-in-weymouth-ma/,200,ma,25,2,33,
electric-fireplace-installation-in-worcester-ma,https://chimcare-web.vercel.app/location/electric-fireplace-installation-in-worcester-ma/,200,ma,24,2,36,
electric-fireplace-repair-in-cambridge-ma,https://chimcare-web.vercel.app/location/electric-fireplace-repair-in-cambridge-ma/,200,ma,24,2,35,
electric-fireplace-repair-in-dracut-ma,https://chimcare-web.vercel.app/location/electric-fireplace-repair-in-dracut-ma/,200,ma,24,2,35,
electric-fireplace-repair-in-leominster-ma,https://chimcare-web.vercel.app/location/electric-fireplace-repair-in-leominster-ma/,200,ma,25,2,56,
electric-fireplace-repair-in-lowell-ma,https://chimcare-web.vercel.app/location/electric-fireplace-repair-in-lowell-ma/,200,ma,23,2,34,
electric-fireplace-repair-in-springfield-ma,https://chimcare-web.vercel.app/location/electric-fireplace-repair-in-springfield-ma/,200,ma,24,2,47,
electric-fireplace-repair-in-weymouth-ma,https://chimcare-web.vercel.app/location/electric-fireplace-repair-in-weymouth-ma/,200,ma,25,2,36,
electric-fireplace-repair-in-worcester-ma,https://chimcare-web.vercel.app/location/electric-fireplace-repair-in-worcester-ma/,200,ma,24,2,35,
electric-fireplaces-in-cambridge-ma,https://chimcare-web.vercel.app/location/electric-fireplaces-in-cambridge-ma/,200,ma,24,2,33,
electric-fireplaces-in-dracut-ma,https://chimcare-web.vercel.app/location/electric-fireplaces-in-dracut-ma/,200,ma,24,2,33,
electric-fireplaces-in-leominster-ma,https://chimcare-web.vercel.app/location/electric-fireplaces-in-leominster-ma/,200,ma,25,2,45,
electric-fireplaces-in-springfield-ma,https://chimcare-web.vercel.app/location/electric-fireplaces-in-springfield-ma/,200,ma,24,2,37,
electric-fireplaces-in-weymouth-ma,https://chimcare-web.vercel.app/location/electric-fireplaces-in-weymouth-ma/,200,ma,25,2,32,
electric-fireplaces-repair-in-lowell-ma,https://chimcare-web.vercel.app/location/electric-fireplaces-repair-in-lowell-ma/,200,ma,23,2,34,
electric-fireplaces-repair-in-worcester-ma,https://chimcare-web.vercel.app/location/electric-fireplaces-repair-in-worcester-ma/,200,ma,24,2,39,
exterior-wood-replacement-in-cambridge-ma,https://chimcare-web.vercel.app/location/exterior-wood-replacement-in-cambridge-ma/,200,ma,24,2,36,
exterior-wood-replacement-in-dracut-ma,https://chimcare-web.vercel.app/location/exterior-wood-replacement-in-dracut-ma/,200,ma,24,2,32,
exterior-wood-replacement-in-leominster-ma,https://chimcare-web.vercel.app/location/exterior-wood-replacement-in-leominster-ma/,200,ma,25,2,57,
exterior-wood-replacement-in-lowell-ma,https://chimcare-web.vercel.app/location/exterior-wood-replacement-in-lowell-ma/,200,ma,23,2,37,
exterior-wood-replacement-in-springfield-ma,https://chimcare-web.vercel.app/location/exterior-wood-replacement-in-springfield-ma/,200,ma,24,2,31,
exterior-wood-replacement-in-weymouth-ma,https://chimcare-web.vercel.app/location/exterior-wood-replacement-in-weymouth-ma/,200,ma,25,2,33,
exterior-wood-replacement-in-worcester-ma,https://chimcare-web.vercel.app/location/exterior-wood-replacement-in-worcester-ma/,200,ma,24,2,40,
firebox-repair-in-cambridge-ma,https://chimcare-web.vercel.app/location/firebox-repair-in-cambridge-ma/,200,ma,24,2,32,
firebox-repair-in-dracut-ma,https://chimcare-web.vercel.app/location/firebox-repair-in-dracut-ma/,200,ma,24,2,39,
firebox-repair-in-leominster-ma,https://chimcare-web.vercel.app/location/firebox-repair-in-leominster-ma/,200,ma,25,2,51,
firebox-repair-in-lowell-ma,https://chimcare-web.vercel.app/location/firebox-repair-in-lowell-ma/,200,ma,23,2,36,
firebox-repair-in-phoenix-az,https://chimcare-web.vercel.app/location/firebox-repair-in-phoenix-az/,200,az,8,2,35,
firebox-repair-in-springfield-ma,https://chimcare-web.vercel.app/location/firebox-repair-in-springfield-ma/,200,ma,24,2,35,
firebox-repair-in-weymouth-ma,https://chimcare-web.vercel.app/location/firebox-repair-in-weymouth-ma/,200,ma,25,2,35,
firebox-repair-in-worcester-ma,https://chimcare-web.vercel.app/location/firebox-repair-in-worcester-ma/,200,ma,24,2,36,
fireplace-brick-repair-in-cambridge-ma,https://chimcare-web.vercel.app/location/fireplace-brick-repair-in-cambridge-ma/,200,ma,24,2,32,
fireplace-brick-repair-in-dracut-ma,https://chimcare-web.vercel.app/location/fireplace-brick-repair-in-dracut-ma/,200,ma,24,2,32,
fireplace-brick-repair-in-leominster-ma,https://chimcare-web.vercel.app/location/fireplace-brick-repair-in-leominster-ma/,200,ma,25,2,50,
fireplace-brick-repair-in-lowell-ma,https://chimcare-web.vercel.app/location/fireplace-brick-repair-in-lowell-ma/,200,ma,23,2,32,
fireplace-brick-repair-in-springfield-ma,https://chimcare-web.vercel.app/location/fireplace-brick-repair-in-springfield-ma/,200,ma,24,2,32,
fireplace-brick-repair-in-weymouth-ma,https://chimcare-web.vercel.app/location/fireplace-brick-repair-in-weymouth-ma/,200,ma,25,2,31,
fireplace-brick-repair-in-worcester-ma,https://chimcare-web.vercel.app/location/fireplace-brick-repair-in-worcester-ma/,200,ma,24,2,34,
fireplace-cleaning-in-cambridge-ma,https://chimcare-web.vercel.app/location/fireplace-cleaning-in-cambridge-ma/,200,ma,23,2,35,
fireplace-cleaning-in-dracut-ma,https://chimcare-web.vercel.app/location/fireplace-cleaning-in-dracut-ma/,200,ma,23,2,35,
fireplace-cleaning-in-leominster-ma,https://chimcare-web.vercel.app/location/fireplace-cleaning-in-leominster-ma/,200,ma,24,2,50,
fireplace-cleaning-in-lowell-ma,https://chimcare-web.vercel.app/location/fireplace-cleaning-in-lowell-ma/,200,ma,22,2,37,
fireplace-cleaning-in-springfield-ma,https://chimcare-web.vercel.app/location/fireplace-cleaning-in-springfield-ma/,200,ma,23,2,35,
fireplace-cleaning-in-weymouth-ma,https://chimcare-web.vercel.app/location/fireplace-cleaning-in-weymouth-ma/,200,ma,24,2,36,
fireplace-cleaning-in-worcester-ma,https://chimcare-web.vercel.app/location/fireplace-cleaning-in-worcester-ma/,200,ma,23,2,37,
fireplace-damper-repair-in-cambridge-ma,https://chimcare-web.vercel.app/location/fireplace-damper-repair-in-cambridge-ma/,200,ma,23,2,41,
fireplace-damper-repair-in-dracut-ma,https://chimcare-web.vercel.app/location/fireplace-damper-repair-in-dracut-ma/,200,ma,23,2,33,
fireplace-damper-repair-in-lowell-ma,https://chimcare-web.vercel.app/location/fireplace-damper-repair-in-lowell-ma/,200,ma,22,2,37,
fireplace-damper-repair-in-springfield-ma,https://chimcare-web.vercel.app/location/fireplace-damper-repair-in-springfield-ma/,200,ma,23,2,32,
fireplace-damper-repair-in-weymouth-ma,https://chimcare-web.vercel.app/location/fireplace-damper-repair-in-weymouth-ma/,200,ma,24,2,38,
fireplace-damper-repair-in-worcester-ma,https://chimcare-web.vercel.app/location/fireplace-damper-repair-in-worcester-ma/,200,ma,23,2,34,
fireplace-doors-in-cambridge-ma,https://chimcare-web.vercel.app/location/fireplace-doors-in-cambridge-ma/,200,ma,24,2,40,
fireplace-doors-in-dracut-ma,https://chimcare-web.vercel.app/location/fireplace-doors-in-dracut-ma/,200,ma,24,2,36,
fireplace-doors-in-lowell-ma,https://chimcare-web.vercel.app/location/fireplace-doors-in-lowell-ma/,200,ma,23,2,31,
fireplace-doors-in-springfield-ma,https://chimcare-web.vercel.app/location/fireplace-doors-in-springfield-ma/,200,ma,24,2,34,
fireplace-doors-in-weymouth-ma,https://chimcare-web.vercel.app/location/fireplace-doors-in-weymouth-ma/,200,ma,25,2,34,
fireplace-doors-repair-in-worcester-ma,https://chimcare-web.vercel.app/location/fireplace-doors-repair-in-worcester-ma/,200,ma,24,2,33,
fireplace-flue-installation-in-cambridge-ma,https://chimcare-web.vercel.app/location/fireplace-flue-installation-in-cambridge-ma/,200,ma,24,2,39,
fireplace-flue-installation-in-dracut-ma,https://chimcare-web.vercel.app/location/fireplace-flue-installation-in-dracut-ma/,200,ma,24,2,42,
fireplace-flue-installation-in-lowell-ma,https://chimcare-web.vercel.app/location/fireplace-flue-installation-in-lowell-ma/,200,ma,23,2,35,
fireplace-flue-installation-in-springfield-ma,https://chimcare-web.vercel.app/location/fireplace-flue-installation-in-springfield-ma/,200,ma,24,2,37,
fireplace-flue-installation-in-weymouth-ma,https://chimcare-web.vercel.app/location/fireplace-flue-installation-in-weymouth-ma/,200,ma,25,2,39,
fireplace-flue-installation-in-worcester-ma,https://chimcare-web.vercel.app/location/fireplace-flue-installation-in-worcester-ma/,200,ma,24,2,38,
fireplace-gas-burner-installation-in-cambridge-ma,https://chimcare-web.vercel.app/location/fireplace-gas-burner-installation-in-cambridge-ma/,200,ma,24,2,35,
fireplace-gas-burner-installation-in-dracut-ma,https://chimcare-web.vercel.app/location/fireplace-gas-burner-installation-in-dracut-ma/,200,ma,24,2,33,
fireplace-gas-burner-installation-in-lowell-ma,https://chimcare-web.vercel.app/location/fireplace-gas-burner-installation-in-lowell-ma/,200,ma,23,2,41,
fireplace-gas-burner-installation-in-springfield-ma,https://chimcare-web.vercel.app/location/fireplace-gas-burner-installation-in-springfield-ma/,200,ma,24,2,37,
fireplace-gas-burner-installation-in-weymouth-ma,https://chimcare-web.vercel.app/location/fireplace-gas-burner-installation-in-weymouth-ma/,200,ma,25,2,34,
fireplace-gas-burner-installation-in-worcester-ma,https://chimcare-web.vercel.app/location/fireplace-gas-burner-installation-in-worcester-ma/,200,ma,24,2,35,
fireplace-gas-valve-repair-in-cambridge-ma,https://chimcare-web.vercel.app/location/fireplace-gas-valve-repair-in-cambridge-ma/,200,ma,24,2,33,
fireplace-gas-valve-repair-in-dracut-ma,https://chimcare-web.vercel.app/location/fireplace-gas-valve-repair-in-dracut-ma/,200,ma,24,2,33,
fireplace-gas-valve-repair-in-leominster-ma,https://chimcare-web.vercel.app/location/fireplace-gas-valve-repair-in-leominster-ma/,200,ma,25,2,52,
fireplace-gas-valve-repair-in-lowell-ma,https://chimcare-web.vercel.app/location/fireplace-gas-valve-repair-in-lowell-ma/,200,ma,23,2,34,
fireplace-gas-valve-repair-in-springfield-ma,https://chimcare-web.vercel.app/location/fireplace-gas-valve-repair-in-springfield-ma/,200,ma,24,2,39,
fireplace-gas-valve-repair-in-weymouth-ma,https://chimcare-web.vercel.app/location/fireplace-gas-valve-repair-in-weymouth-ma/,200,ma,25,2,33,
fireplace-gas-valve-repair-in-worcester-ma,https://chimcare-web.vercel.app/location/fireplace-gas-valve-repair-in-worcester-ma/,200,ma,24,2,35,
fireplace-gas-valve-replace-in-cambridge-ma,https://chimcare-web.vercel.app/location/fireplace-gas-valve-replace-in-cambridge-ma/,200,ma,24,2,33,
fireplace-gas-valve-replace-in-cambridge-ma-2,https://chimcare-web.vercel.app/location/fireplace-gas-valve-replace-in-cambridge-ma-2/,200,-2,0,2,36,
fireplace-gas-valve-replace-in-dracut-ma,https://chimcare-web.vercel.app/location/fireplace-gas-valve-replace-in-dracut-ma/,200,ma,24,2,32,
fireplace-gas-valve-replace-in-dracut-ma-2,https://chimcare-web.vercel.app/location/fireplace-gas-valve-replace-in-dracut-ma-2/,200,-2,0,2,34,
fireplace-gas-valve-replace-in-lowell-ma,https://chimcare-web.vercel.app/location/fireplace-gas-valve-replace-in-lowell-ma/,200,ma,23,2,41,
fireplace-gas-valve-replace-in-lowell-ma-2,https://chimcare-web.vercel.app/location/fireplace-gas-valve-replace-in-lowell-ma-2/,200,-2,0,2,37,
fireplace-gas-valve-replace-in-springfield-ma,https://chimcare-web.vercel.app/location/fireplace-gas-valve-replace-in-springfield-ma/,200,ma,24,2,34,
fireplace-gas-valve-replace-in-springfield-ma-2,https://chimcare-web.vercel.app/location/fireplace-gas-valve-replace-in-springfield-ma-2/,200,-2,0,2,42,
fireplace-gas-valve-replace-in-weymouth-ma,https://chimcare-web.vercel.app/location/fireplace-gas-valve-replace-in-weymouth-ma/,200,ma,25,2,43,
fireplace-gas-valve-replace-in-weymouth-ma-2,https://chimcare-web.vercel.app/location/fireplace-gas-valve-replace-in-weymouth-ma-2/,200,-2,0,2,36,
fireplace-gas-valve-replace-in-worcester-ma,https://chimcare-web.vercel.app/location/fireplace-gas-valve-replace-in-worcester-ma/,200,ma,24,2,35,
fireplace-gas-valve-replace-in-worcester-ma-2,https://chimcare-web.vercel.app/location/fireplace-gas-valve-replace-in-worcester-ma-2/,200,-2,0,2,46,
fireplace-inserts-in-cambridge-ma,https://chimcare-web.vercel.app/location/fireplace-inserts-in-cambridge-ma/,200,ma,24,2,37,
fireplace-inserts-in-dracut-ma,https://chimcare-web.vercel.app/location/fireplace-inserts-in-dracut-ma/,200,ma,24,2,33,
fireplace-inserts-in-leominster-ma,https://chimcare-web.vercel.app/location/fireplace-inserts-in-leominster-ma/,200,ma,25,2,54,
fireplace-inserts-in-lowell-ma,https://chimcare-web.vercel.app/location/fireplace-inserts-in-lowell-ma/,200,ma,23,2,48,
fireplace-inserts-in-springfield-ma,https://chimcare-web.vercel.app/location/fireplace-inserts-in-springfield-ma/,200,ma,24,2,33,
fireplace-inserts-in-weymouth-ma,https://chimcare-web.vercel.app/location/fireplace-inserts-in-weymouth-ma/,200,ma,25,2,37,
fireplace-inserts-in-worcester-ma,https://chimcare-web.vercel.app/location/fireplace-inserts-in-worcester-ma/,200,ma,24,2,33,
fireplace-installation-in-cambridge-ma,https://chimcare-web.vercel.app/location/fireplace-installation-in-cambridge-ma/,200,ma,23,2,36,
fireplace-installation-in-dracut-ma,https://chimcare-web.vercel.app/location/fireplace-installation-in-dracut-ma/,200,ma,23,2,34,
fireplace-installation-in-leominster-ma,https://chimcare-web.vercel.app/location/fireplace-installation-in-leominster-ma/,200,ma,24,2,54,
fireplace-installation-in-lowell-ma,https://chimcare-web.vercel.app/location/fireplace-installation-in-lowell-ma/,200,ma,22,2,36,
fireplace-installation-in-springfield-ma,https://chimcare-web.vercel.app/location/fireplace-installation-in-springfield-ma/,200,ma,23,2,38,
fireplace-installation-in-weymouth-ma,https://chimcare-web.vercel.app/location/fireplace-installation-in-weymouth-ma/,200,ma,24,2,34,
fireplace-installation-in-worcester-ma,https://chimcare-web.vercel.app/location/fireplace-installation-in-worcester-ma/,200,ma,23,2,34,
fireplace-masonry-repair-in-cambridge-ma,https://chimcare-web.vercel.app/location/fireplace-masonry-repair-in-cambridge-ma/,200,ma,24,2,36,
fireplace-masonry-repair-in-dracut-ma,https://chimcare-web.vercel.app/location/fireplace-masonry-repair-in-dracut-ma/,200,ma,24,2,34,
fireplace-masonry-repair-in-leominster-ma,https://chimcare-web.vercel.app/location/fireplace-masonry-repair-in-leominster-ma/,200,ma,25,2,57,
fireplace-masonry-repair-in-lowell-ma,https://chimcare-web.vercel.app/location/fireplace-masonry-repair-in-lowell-ma/,200,ma,23,2,45,
fireplace-masonry-repair-in-springfield-ma,https://chimcare-web.vercel.app/location/fireplace-masonry-repair-in-springfield-ma/,200,ma,24,2,44,
fireplace-masonry-repair-in-weymouth-ma,https://chimcare-web.vercel.app/location/fireplace-masonry-repair-in-weymouth-ma/,200,ma,25,2,34,
fireplace-masonry-repair-in-worcester-ma,https://chimcare-web.vercel.app/location/fireplace-masonry-repair-in-worcester-ma/,200,ma,24,2,37,
fireplace-panels-repair-in-cambridge-ma,https://chimcare-web.vercel.app/location/fireplace-panels-repair-in-cambridge-ma/,200,ma,24,2,35,
fireplace-panels-repair-in-dracut-ma,https://chimcare-web.vercel.app/location/fireplace-panels-repair-in-dracut-ma/,200,ma,24,2,34,
fireplace-panels-repair-in-leominster-ma,https://chimcare-web.vercel.app/location/fireplace-panels-repair-in-leominster-ma/,200,ma,25,2,55,
fireplace-panels-repair-in-lowell-ma,https://chimcare-web.vercel.app/location/fireplace-panels-repair-in-lowell-ma/,200,ma,23,2,32,
fireplace-panels-repair-in-springfield-ma,https://chimcare-web.vercel.app/location/fireplace-panels-repair-in-springfield-ma/,200,ma,24,2,35,
fireplace-panels-repair-in-weymouth-ma,https://chimcare-web.vercel.app/location/fireplace-panels-repair-in-weymouth-ma/,200,ma,25,2,33,
fireplace-panels-repair-in-worcester-ma,https://chimcare-web.vercel.app/location/fireplace-panels-repair-in-worcester-ma/,200,ma,24,2,35,
fireplace-panels-replace-in-cambridge-ma,https://chimcare-web.vercel.app/location/fireplace-panels-replace-in-cambridge-ma/,200,ma,24,2,36,
fireplace-panels-replace-in-dracut-ma,https://chimcare-web.vercel.app/location/fireplace-panels-replace-in-dracut-ma/,200,ma,24,2,32,
fireplace-panels-replace-in-leominster-ma,https://chimcare-web.vercel.app/location/fireplace-panels-replace-in-leominster-ma/,200,ma,25,2,55,
fireplace-panels-replace-in-lowell-ma,https://chimcare-web.vercel.app/location/fireplace-panels-replace-in-lowell-ma/,200,ma,23,2,27,
fireplace-panels-replace-in-springfield-ma,https://chimcare-web.vercel.app/location/fireplace-panels-replace-in-springfield-ma/,200,ma,24,2,40,
fireplace-panels-replace-in-weymouth-ma,https://chimcare-web.vercel.app/location/fireplace-panels-replace-in-weymouth-ma/,200,ma,25,2,33,
fireplace-panels-replace-in-worcester-ma,https://chimcare-web.vercel.app/location/fireplace-panels-replace-in-worcester-ma/,200,ma,24,2,36,
fireplace-refacing-mantel-replacement-in-cambridge-ma,https://chimcare-web.vercel.app/location/fireplace-refacing-mantel-replacement-in-cambridge-ma/,200,ma,24,2,41,
fireplace-refacing-mantel-replacement-in-dracut-ma,https://chimcare-web.vercel.app/location/fireplace-refacing-mantel-replacement-in-dracut-ma/,200,ma,24,2,35,
fireplace-refacing-mantel-replacement-in-leominster-ma,https://chimcare-web.vercel.app/location/fireplace-refacing-mantel-replacement-in-leominster-ma/,200,ma,25,2,54,
fireplace-refacing-mantel-replacement-in-lowell-ma,https://chimcare-web.vercel.app/location/fireplace-refacing-mantel-replacement-in-lowell-ma/,200,ma,23,2,37,
fireplace-refacing-mantel-replacement-in-springfield-ma,https://chimcare-web.vercel.app/location/fireplace-refacing-mantel-replacement-in-springfield-ma/,200,ma,24,2,37,
fireplace-refacing-mantel-replacement-in-weymouth-ma,https://chimcare-web.vercel.app/location/fireplace-refacing-mantel-replacement-in-weymouth-ma/,200,ma,25,2,33,
fireplace-refacing-mantel-replacement-in-worcester-ma,https://chimcare-web.vercel.app/location/fireplace-refacing-mantel-replacement-in-worcester-ma/,200,ma,24,2,37,
fireplace-remodeling-in-cambridge-ma,https://chimcare-web.vercel.app/location/fireplace-remodeling-in-cambridge-ma/,200,ma,24,2,33,
fireplace-remodeling-in-dracut-ma,https://chimcare-web.vercel.app/location/fireplace-remodeling-in-dracut-ma/,200,ma,24,2,33,
fireplace-remodeling-in-leominster-ma,https://chimcare-web.vercel.app/location/fireplace-remodeling-in-leominster-ma/,200,ma,25,2,51,
fireplace-remodeling-in-lowell-ma,https://chimcare-web.vercel.app/location/fireplace-remodeling-in-lowell-ma/,200,ma,23,2,38,
fireplace-remodeling-in-springfield-ma,https://chimcare-web.vercel.app/location/fireplace-remodeling-in-springfield-ma/,200,ma,24,2,38,
fireplace-remodeling-in-weymouth-ma,https://chimcare-web.vercel.app/location/fireplace-remodeling-in-weymouth-ma/,200,ma,25,2,32,
fireplace-remodeling-in-worcester-ma,https://chimcare-web.vercel.app/location/fireplace-remodeling-in-worcester-ma/,200,ma,24,2,34,
fireplace-remote-control-troubleshooting-in-cambridge-ma,https://chimcare-web.vercel.app/location/fireplace-remote-control-troubleshooting-in-cambridge-ma/,200,ma,24,2,32,
fireplace-remote-control-troubleshooting-in-dracut-ma,https://chimcare-web.vercel.app/location/fireplace-remote-control-troubleshooting-in-dracut-ma/,200,ma,24,2,33,
fireplace-remote-control-troubleshooting-in-leominster-ma,https://chimcare-web.vercel.app/location/fireplace-remote-control-troubleshooting-in-leominster-ma/,200,ma,25,2,49,
fireplace-remote-control-troubleshooting-in-lowell-ma,https://chimcare-web.vercel.app/location/fireplace-remote-control-troubleshooting-in-lowell-ma/,200,ma,23,2,32,
fireplace-remote-control-troubleshooting-in-springfield-ma,https://chimcare-web.vercel.app/location/fireplace-remote-control-troubleshooting-in-springfield-ma/,200,ma,24,2,42,
fireplace-remote-control-troubleshooting-in-weymouth-ma,https://chimcare-web.vercel.app/location/fireplace-remote-control-troubleshooting-in-weymouth-ma/,200,ma,25,2,33,
fireplace-remote-control-troubleshooting-in-worcester-ma,https://chimcare-web.vercel.app/location/fireplace-remote-control-troubleshooting-in-worcester-ma/,200,ma,24,2,31,
fireplace-repair-in-cambridge-ma,https://chimcare-web.vercel.app/location/fireplace-repair-in-cambridge-ma/,200,ma,23,2,37,
fireplace-repair-in-dracut-ma,https://chimcare-web.vercel.app/location/fireplace-repair-in-dracut-ma/,200,ma,23,2,41,
fireplace-repair-in-leominster-ma,https://chimcare-web.vercel.app/location/fireplace-repair-in-leominster-ma/,200,ma,24,2,54,
fireplace-repair-in-lowell-ma,https://chimcare-web.vercel.app/location/fireplace-repair-in-lowell-ma/,200,ma,22,2,34,
fireplace-repair-in-springfield-ma,https://chimcare-web.vercel.app/location/fireplace-repair-in-springfield-ma/,200,ma,23,2,35,
fireplace-repair-in-weymouth-ma,https://chimcare-web.vercel.app/location/fireplace-repair-in-weymouth-ma/,200,ma,24,2,33,
fireplace-repair-in-worcester-ma,https://chimcare-web.vercel.app/location/fireplace-repair-in-worcester-ma/,200,ma,23,2,38,
flexible-chimney-liner-installation-in-cambridge-ma,https://chimcare-web.vercel.app/location/flexible-chimney-liner-installation-in-cambridge-ma/,200,ma,24,2,38,
flexible-chimney-liner-installation-in-dracut-ma,https://chimcare-web.vercel.app/location/flexible-chimney-liner-installation-in-dracut-ma/,200,ma,24,2,31,
flexible-chimney-liner-installation-in-leominster-ma,https://chimcare-web.vercel.app/location/flexible-chimney-liner-installation-in-leominster-ma/,200,ma,25,2,53,
flexible-chimney-liner-installation-in-lowell-ma,https://chimcare-web.vercel.app/location/flexible-chimney-liner-installation-in-lowell-ma/,200,ma,23,2,39,
flexible-chimney-liner-installation-in-springfield-ma,https://chimcare-web.vercel.app/location/flexible-chimney-liner-installation-in-springfield-ma/,200,ma,24,2,33,
flexible-chimney-liner-installation-in-weymouth-ma,https://chimcare-web.vercel.app/location/flexible-chimney-liner-installation-in-weymouth-ma/,200,ma,25,2,34,
flexible-chimney-liner-installation-in-worcester-ma,https://chimcare-web.vercel.app/location/flexible-chimney-liner-installation-in-worcester-ma/,200,ma,24,2,38,
freestanding-stoves-in-dracut-ma,https://chimcare-web.vercel.app/location/freestanding-stoves-in-dracut-ma/,200,ma,24,2,35,
freestanding-stoves-in-leominster-ma,https://chimcare-web.vercel.app/location/freestanding-stoves-in-leominster-ma/,200,ma,25,2,52,
freestanding-stoves-in-weymouth-ma,https://chimcare-web.vercel.app/location/freestanding-stoves-in-weymouth-ma/,200,ma,25,2,34,
freestanding-stoves-repair-in-cambridge-ma,https://chimcare-web.vercel.app/location/freestanding-stoves-repair-in-cambridge-ma/,200,ma,24,2,32,
freestanding-stoves-repair-in-lowell-ma,https://chimcare-web.vercel.app/location/freestanding-stoves-repair-in-lowell-ma/,200,ma,23,2,48,
freestanding-stoves-repair-in-springfield-ma,https://chimcare-web.vercel.app/location/freestanding-stoves-repair-in-springfield-ma/,200,ma,24,2,38,
gas-fireplace-cleaning-in-cambridge-ma,https://chimcare-web.vercel.app/location/gas-fireplace-cleaning-in-cambridge-ma/,200,ma,24,2,31,
gas-fireplace-cleaning-in-dracut-ma,https://chimcare-web.vercel.app/location/gas-fireplace-cleaning-in-dracut-ma/,200,ma,24,2,32,
gas-fireplace-cleaning-in-leominster-ma,https://chimcare-web.vercel.app/location/gas-fireplace-cleaning-in-leominster-ma/,200,ma,25,2,54,
gas-fireplace-cleaning-in-lowell-ma,https://chimcare-web.vercel.app/location/gas-fireplace-cleaning-in-lowell-ma/,200,ma,23,2,32,
gas-fireplace-cleaning-in-springfield-ma,https://chimcare-web.vercel.app/location/gas-fireplace-cleaning-in-springfield-ma/,200,ma,24,2,33,
gas-fireplace-cleaning-in-weymouth-ma,https://chimcare-web.vercel.app/location/gas-fireplace-cleaning-in-weymouth-ma/,200,ma,25,2,37,
gas-fireplace-cleaning-in-worcester-ma,https://chimcare-web.vercel.app/location/gas-fireplace-cleaning-in-worcester-ma/,200,ma,24,2,34,
gas-fireplace-insert-in-leominster-ma,https://chimcare-web.vercel.app/location/gas-fireplace-insert-in-leominster-ma/,200,ma,25,2,54,
gas-fireplace-insert-in-springfield-ma,https://chimcare-web.vercel.app/location/gas-fireplace-insert-in-springfield-ma/,200,ma,24,2,33,
gas-fireplace-insert-in-worcester-ma,https://chimcare-web.vercel.app/location/gas-fireplace-insert-in-worcester-ma/,200,ma,24,2,37,
gas-fireplace-insert-repair-in-weymouth-ma,https://chimcare-web.vercel.app/location/gas-fireplace-insert-repair-in-weymouth-ma/,200,ma,25,2,44,
gas-fireplace-inserts-in-cambridge-ma,https://chimcare-web.vercel.app/location/gas-fireplace-inserts-in-cambridge-ma/,200,ma,24,2,36,
gas-fireplace-inserts-in-dracut-ma,https://chimcare-web.vercel.app/location/gas-fireplace-inserts-in-dracut-ma/,200,ma,24,2,33,
gas-fireplace-inserts-in-leominster-ma,https://chimcare-web.vercel.app/location/gas-fireplace-inserts-in-leominster-ma/,200,ma,25,2,51,
gas-fireplace-inserts-in-lowell-ma,https://chimcare-web.vercel.app/location/gas-fireplace-inserts-in-lowell-ma/,200,ma,23,2,33,
gas-fireplace-inserts-in-springfield-ma,https://chimcare-web.vercel.app/location/gas-fireplace-inserts-in-springfield-ma/,200,ma,24,2,37,
gas-fireplace-inserts-in-weymouth-ma,https://chimcare-web.vercel.app/location/gas-fireplace-inserts-in-weymouth-ma/,200,ma,25,2,35,
gas-fireplace-inserts-in-worcester-ma,https://chimcare-web.vercel.app/location/gas-fireplace-inserts-in-worcester-ma/,200,ma,24,2,38,
gas-fireplace-installation-in-cambridge-ma,https://chimcare-web.vercel.app/location/gas-fireplace-installation-in-cambridge-ma/,200,ma,24,2,33,
gas-fireplace-installation-in-dracut-ma,https://chimcare-web.vercel.app/location/gas-fireplace-installation-in-dracut-ma/,200,ma,24,2,40,
gas-fireplace-installation-in-leominster-ma,https://chimcare-web.vercel.app/location/gas-fireplace-installation-in-leominster-ma/,200,ma,25,2,51,
gas-fireplace-installation-in-lowell-ma,https://chimcare-web.vercel.app/location/gas-fireplace-installation-in-lowell-ma/,200,ma,23,2,33,
gas-fireplace-installation-in-springfield-ma,https://chimcare-web.vercel.app/location/gas-fireplace-installation-in-springfield-ma/,200,ma,24,2,38,
gas-fireplace-installation-in-weymouth-ma,https://chimcare-web.vercel.app/location/gas-fireplace-installation-in-weymouth-ma/,200,ma,25,2,36,
gas-fireplace-installation-in-worcester-ma,https://chimcare-web.vercel.app/location/gas-fireplace-installation-in-worcester-ma/,200,ma,24,2,34,
gas-fireplace-maintenance-cleaning-in-cambridge-ma,https://chimcare-web.vercel.app/location/gas-fireplace-maintenance-cleaning-in-cambridge-ma/,200,ma,24,2,31,
gas-fireplace-maintenance-cleaning-in-dracut-ma,https://chimcare-web.vercel.app/location/gas-fireplace-maintenance-cleaning-in-dracut-ma/,200,ma,24,2,40,
gas-fireplace-maintenance-cleaning-in-leominster-ma,https://chimcare-web.vercel.app/location/gas-fireplace-maintenance-cleaning-in-leominster-ma/,200,ma,25,2,53,
gas-fireplace-maintenance-cleaning-in-lowell-ma,https://chimcare-web.vercel.app/location/gas-fireplace-maintenance-cleaning-in-lowell-ma/,200,ma,23,2,37,
gas-fireplace-maintenance-cleaning-in-springfield-ma,https://chimcare-web.vercel.app/location/gas-fireplace-maintenance-cleaning-in-springfield-ma/,200,ma,24,2,35,
gas-fireplace-maintenance-cleaning-in-weymouth-ma,https://chimcare-web.vercel.app/location/gas-fireplace-maintenance-cleaning-in-weymouth-ma/,200,ma,25,2,33,
gas-fireplace-maintenance-cleaning-in-worcester-ma,https://chimcare-web.vercel.app/location/gas-fireplace-maintenance-cleaning-in-worcester-ma/,200,ma,24,2,37,
gas-fireplace-repair-in-cambridge-ma,https://chimcare-web.vercel.app/location/gas-fireplace-repair-in-cambridge-ma/,200,ma,23,2,33,
gas-fireplace-repair-in-dracut-ma,https://chimcare-web.vercel.app/location/gas-fireplace-repair-in-dracut-ma/,200,ma,23,2,32,
gas-fireplace-repair-in-leominster-ma,https://chimcare-web.vercel.app/location/gas-fireplace-repair-in-leominster-ma/,200,ma,24,2,46,
gas-fireplace-repair-in-lowell-ma,https://chimcare-web.vercel.app/location/gas-fireplace-repair-in-lowell-ma/,200,ma,22,2,32,
gas-fireplace-repair-in-phoenix-az,https://chimcare-web.vercel.app/location/gas-fireplace-repair-in-phoenix-az/,200,az,7,2,34,
gas-fireplace-repair-in-springfield-ma,https://chimcare-web.vercel.app/location/gas-fireplace-repair-in-springfield-ma/,200,ma,23,2,36,
gas-fireplace-repair-in-weymouth-ma,https://chimcare-web.vercel.app/location/gas-fireplace-repair-in-weymouth-ma/,200,ma,24,2,30,
gas-fireplace-repair-in-worcester-ma,https://chimcare-web.vercel.app/location/gas-fireplace-repair-in-worcester-ma/,200,ma,23,2,39,
gas-fireplace-repair-service-in-cambridge-ma,https://chimcare-web.vercel.app/location/gas-fireplace-repair-service-in-cambridge-ma/,200,ma,24,2,33,
gas-fireplace-repair-service-in-dracut-ma,https://chimcare-web.vercel.app/location/gas-fireplace-repair-service-in-dracut-ma/,200,ma,24,2,33,
gas-fireplace-repair-service-in-leominster-ma,https://chimcare-web.vercel.app/location/gas-fireplace-repair-service-in-leominster-ma/,200,ma,25,2,52,
gas-fireplace-repair-service-in-lowell-ma,https://chimcare-web.vercel.app/location/gas-fireplace-repair-service-in-lowell-ma/,200,ma,23,2,38,
gas-fireplace-repair-service-in-springfield-ma,https://chimcare-web.vercel.app/location/gas-fireplace-repair-service-in-springfield-ma/,200,ma,24,2,28,
gas-fireplace-repair-service-in-weymouth-ma,https://chimcare-web.vercel.app/location/gas-fireplace-repair-service-in-weymouth-ma/,200,ma,25,2,34,
gas-fireplace-repair-service-in-worcester-ma,https://chimcare-web.vercel.app/location/gas-fireplace-repair-service-in-worcester-ma/,200,ma,24,2,39,
gas-fireplace-service-in-cambridge-ma,https://chimcare-web.vercel.app/location/gas-fireplace-service-in-cambridge-ma/,200,ma,24,2,35,
gas-fireplace-service-in-dracut-ma,https://chimcare-web.vercel.app/location/gas-fireplace-service-in-dracut-ma/,200,ma,24,2,31,
gas-fireplace-service-in-leominster-ma,https://chimcare-web.vercel.app/location/gas-fireplace-service-in-leominster-ma/,200,ma,25,2,53,
gas-fireplace-service-in-lowell-ma,https://chimcare-web.vercel.app/location/gas-fireplace-service-in-lowell-ma/,200,ma,23,2,37,
gas-fireplace-service-in-springfield-ma,https://chimcare-web.vercel.app/location/gas-fireplace-service-in-springfield-ma/,200,ma,24,2,38,
gas-fireplace-service-in-weymouth-ma,https://chimcare-web.vercel.app/location/gas-fireplace-service-in-weymouth-ma/,200,ma,25,2,34,
gas-fireplace-service-in-worcester-ma,https://chimcare-web.vercel.app/location/gas-fireplace-service-in-worcester-ma/,200,ma,24,2,36,
gas-fireplaces-in-dracut-ma,https://chimcare-web.vercel.app/location/gas-fireplaces-in-dracut-ma/,200,ma,24,2,33,
gas-fireplaces-in-weymouth-ma,https://chimcare-web.vercel.app/location/gas-fireplaces-in-weymouth-ma/,200,ma,25,2,35,
gas-fireplaces-repair-in-cambridge-ma,https://chimcare-web.vercel.app/location/gas-fireplaces-repair-in-cambridge-ma/,200,ma,24,2,34,
gas-fireplaces-repair-in-lowell-ma,https://chimcare-web.vercel.app/location/gas-fireplaces-repair-in-lowell-ma/,200,ma,23,2,36,
gas-fireplaces-repair-in-springfield-ma,https://chimcare-web.vercel.app/location/gas-fireplaces-repair-in-springfield-ma/,200,ma,24,2,33,
gas-fireplaces-repair-in-worcester-ma,https://chimcare-web.vercel.app/location/gas-fireplaces-repair-in-worcester-ma/,200,ma,24,2,37,
gas-fireplaces-sweep-repair-in-leominster-ma,https://chimcare-web.vercel.app/location/gas-fireplaces-sweep-repair-in-leominster-ma/,200,ma,25,2,55,
gas-insert-installation-in-phoenix-az,https://chimcare-web.vercel.app/location/gas-insert-installation-in-phoenix-az/,200,az,8,2,38,
gas-line-installation-service-in-cambridge-ma,https://chimcare-web.vercel.app/location/gas-line-installation-service-in-cambridge-ma/,200,ma,24,2,31,
gas-line-installation-service-in-dracut-ma,https://chimcare-web.vercel.app/location/gas-line-installation-service-in-dracut-ma/,200,ma,24,2,34,
gas-line-installation-service-in-lowell-ma,https://chimcare-web.vercel.app/location/gas-line-installation-service-in-lowell-ma/,200,ma,23,2,39,
gas-line-installation-service-in-springfield-ma,https://chimcare-web.vercel.app/location/gas-line-installation-service-in-springfield-ma/,200,ma,24,2,35,
gas-line-installation-service-in-weymouth-ma,https://chimcare-web.vercel.app/location/gas-line-installation-service-in-weymouth-ma/,200,ma,25,2,34,
gas-line-installation-service-in-worcester-ma,https://chimcare-web.vercel.app/location/gas-line-installation-service-in-worcester-ma/,200,ma,24,2,37,
gas-log-sets-in-cambridge-ma,https://chimcare-web.vercel.app/location/gas-log-sets-in-cambridge-ma/,200,ma,24,2,34,
gas-log-sets-in-dracut-ma,https://chimcare-web.vercel.app/location/gas-log-sets-in-dracut-ma/,200,ma,24,2,33,
gas-log-sets-in-leominster-ma,https://chimcare-web.vercel.app/location/gas-log-sets-in-leominster-ma/,200,ma,25,2,44,
gas-log-sets-in-lowell-ma,https://chimcare-web.vercel.app/location/gas-log-sets-in-lowell-ma/,200,ma,23,2,32,
gas-log-sets-in-springfield-ma,https://chimcare-web.vercel.app/location/gas-log-sets-in-springfield-ma/,200,ma,24,2,34,
gas-log-sets-in-worcester-ma,https://chimcare-web.vercel.app/location/gas-log-sets-in-worcester-ma/,200,ma,24,2,39,
gas-stoves-repair-in-cambridge-ma,https://chimcare-web.vercel.app/location/gas-stoves-repair-in-cambridge-ma/,200,ma,24,2,32,
gas-stoves-repair-in-dracut-ma,https://chimcare-web.vercel.app/location/gas-stoves-repair-in-dracut-ma/,200,ma,24,2,35,
gas-stoves-repair-in-leominster-ma,https://chimcare-web.vercel.app/location/gas-stoves-repair-in-leominster-ma/,200,ma,25,2,58,
gas-stoves-repair-in-lowell-ma,https://chimcare-web.vercel.app/location/gas-stoves-repair-in-lowell-ma/,200,ma,23,2,35,
gas-stoves-repair-in-springfield-ma,https://chimcare-web.vercel.app/location/gas-stoves-repair-in-springfield-ma/,200,ma,24,2,35,
gas-stoves-repair-in-weymouth-ma,https://chimcare-web.vercel.app/location/gas-stoves-repair-in-weymouth-ma/,200,ma,25,2,34,
gas-stoves-repair-in-worcester-ma,https://chimcare-web.vercel.app/location/gas-stoves-repair-in-worcester-ma/,200,ma,24,2,38,
glass-door-fireplace-in-cambridge-ma,https://chimcare-web.vercel.app/location/glass-door-fireplace-in-cambridge-ma/,200,ma,24,2,39,
glass-door-fireplace-in-dracut-ma,https://chimcare-web.vercel.app/location/glass-door-fireplace-in-dracut-ma/,200,ma,24,2,45,
glass-door-fireplace-in-springfield-ma,https://chimcare-web.vercel.app/location/glass-door-fireplace-in-springfield-ma/,200,ma,24,2,37,
glass-door-fireplace-repair-in-leominster-ma,https://chimcare-web.vercel.app/location/glass-door-fireplace-repair-in-leominster-ma/,200,ma,25,2,54,
glass-door-fireplace-repair-in-lowell-ma,https://chimcare-web.vercel.app/location/glass-door-fireplace-repair-in-lowell-ma/,200,ma,23,2,49,
glass-door-fireplace-repair-in-weymouth-ma,https://chimcare-web.vercel.app/location/glass-door-fireplace-repair-in-weymouth-ma/,200,ma,25,2,31,
glass-door-fireplace-repair-in-worcester-ma,https://chimcare-web.vercel.app/location/glass-door-fireplace-repair-in-worcester-ma/,200,ma,24,2,38,
heatshield-repair-in-cambridge-ma,https://chimcare-web.vercel.app/location/heatshield-repair-in-cambridge-ma/,200,ma,24,2,32,
heatshield-repair-in-dracut-ma,https://chimcare-web.vercel.app/location/heatshield-repair-in-dracut-ma/,200,ma,24,2,33,
heatshield-repair-in-leominster-ma,https://chimcare-web.vercel.app/location/heatshield-repair-in-leominster-ma/,200,ma,25,2,51,
heatshield-repair-in-lowell-ma,https://chimcare-web.vercel.app/location/heatshield-repair-in-lowell-ma/,200,ma,23,2,35,
heatshield-repair-in-springfield-ma,https://chimcare-web.vercel.app/location/heatshield-repair-in-springfield-ma/,200,ma,24,2,33,
heatshield-repair-in-weymouth-ma,https://chimcare-web.vercel.app/location/heatshield-repair-in-weymouth-ma/,200,ma,25,2,34,
heatshield-repair-in-worcester-ma,https://chimcare-web.vercel.app/location/heatshield-repair-in-worcester-ma/,200,ma,24,2,36,
leaking-chimney-repair-in-cambridge-ma,https://chimcare-web.vercel.app/location/leaking-chimney-repair-in-cambridge-ma/,200,ma,24,2,36,
leaking-chimney-repair-in-dracut-ma,https://chimcare-web.vercel.app/location/leaking-chimney-repair-in-dracut-ma/,200,ma,24,2,31,
leaking-chimney-repair-in-lowell-ma,https://chimcare-web.vercel.app/location/leaking-chimney-repair-in-lowell-ma/,200,ma,23,2,37,
leaking-chimney-repair-in-springfield-ma,https://chimcare-web.vercel.app/location/leaking-chimney-repair-in-springfield-ma/,200,ma,24,2,34,
leaking-chimney-repair-in-weymouth-ma,https://chimcare-web.vercel.app/location/leaking-chimney-repair-in-weymouth-ma/,200,ma,25,2,34,
leaking-chimney-repair-in-worcester-ma,https://chimcare-web.vercel.app/location/leaking-chimney-repair-in-worcester-ma/,200,ma,24,2,37,
liners-sweep-repair-in-lowell-ma,https://chimcare-web.vercel.app/location/liners-sweep-repair-in-lowell-ma/,200,ma,23,2,39,
liners-sweep-repair-in-weymouth-ma,https://chimcare-web.vercel.app/location/liners-sweep-repair-in-weymouth-ma/,200,ma,25,2,33,
liners-sweep-repair-in-worcester-ma,https://chimcare-web.vercel.app/location/liners-sweep-repair-in-worcester-ma/,200,ma,24,2,36,
liners-sweep-repair-was-not-needed-the-correct-slug-is-liners-in-cambridge-ma,https://chimcare-web.vercel.app/location/liners-sweep-repair-was-not-needed-the-correct-slug-is-liners-in-cambridge-ma/,200,ma,24,2,33,
local-chimney-sweep-and-cleaning-in-cambridge-ma,https://chimcare-web.vercel.app/location/local-chimney-sweep-and-cleaning-in-cambridge-ma/,200,ma,24,2,31,
local-chimney-sweep-and-cleaning-in-dracut-ma,https://chimcare-web.vercel.app/location/local-chimney-sweep-and-cleaning-in-dracut-ma/,200,ma,24,2,38,
local-chimney-sweep-and-cleaning-in-lowell-ma,https://chimcare-web.vercel.app/location/local-chimney-sweep-and-cleaning-in-lowell-ma/,200,ma,23,2,36,
local-chimney-sweep-and-cleaning-in-phoenix-az,https://chimcare-web.vercel.app/location/local-chimney-sweep-and-cleaning-in-phoenix-az/,200,az,8,2,36,
local-chimney-sweep-and-cleaning-in-springfield-ma,https://chimcare-web.vercel.app/location/local-chimney-sweep-and-cleaning-in-springfield-ma/,200,ma,24,2,33,
local-chimney-sweep-and-cleaning-in-weymouth-ma,https://chimcare-web.vercel.app/location/local-chimney-sweep-and-cleaning-in-weymouth-ma/,200,ma,25,2,31,
local-chimney-sweep-and-cleaning-in-worcester-ma,https://chimcare-web.vercel.app/location/local-chimney-sweep-and-cleaning-in-worcester-ma/,200,ma,24,2,28,
masonry-repair-construction-in-cambridge-ma,https://chimcare-web.vercel.app/location/masonry-repair-construction-in-cambridge-ma/,200,ma,24,2,33,
masonry-repair-construction-in-dracut-ma,https://chimcare-web.vercel.app/location/masonry-repair-construction-in-dracut-ma/,200,ma,24,2,45,
masonry-repair-construction-in-leominster-ma,https://chimcare-web.vercel.app/location/masonry-repair-construction-in-leominster-ma/,200,ma,25,2,51,
masonry-repair-construction-in-lowell-ma,https://chimcare-web.vercel.app/location/masonry-repair-construction-in-lowell-ma/,200,ma,23,2,34,
masonry-repair-construction-in-springfield-ma,https://chimcare-web.vercel.app/location/masonry-repair-construction-in-springfield-ma/,200,ma,24,2,33,
masonry-repair-construction-in-weymouth-ma,https://chimcare-web.vercel.app/location/masonry-repair-construction-in-weymouth-ma/,200,ma,25,2,34,
masonry-repair-construction-in-worcester-ma,https://chimcare-web.vercel.app/location/masonry-repair-construction-in-worcester-ma/,200,ma,24,2,36,
masonry-repair-in-cambridge-ma,https://chimcare-web.vercel.app/location/masonry-repair-in-cambridge-ma/,200,ma,24,2,27,
masonry-repair-in-dracut-ma,https://chimcare-web.vercel.app/location/masonry-repair-in-dracut-ma/,200,ma,24,2,30,
masonry-repair-in-leominster-ma,https://chimcare-web.vercel.app/location/masonry-repair-in-leominster-ma/,200,ma,25,2,54,
masonry-repair-in-lowell-ma,https://chimcare-web.vercel.app/location/masonry-repair-in-lowell-ma/,200,ma,23,2,34,
masonry-repair-in-springfield-ma,https://chimcare-web.vercel.app/location/masonry-repair-in-springfield-ma/,200,ma,24,2,37,
masonry-repair-in-weymouth-ma,https://chimcare-web.vercel.app/location/masonry-repair-in-weymouth-ma/,200,ma,25,2,35,
masonry-repair-in-worcester-ma,https://chimcare-web.vercel.app/location/masonry-repair-in-worcester-ma/,200,ma,24,2,37,
outdoor-fireplace-building-in-cambridge-ma,https://chimcare-web.vercel.app/location/outdoor-fireplace-building-in-cambridge-ma/,200,ma,24,2,33,
outdoor-fireplace-building-in-dracut-ma,https://chimcare-web.vercel.app/location/outdoor-fireplace-building-in-dracut-ma/,200,ma,24,2,32,
outdoor-fireplace-building-in-leominster-ma,https://chimcare-web.vercel.app/location/outdoor-fireplace-building-in-leominster-ma/,200,ma,25,2,51,
outdoor-fireplace-building-in-lowell-ma,https://chimcare-web.vercel.app/location/outdoor-fireplace-building-in-lowell-ma/,200,ma,23,2,37,
outdoor-fireplace-building-in-springfield-ma,https://chimcare-web.vercel.app/location/outdoor-fireplace-building-in-springfield-ma/,200,ma,24,2,40,
outdoor-fireplace-building-in-weymouth-ma,https://chimcare-web.vercel.app/location/outdoor-fireplace-building-in-weymouth-ma/,200,ma,25,2,35,
outdoor-fireplace-building-in-worcester-ma,https://chimcare-web.vercel.app/location/outdoor-fireplace-building-in-worcester-ma/,200,ma,24,2,37,
outdoor-fireplaces-in-leominster-ma,https://chimcare-web.vercel.app/location/outdoor-fireplaces-in-leominster-ma/,200,ma,25,2,49,
outdoor-fireplaces-in-springfield-ma,https://chimcare-web.vercel.app/location/outdoor-fireplaces-in-springfield-ma/,200,ma,24,2,37,
outdoor-fireplaces-in-weymouth-ma,https://chimcare-web.vercel.app/location/outdoor-fireplaces-in-weymouth-ma/,200,ma,25,2,33,
outdoor-fireplaces-repair-in-cambridge-ma,https://chimcare-web.vercel.app/location/outdoor-fireplaces-repair-in-cambridge-ma/,200,ma,24,2,36,
outdoor-fireplaces-repair-in-lowell-ma,https://chimcare-web.vercel.app/location/outdoor-fireplaces-repair-in-lowell-ma/,200,ma,23,2,38,
outdoor-fireplaces-repair-in-worcester-ma,https://chimcare-web.vercel.app/location/outdoor-fireplaces-repair-in-worcester-ma/,200,ma,24,2,35,
pellet-stove-cleaning-in-phoenix-az,https://chimcare-web.vercel.app/location/pellet-stove-cleaning-in-phoenix-az/,200,az,8,2,34,
pellet-stove-inspection-in-cambridge-ma,https://chimcare-web.vercel.app/location/pellet-stove-inspection-in-cambridge-ma/,200,ma,24,2,32,
pellet-stove-inspection-in-dracut-ma,https://chimcare-web.vercel.app/location/pellet-stove-inspection-in-dracut-ma/,200,ma,24,2,37,
pellet-stove-inspection-in-lowell-ma,https://chimcare-web.vercel.app/location/pellet-stove-inspection-in-lowell-ma/,200,ma,23,2,35,
pellet-stove-inspection-in-springfield-ma,https://chimcare-web.vercel.app/location/pellet-stove-inspection-in-springfield-ma/,200,ma,24,2,33,
pellet-stove-inspection-in-weymouth-ma,https://chimcare-web.vercel.app/location/pellet-stove-inspection-in-weymouth-ma/,200,ma,25,2,47,
pellet-stove-inspection-in-worcester-ma,https://chimcare-web.vercel.app/location/pellet-stove-inspection-in-worcester-ma/,200,ma,24,2,33,
pellet-stove-repair-in-cambridge-ma,https://chimcare-web.vercel.app/location/pellet-stove-repair-in-cambridge-ma/,200,ma,24,2,35,
pellet-stove-repair-in-dracut-ma,https://chimcare-web.vercel.app/location/pellet-stove-repair-in-dracut-ma/,200,ma,24,2,36,
pellet-stove-repair-in-lowell-ma,https://chimcare-web.vercel.app/location/pellet-stove-repair-in-lowell-ma/,200,ma,23,2,36,
pellet-stove-repair-in-phoenix-az,https://chimcare-web.vercel.app/location/pellet-stove-repair-in-phoenix-az/,200,az,8,2,42,
pellet-stove-repair-in-springfield-ma,https://chimcare-web.vercel.app/location/pellet-stove-repair-in-springfield-ma/,200,ma,24,2,44,
pellet-stove-repair-in-weymouth-ma,https://chimcare-web.vercel.app/location/pellet-stove-repair-in-weymouth-ma/,200,ma,25,2,34,
pellet-stove-repair-in-worcester-ma,https://chimcare-web.vercel.app/location/pellet-stove-repair-in-worcester-ma/,200,ma,24,2,37,
pellet-stove-service-in-cambridge-ma,https://chimcare-web.vercel.app/location/pellet-stove-service-in-cambridge-ma/,200,ma,24,2,33,
pellet-stove-service-in-dracut-ma,https://chimcare-web.vercel.app/location/pellet-stove-service-in-dracut-ma/,200,ma,24,2,33,
pellet-stove-service-in-lowell-ma,https://chimcare-web.vercel.app/location/pellet-stove-service-in-lowell-ma/,200,ma,23,2,34,
pellet-stove-service-in-springfield-ma,https://chimcare-web.vercel.app/location/pellet-stove-service-in-springfield-ma/,200,ma,24,2,46,
pellet-stove-service-in-weymouth-ma,https://chimcare-web.vercel.app/location/pellet-stove-service-in-weymouth-ma/,200,ma,25,2,34,
pellet-stove-service-in-worcester-ma,https://chimcare-web.vercel.app/location/pellet-stove-service-in-worcester-ma/,200,ma,24,2,36,
pellet-stoves-in-dracut-ma,https://chimcare-web.vercel.app/location/pellet-stoves-in-dracut-ma/,200,ma,24,2,42,
pellet-stoves-in-weymouth-ma,https://chimcare-web.vercel.app/location/pellet-stoves-in-weymouth-ma/,200,ma,25,2,34,
pellet-stoves-repair-in-cambridge-ma,https://chimcare-web.vercel.app/location/pellet-stoves-repair-in-cambridge-ma/,200,ma,24,2,29,
pellet-stoves-repair-in-lowell-ma,https://chimcare-web.vercel.app/location/pellet-stoves-repair-in-lowell-ma/,200,ma,23,2,46,
pellet-stoves-repair-in-springfield-ma,https://chimcare-web.vercel.app/location/pellet-stoves-repair-in-springfield-ma/,200,ma,24,2,34,
pellet-stoves-repair-in-worcester-ma,https://chimcare-web.vercel.app/location/pellet-stoves-repair-in-worcester-ma/,200,ma,24,2,36,
pilot-assembly-replacement-in-cambridge-ma,https://chimcare-web.vercel.app/location/pilot-assembly-replacement-in-cambridge-ma/,200,ma,24,2,33,
pilot-assembly-replacement-in-dracut-ma,https://chimcare-web.vercel.app/location/pilot-assembly-replacement-in-dracut-ma/,200,ma,24,2,37,
pilot-assembly-replacement-in-leominster-ma,https://chimcare-web.vercel.app/location/pilot-assembly-replacement-in-leominster-ma/,200,ma,25,2,51,
pilot-assembly-replacement-in-lowell-ma,https://chimcare-web.vercel.app/location/pilot-assembly-replacement-in-lowell-ma/,200,ma,23,2,38,
pilot-assembly-replacement-in-springfield-ma,https://chimcare-web.vercel.app/location/pilot-assembly-replacement-in-springfield-ma/,200,ma,24,2,33,
pilot-assembly-replacement-in-weymouth-ma,https://chimcare-web.vercel.app/location/pilot-assembly-replacement-in-weymouth-ma/,200,ma,25,2,33,
pilot-assembly-replacement-in-worcester-ma,https://chimcare-web.vercel.app/location/pilot-assembly-replacement-in-worcester-ma/,200,ma,24,2,35,
pilot-light-installation-in-cambridge-ma,https://chimcare-web.vercel.app/location/pilot-light-installation-in-cambridge-ma/,200,ma,24,2,29,
pilot-light-installation-in-dracut-ma,https://chimcare-web.vercel.app/location/pilot-light-installation-in-dracut-ma/,200,ma,24,2,37,
pilot-light-installation-in-lowell-ma,https://chimcare-web.vercel.app/location/pilot-light-installation-in-lowell-ma/,200,ma,23,2,38,
pilot-light-installation-in-springfield-ma,https://chimcare-web.vercel.app/location/pilot-light-installation-in-springfield-ma/,200,ma,24,2,32,
pilot-light-installation-in-weymouth-ma,https://chimcare-web.vercel.app/location/pilot-light-installation-in-weymouth-ma/,200,ma,25,2,35,
pilot-light-installation-in-worcester-ma,https://chimcare-web.vercel.app/location/pilot-light-installation-in-worcester-ma/,200,ma,24,2,37,
remote-control-for-a-pilot-light-in-cambridge-ma,https://chimcare-web.vercel.app/location/remote-control-for-a-pilot-light-in-cambridge-ma/,200,ma,24,2,33,
remote-control-for-a-pilot-light-in-dracut-ma,https://chimcare-web.vercel.app/location/remote-control-for-a-pilot-light-in-dracut-ma/,200,ma,24,2,44,
remote-control-for-a-pilot-light-in-leominster-ma,https://chimcare-web.vercel.app/location/remote-control-for-a-pilot-light-in-leominster-ma/,200,ma,25,2,53,
remote-control-for-a-pilot-light-in-lowell-ma,https://chimcare-web.vercel.app/location/remote-control-for-a-pilot-light-in-lowell-ma/,200,ma,23,2,35,
remote-control-for-a-pilot-light-in-springfield-ma,https://chimcare-web.vercel.app/location/remote-control-for-a-pilot-light-in-springfield-ma/,200,ma,24,2,32,
remote-control-for-a-pilot-light-in-weymouth-ma,https://chimcare-web.vercel.app/location/remote-control-for-a-pilot-light-in-weymouth-ma/,200,ma,25,2,32,
remote-control-for-a-pilot-light-in-worcester-ma,https://chimcare-web.vercel.app/location/remote-control-for-a-pilot-light-in-worcester-ma/,200,ma,24,2,53,
restoration-relining-in-cambridge-ma,https://chimcare-web.vercel.app/location/restoration-relining-in-cambridge-ma/,200,ma,24,2,35,
restoration-relining-in-dracut-ma,https://chimcare-web.vercel.app/location/restoration-relining-in-dracut-ma/,200,ma,24,2,36,
restoration-relining-in-lowell-ma,https://chimcare-web.vercel.app/location/restoration-relining-in-lowell-ma/,200,ma,23,2,35,
restoration-relining-in-springfield-ma,https://chimcare-web.vercel.app/location/restoration-relining-in-springfield-ma/,200,ma,24,2,43,
restoration-relining-in-weymouth-ma,https://chimcare-web.vercel.app/location/restoration-relining-in-weymouth-ma/,200,ma,25,2,31,
restoration-relining-in-worcester-ma,https://chimcare-web.vercel.app/location/restoration-relining-in-worcester-ma/,200,ma,24,2,37,
smelly-chimneys-repair-in-cambridge-ma,https://chimcare-web.vercel.app/location/smelly-chimneys-repair-in-cambridge-ma/,200,ma,24,2,33,
smelly-chimneys-repair-in-dracut-ma,https://chimcare-web.vercel.app/location/smelly-chimneys-repair-in-dracut-ma/,200,ma,24,2,32,
smelly-chimneys-repair-in-leominster-ma,https://chimcare-web.vercel.app/location/smelly-chimneys-repair-in-leominster-ma/,200,ma,25,2,51,
smelly-chimneys-repair-in-lowell-ma,https://chimcare-web.vercel.app/location/smelly-chimneys-repair-in-lowell-ma/,200,ma,23,2,32,
smelly-chimneys-repair-in-springfield-ma,https://chimcare-web.vercel.app/location/smelly-chimneys-repair-in-springfield-ma/,200,ma,24,2,32,
smelly-chimneys-repair-in-weymouth-ma,https://chimcare-web.vercel.app/location/smelly-chimneys-repair-in-weymouth-ma/,200,ma,25,2,36,
smelly-chimneys-repair-in-worcester-ma,https://chimcare-web.vercel.app/location/smelly-chimneys-repair-in-worcester-ma/,200,ma,24,2,37,
smoke-chamber-cleaning-in-cambridge-ma,https://chimcare-web.vercel.app/location/smoke-chamber-cleaning-in-cambridge-ma/,200,ma,24,2,37,
smoke-chamber-cleaning-in-dracut-ma,https://chimcare-web.vercel.app/location/smoke-chamber-cleaning-in-dracut-ma/,200,ma,24,2,32,
smoke-chamber-cleaning-in-leominster-ma,https://chimcare-web.vercel.app/location/smoke-chamber-cleaning-in-leominster-ma/,200,ma,25,2,51,
smoke-chamber-cleaning-in-lowell-ma,https://chimcare-web.vercel.app/location/smoke-chamber-cleaning-in-lowell-ma/,200,ma,23,2,32,
smoke-chamber-cleaning-in-springfield-ma,https://chimcare-web.vercel.app/location/smoke-chamber-cleaning-in-springfield-ma/,200,ma,24,2,34,
smoke-chamber-cleaning-in-weymouth-ma,https://chimcare-web.vercel.app/location/smoke-chamber-cleaning-in-weymouth-ma/,200,ma,25,2,31,
smoke-chamber-cleaning-in-worcester-ma,https://chimcare-web.vercel.app/location/smoke-chamber-cleaning-in-worcester-ma/,200,ma,24,2,37,
smoke-chamber-rebuild-in-cambridge-ma,https://chimcare-web.vercel.app/location/smoke-chamber-rebuild-in-cambridge-ma/,200,ma,24,2,34,
smoke-chamber-rebuild-in-dracut-ma,https://chimcare-web.vercel.app/location/smoke-chamber-rebuild-in-dracut-ma/,200,ma,24,2,33,
smoke-chamber-rebuild-in-leominster-ma,https://chimcare-web.vercel.app/location/smoke-chamber-rebuild-in-leominster-ma/,200,ma,25,2,56,
smoke-chamber-rebuild-in-lowell-ma,https://chimcare-web.vercel.app/location/smoke-chamber-rebuild-in-lowell-ma/,200,ma,23,2,32,
smoke-chamber-rebuild-in-springfield-ma,https://chimcare-web.vercel.app/location/smoke-chamber-rebuild-in-springfield-ma/,200,ma,24,2,41,
smoke-chamber-rebuild-in-weymouth-ma,https://chimcare-web.vercel.app/location/smoke-chamber-rebuild-in-weymouth-ma/,200,ma,25,2,36,
smoke-chamber-rebuild-in-worcester-ma,https://chimcare-web.vercel.app/location/smoke-chamber-rebuild-in-worcester-ma/,200,ma,24,2,33,
smoke-chamber-repair-in-cambridge-ma,https://chimcare-web.vercel.app/location/smoke-chamber-repair-in-cambridge-ma/,200,ma,24,2,48,
smoke-chamber-repair-in-dracut-ma,https://chimcare-web.vercel.app/location/smoke-chamber-repair-in-dracut-ma/,200,ma,24,2,34,
smoke-chamber-repair-in-leominster-ma,https://chimcare-web.vercel.app/location/smoke-chamber-repair-in-leominster-ma/,200,ma,25,2,50,
smoke-chamber-repair-in-lowell-ma,https://chimcare-web.vercel.app/location/smoke-chamber-repair-in-lowell-ma/,200,ma,23,2,42,
smoke-chamber-repair-in-springfield-ma,https://chimcare-web.vercel.app/location/smoke-chamber-repair-in-springfield-ma/,200,ma,24,2,34,
smoke-chamber-repair-in-weymouth-ma,https://chimcare-web.vercel.app/location/smoke-chamber-repair-in-weymouth-ma/,200,ma,25,2,32,
smoke-chamber-repair-in-worcester-ma,https://chimcare-web.vercel.app/location/smoke-chamber-repair-in-worcester-ma/,200,ma,24,2,44,
smoky-chimneys-in-cambridge-ma,https://chimcare-web.vercel.app/location/smoky-chimneys-in-cambridge-ma/,200,ma,24,2,36,
smoky-chimneys-in-springfield-ma,https://chimcare-web.vercel.app/location/smoky-chimneys-in-springfield-ma/,200,ma,24,2,34,
smoky-chimneys-in-worcester-ma,https://chimcare-web.vercel.app/location/smoky-chimneys-in-worcester-ma/,200,ma,24,2,35,
smoky-chimneys-repair-in-leominster-ma,https://chimcare-web.vercel.app/location/smoky-chimneys-repair-in-leominster-ma/,200,ma,25,2,49,
smoky-chimneys-repair-in-lowell-ma,https://chimcare-web.vercel.app/location/smoky-chimneys-repair-in-lowell-ma/,200,ma,23,2,34,
smoky-chimneys-repair-in-weymouth-ma,https://chimcare-web.vercel.app/location/smoky-chimneys-repair-in-weymouth-ma/,200,ma,25,2,34,
spark-arrestor-installation-in-cambridge-ma,https://chimcare-web.vercel.app/location/spark-arrestor-installation-in-cambridge-ma/,200,ma,24,2,36,
spark-arrestor-installation-in-dracut-ma,https://chimcare-web.vercel.app/location/spark-arrestor-installation-in-dracut-ma/,200,ma,24,2,35,
spark-arrestor-installation-in-lowell-ma,https://chimcare-web.vercel.app/location/spark-arrestor-installation-in-lowell-ma/,200,ma,23,2,35,
spark-arrestor-installation-in-springfield-ma,https://chimcare-web.vercel.app/location/spark-arrestor-installation-in-springfield-ma/,200,ma,24,2,47,
spark-arrestor-installation-in-weymouth-ma,https://chimcare-web.vercel.app/location/spark-arrestor-installation-in-weymouth-ma/,200,ma,25,2,34,
spark-arrestor-installation-in-worcester-ma,https://chimcare-web.vercel.app/location/spark-arrestor-installation-in-worcester-ma/,200,ma,24,2,35,
stainless-steel-liners-in-cambridge-ma,https://chimcare-web.vercel.app/location/stainless-steel-liners-in-cambridge-ma/,200,ma,24,2,33,
stainless-steel-liners-in-dracut-ma,https://chimcare-web.vercel.app/location/stainless-steel-liners-in-dracut-ma/,200,ma,24,2,38,
stainless-steel-liners-in-lowell-ma,https://chimcare-web.vercel.app/location/stainless-steel-liners-in-lowell-ma/,200,ma,23,2,36,
stainless-steel-liners-in-springfield-ma,https://chimcare-web.vercel.app/location/stainless-steel-liners-in-springfield-ma/,200,ma,24,2,35,
stainless-steel-liners-in-weymouth-ma,https://chimcare-web.vercel.app/location/stainless-steel-liners-in-weymouth-ma/,200,ma,25,2,34,
stainless-steel-liners-in-worcester-ma,https://chimcare-web.vercel.app/location/stainless-steel-liners-in-worcester-ma/,200,ma,24,2,38,
top-mount-dampers-in-cambridge-ma,https://chimcare-web.vercel.app/location/top-mount-dampers-in-cambridge-ma/,200,ma,24,2,37,
top-mount-dampers-in-dracut-ma,https://chimcare-web.vercel.app/location/top-mount-dampers-in-dracut-ma/,200,ma,24,2,46,
top-mount-dampers-in-lowell-ma,https://chimcare-web.vercel.app/location/top-mount-dampers-in-lowell-ma/,200,ma,23,2,36,
top-mount-dampers-in-springfield-ma,https://chimcare-web.vercel.app/location/top-mount-dampers-in-springfield-ma/,200,ma,24,2,34,
top-mount-dampers-in-weymouth-ma,https://chimcare-web.vercel.app/location/top-mount-dampers-in-weymouth-ma/,200,ma,25,2,45,
top-mount-dampers-in-worcester-ma,https://chimcare-web.vercel.app/location/top-mount-dampers-in-worcester-ma/,200,ma,24,2,38,
vent-free-gas-logs-in-cambridge-ma,https://chimcare-web.vercel.app/location/vent-free-gas-logs-in-cambridge-ma/,200,ma,24,2,31,
vent-free-gas-logs-in-dracut-ma,https://chimcare-web.vercel.app/location/vent-free-gas-logs-in-dracut-ma/,200,ma,24,2,33,
vent-free-gas-logs-in-leominster-ma,https://chimcare-web.vercel.app/location/vent-free-gas-logs-in-leominster-ma/,200,ma,25,2,46,
vent-free-gas-logs-in-lowell-ma,https://chimcare-web.vercel.app/location/vent-free-gas-logs-in-lowell-ma/,200,ma,23,2,35,
vent-free-gas-logs-in-springfield-ma,https://chimcare-web.vercel.app/location/vent-free-gas-logs-in-springfield-ma/,200,ma,24,2,35,
vent-free-gas-logs-in-weymouth-ma,https://chimcare-web.vercel.app/location/vent-free-gas-logs-in-weymouth-ma/,200,ma,25,2,34,
vent-free-gas-logs-in-worcester-ma,https://chimcare-web.vercel.app/location/vent-free-gas-logs-in-worcester-ma/,200,ma,24,2,37,
vented-gas-logs-in-cambridge-ma,https://chimcare-web.vercel.app/location/vented-gas-logs-in-cambridge-ma/,200,ma,24,2,33,
vented-gas-logs-in-dracut-ma,https://chimcare-web.vercel.app/location/vented-gas-logs-in-dracut-ma/,200,ma,24,2,34,
vented-gas-logs-in-leominster-ma,https://chimcare-web.vercel.app/location/vented-gas-logs-in-leominster-ma/,200,ma,25,2,51,
vented-gas-logs-in-lowell-ma,https://chimcare-web.vercel.app/location/vented-gas-logs-in-lowell-ma/,200,ma,23,2,37,
vented-gas-logs-in-springfield-ma,https://chimcare-web.vercel.app/location/vented-gas-logs-in-springfield-ma/,200,ma,24,2,33,
vented-gas-logs-in-weymouth-ma,https://chimcare-web.vercel.app/location/vented-gas-logs-in-weymouth-ma/,200,ma,25,2,35,
vented-gas-logs-in-worcester-ma,https://chimcare-web.vercel.app/location/vented-gas-logs-in-worcester-ma/,200,ma,24,2,32,
vented-gas-logs-installation-in-cambridge-ma,https://chimcare-web.vercel.app/location/vented-gas-logs-installation-in-cambridge-ma/,200,ma,24,2,32,
vented-gas-logs-installation-in-dracut-ma,https://chimcare-web.vercel.app/location/vented-gas-logs-installation-in-dracut-ma/,200,ma,24,2,34,
vented-gas-logs-installation-in-lowell-ma,https://chimcare-web.vercel.app/location/vented-gas-logs-installation-in-lowell-ma/,200,ma,23,2,36,
vented-gas-logs-installation-in-springfield-ma,https://chimcare-web.vercel.app/location/vented-gas-logs-installation-in-springfield-ma/,200,ma,24,2,42,
vented-gas-logs-installation-in-weymouth-ma,https://chimcare-web.vercel.app/location/vented-gas-logs-installation-in-weymouth-ma/,200,ma,25,2,31,
vented-gas-logs-installation-in-worcester-ma,https://chimcare-web.vercel.app/location/vented-gas-logs-installation-in-worcester-ma/,200,ma,24,2,37,
ventless-gas-logs-installation-in-cambridge-ma,https://chimcare-web.vercel.app/location/ventless-gas-logs-installation-in-cambridge-ma/,200,ma,24,2,37,
ventless-gas-logs-installation-in-dracut-ma,https://chimcare-web.vercel.app/location/ventless-gas-logs-installation-in-dracut-ma/,200,ma,24,2,54,
ventless-gas-logs-installation-in-lowell-ma,https://chimcare-web.vercel.app/location/ventless-gas-logs-installation-in-lowell-ma/,200,ma,23,2,34,
ventless-gas-logs-installation-in-springfield-ma,https://chimcare-web.vercel.app/location/ventless-gas-logs-installation-in-springfield-ma/,200,ma,24,2,34,
ventless-gas-logs-installation-in-weymouth-ma,https://chimcare-web.vercel.app/location/ventless-gas-logs-installation-in-weymouth-ma/,200,ma,25,2,33,
ventless-gas-logs-installation-in-worcester-ma,https://chimcare-web.vercel.app/location/ventless-gas-logs-installation-in-worcester-ma/,200,ma,24,2,40,
waterproofing-bricks-in-cambridge-ma,https://chimcare-web.vercel.app/location/waterproofing-bricks-in-cambridge-ma/,200,ma,24,2,32,
waterproofing-bricks-in-dracut-ma,https://chimcare-web.vercel.app/location/waterproofing-bricks-in-dracut-ma/,200,ma,24,2,42,
waterproofing-bricks-in-lowell-ma,https://chimcare-web.vercel.app/location/waterproofing-bricks-in-lowell-ma/,200,ma,23,2,38,
waterproofing-bricks-in-springfield-ma,https://chimcare-web.vercel.app/location/waterproofing-bricks-in-springfield-ma/,200,ma,24,2,35,
waterproofing-bricks-in-weymouth-ma,https://chimcare-web.vercel.app/location/waterproofing-bricks-in-weymouth-ma/,200,ma,25,2,34,
waterproofing-bricks-in-worcester-ma,https://chimcare-web.vercel.app/location/waterproofing-bricks-in-worcester-ma/,200,ma,24,2,39,
wood-burning-fireplace-inserts-in-cambridge-ma,https://chimcare-web.vercel.app/location/wood-burning-fireplace-inserts-in-cambridge-ma/,200,ma,24,2,37,
wood-burning-fireplace-inserts-in-dracut-ma,https://chimcare-web.vercel.app/location/wood-burning-fireplace-inserts-in-dracut-ma/,200,ma,24,2,35,
wood-burning-fireplace-inserts-in-leominster-ma,https://chimcare-web.vercel.app/location/wood-burning-fireplace-inserts-in-leominster-ma/,200,ma,25,2,55,
wood-burning-fireplace-inserts-in-lowell-ma,https://chimcare-web.vercel.app/location/wood-burning-fireplace-inserts-in-lowell-ma/,200,ma,23,2,32,
wood-burning-fireplace-inserts-in-springfield-ma,https://chimcare-web.vercel.app/location/wood-burning-fireplace-inserts-in-springfield-ma/,200,ma,24,2,36,
wood-burning-fireplace-inserts-in-weymouth-ma,https://chimcare-web.vercel.app/location/wood-burning-fireplace-inserts-in-weymouth-ma/,200,ma,25,2,34,
wood-burning-fireplace-inserts-in-worcester-ma,https://chimcare-web.vercel.app/location/wood-burning-fireplace-inserts-in-worcester-ma/,200,ma,24,2,38,
wood-burning-fireplace-installation-in-cambridge-ma,https://chimcare-web.vercel.app/location/wood-burning-fireplace-installation-in-cambridge-ma/,200,ma,24,2,38,
wood-burning-fireplace-installation-in-dracut-ma,https://chimcare-web.vercel.app/location/wood-burning-fireplace-installation-in-dracut-ma/,200,ma,24,2,33,
wood-burning-fireplace-installation-in-leominster-ma,https://chimcare-web.vercel.app/location/wood-burning-fireplace-installation-in-leominster-ma/,200,ma,25,2,47,
wood-burning-fireplace-installation-in-lowell-ma,https://chimcare-web.vercel.app/location/wood-burning-fireplace-installation-in-lowell-ma/,200,ma,23,2,39,
wood-burning-fireplace-installation-in-springfield-ma,https://chimcare-web.vercel.app/location/wood-burning-fireplace-installation-in-springfield-ma/,200,ma,24,2,40,
wood-burning-fireplace-installation-in-weymouth-ma,https://chimcare-web.vercel.app/location/wood-burning-fireplace-installation-in-weymouth-ma/,200,ma,25,2,32,
wood-burning-fireplace-installation-in-worcester-ma,https://chimcare-web.vercel.app/location/wood-burning-fireplace-installation-in-worcester-ma/,200,ma,24,2,38,
wood-burning-inserts-in-cambridge-ma,https://chimcare-web.vercel.app/location/wood-burning-inserts-in-cambridge-ma/,200,ma,24,2,48,
wood-burning-inserts-in-dracut-ma,https://chimcare-web.vercel.app/location/wood-burning-inserts-in-dracut-ma/,200,ma,24,2,35,
wood-burning-inserts-in-leominster-ma,https://chimcare-web.vercel.app/location/wood-burning-inserts-in-leominster-ma/,200,ma,25,2,54,
wood-burning-inserts-in-lowell-ma,https://chimcare-web.vercel.app/location/wood-burning-inserts-in-lowell-ma/,200,ma,23,2,44,
wood-burning-inserts-in-springfield-ma,https://chimcare-web.vercel.app/location/wood-burning-inserts-in-springfield-ma/,200,ma,24,2,38,
wood-burning-inserts-in-weymouth-ma,https://chimcare-web.vercel.app/location/wood-burning-inserts-in-weymouth-ma/,200,ma,25,2,30,
wood-burning-inserts-in-worcester-ma,https://chimcare-web.vercel.app/location/wood-burning-inserts-in-worcester-ma/,200,ma,24,2,33,
wood-burning-stove-installation-in-cambridge-ma,https://chimcare-web.vercel.app/location/wood-burning-stove-installation-in-cambridge-ma/,200,ma,24,2,32,
wood-burning-stove-installation-in-dracut-ma,https://chimcare-web.vercel.app/location/wood-burning-stove-installation-in-dracut-ma/,200,ma,24,2,35,
wood-burning-stove-installation-in-leominster-ma,https://chimcare-web.vercel.app/location/wood-burning-stove-installation-in-leominster-ma/,200,ma,25,2,59,
wood-burning-stove-installation-in-lowell-ma,https://chimcare-web.vercel.app/location/wood-burning-stove-installation-in-lowell-ma/,200,ma,23,2,32,
wood-burning-stove-installation-in-springfield-ma,https://chimcare-web.vercel.app/location/wood-burning-stove-installation-in-springfield-ma/,200,ma,24,2,36,
wood-burning-stove-installation-in-weymouth-ma,https://chimcare-web.vercel.app/location/wood-burning-stove-installation-in-weymouth-ma/,200,ma,25,2,34,
wood-burning-stove-installation-in-worcester-ma,https://chimcare-web.vercel.app/location/wood-burning-stove-installation-in-worcester-ma/,200,ma,24,2,36,
wood-fireplaces-in-cambridge-ma,https://chimcare-web.vercel.app/location/wood-fireplaces-in-cambridge-ma/,200,ma,24,2,44,
wood-fireplaces-in-lowell-ma,https://chimcare-web.vercel.app/location/wood-fireplaces-in-lowell-ma/,200,ma,23,2,35,
wood-fireplaces-in-springfield-ma,https://chimcare-web.vercel.app/location/wood-fireplaces-in-springfield-ma/,200,ma,24,2,33,
wood-fireplaces-sweep-repair-in-dracut-ma,https://chimcare-web.vercel.app/location/wood-fireplaces-sweep-repair-in-dracut-ma/,200,ma,24,2,33,
wood-fireplaces-sweep-repair-in-leominster-ma,https://chimcare-web.vercel.app/location/wood-fireplaces-sweep-repair-in-leominster-ma/,200,ma,25,2,50,
wood-fireplaces-sweep-repair-in-weymouth-ma,https://chimcare-web.vercel.app/location/wood-fireplaces-sweep-repair-in-weymouth-ma/,200,ma,25,2,31,
wood-fireplaces-sweep-repair-in-worcester-ma,https://chimcare-web.vercel.app/location/wood-fireplaces-sweep-repair-in-worcester-ma/,200,ma,24,2,33,
wood-insert-installation-in-phoenix-az,https://chimcare-web.vercel.app/location/wood-insert-installation-in-phoenix-az/,200,az,8,2,36,
wood-inserts-in-cambridge-ma,https://chimcare-web.vercel.app/location/wood-inserts-in-cambridge-ma/,200,ma,24,2,34,
wood-inserts-in-dracut-ma,https://chimcare-web.vercel.app/location/wood-inserts-in-dracut-ma/,200,ma,24,2,33,
wood-inserts-in-leominster-ma,https://chimcare-web.vercel.app/location/wood-inserts-in-leominster-ma/,200,ma,25,2,53,
wood-inserts-in-lowell-ma,https://chimcare-web.vercel.app/location/wood-inserts-in-lowell-ma/,200,ma,23,2,46,
wood-inserts-in-springfield-ma,https://chimcare-web.vercel.app/location/wood-inserts-in-springfield-ma/,200,ma,24,2,35,
wood-inserts-in-weymouth-ma,https://chimcare-web.vercel.app/location/wood-inserts-in-weymouth-ma/,200,ma,25,2,36,
wood-inserts-in-worcester-ma,https://chimcare-web.vercel.app/location/wood-inserts-in-worcester-ma/,200,ma,24,2,37,
wood-stove-cleaning-in-phoenix-az,https://chimcare-web.vercel.app/location/wood-stove-cleaning-in-phoenix-az/,200,az,8,2,52,
wood-stove-repair-in-phoenix-az,https://chimcare-web.vercel.app/location/wood-stove-repair-in-phoenix-az/,200,az,8,2,40,
wood-stoves-repair-in-cambridge-ma,https://chimcare-web.vercel.app/location/wood-stoves-repair-in-cambridge-ma/,200,ma,24,2,34,
wood-stoves-repair-in-dracut-ma,https://chimcare-web.vercel.app/location/wood-stoves-repair-in-dracut-ma/,200,ma,24,2,35,
wood-stoves-repair-in-leominster-ma,https://chimcare-web.vercel.app/location/wood-stoves-repair-in-leominster-ma/,200,ma,25,2,49,
wood-stoves-repair-in-lowell-ma,https://chimcare-web.vercel.app/location/wood-stoves-repair-in-lowell-ma/,200,ma,23,2,29,
wood-stoves-repair-in-springfield-ma,https://chimcare-web.vercel.app/location/wood-stoves-repair-in-springfield-ma/,200,ma,24,2,36,
wood-stoves-repair-in-weymouth-ma,https://chimcare-web.vercel.app/location/wood-stoves-repair-in-weymouth-ma/,200,ma,25,2,34,
wood-stoves-repair-in-worcester-ma,https://chimcare-web.vercel.app/location/wood-stoves-repair-in-worcester-ma/,200,ma,24,2,46,
