slug,url,live_url,title,state,words,blocks_total,blocks_rendered,words_archived,service_links,has_hero_image,meta_description
apartment-chimney-services-in-cambridge-ma,/location/apartment-chimney-services-in-cambridge-ma/,https://chimcare-web.vercel.app/location/apartment-chimney-services-in-cambridge-ma/,"Apartment Chimney Services in Cambridge,MA",ma,633,34,2,549,24,yes,no
apartment-chimney-services-in-dracut-ma,/location/apartment-chimney-services-in-dracut-ma/,https://chimcare-web.vercel.app/location/apartment-chimney-services-in-dracut-ma/,"Apartment Chimney Services in Dracut,MA",ma,599,33,2,502,24,yes,no
apartment-chimney-services-in-leominster-ma,/location/apartment-chimney-services-in-leominster-ma/,https://chimcare-web.vercel.app/location/apartment-chimney-services-in-leominster-ma/,"Apartment Chimney Services in Leominster,MA",ma,1019,54,2,955,25,yes,no
apartment-chimney-services-in-lowell-ma,/location/apartment-chimney-services-in-lowell-ma/,https://chimcare-web.vercel.app/location/apartment-chimney-services-in-lowell-ma/,"Apartment Chimney Services in Lowell,MA",ma,696,39,2,601,23,yes,no
apartment-chimney-services-in-springfield-ma,/location/apartment-chimney-services-in-springfield-ma/,https://chimcare-web.vercel.app/location/apartment-chimney-services-in-springfield-ma/,"Apartment Chimney Services in Springfield,MA",ma,569,32,2,489,24,yes,no
apartment-chimney-services-in-weymouth-ma,/location/apartment-chimney-services-in-weymouth-ma/,https://chimcare-web.vercel.app/location/apartment-chimney-services-in-weymouth-ma/,"Apartment Chimney Services in Weymouth,MA",ma,790,36,2,701,25,yes,no
apartment-chimney-services-in-worcester-ma,/location/apartment-chimney-services-in-worcester-ma/,https://chimcare-web.vercel.app/location/apartment-chimney-services-in-worcester-ma/,"Apartment Chimney Services in Worcester,MA",ma,680,33,2,575,24,yes,no
caps-rain-pans-in-cambridge-ma,/location/caps-rain-pans-in-cambridge-ma/,https://chimcare-web.vercel.app/location/caps-rain-pans-in-cambridge-ma/,"Caps and Rain Pans in Cambridge,MA",ma,725,33,2,624,24,yes,no
caps-rain-pans-in-dracut-ma,/location/caps-rain-pans-in-dracut-ma/,https://chimcare-web.vercel.app/location/caps-rain-pans-in-dracut-ma/,"Caps and Rain Pans in Dracut,MA",ma,698,36,2,601,24,yes,no
caps-rain-pans-in-leominster-ma,/location/caps-rain-pans-in-leominster-ma/,https://chimcare-web.vercel.app/location/caps-rain-pans-in-leominster-ma/,"Caps and Rain Pans in Leominster,MA",ma,1102,55,2,1006,25,yes,no
caps-rain-pans-in-lowell-ma,/location/caps-rain-pans-in-lowell-ma/,https://chimcare-web.vercel.app/location/caps-rain-pans-in-lowell-ma/,"Caps and Rain Pans in Lowell,MA",ma,764,37,2,661,23,yes,no
caps-rain-pans-in-springfield-ma,/location/caps-rain-pans-in-springfield-ma/,https://chimcare-web.vercel.app/location/caps-rain-pans-in-springfield-ma/,"Caps and Rain Pans in Springfield,MA",ma,808,35,2,721,24,yes,no
caps-rain-pans-in-weymouth-ma,/location/caps-rain-pans-in-weymouth-ma/,https://chimcare-web.vercel.app/location/caps-rain-pans-in-weymouth-ma/,"Caps and Rain Pans in Weymouth,MA",ma,672,32,2,569,25,yes,no
caps-rain-pans-in-worcester-ma,/location/caps-rain-pans-in-worcester-ma/,https://chimcare-web.vercel.app/location/caps-rain-pans-in-worcester-ma/,"Caps and Rain Pans in Worcester,MA",ma,654,33,2,550,24,yes,no
chimcare-chimney-sweep-in-burlington-ma,/location/chimcare-chimney-sweep-in-burlington-ma/,https://chimcare-web.vercel.app/location/chimcare-chimney-sweep-in-burlington-ma/,"Chimney Sweep & Fireplace Services in Burlington, MA",ma,927,67,2,863,24,yes,yes
chimney-animal-removal-in-cambridge-ma,/location/chimney-animal-removal-in-cambridge-ma/,https://chimcare-web.vercel.app/location/chimney-animal-removal-in-cambridge-ma/,"Chimney Animal Removal in Cambridge,MA",ma,617,32,2,528,23,yes,no
chimney-animal-removal-in-dracut-ma,/location/chimney-animal-removal-in-dracut-ma/,https://chimcare-web.vercel.app/location/chimney-animal-removal-in-dracut-ma/,"Chimney Animal Removal in Dracut,MA",ma,565,33,2,498,23,yes,no
chimney-animal-removal-in-leominster-ma,/location/chimney-animal-removal-in-leominster-ma/,https://chimcare-web.vercel.app/location/chimney-animal-removal-in-leominster-ma/,"Chimney Animal Removal in Leominster,MA",ma,1041,55,2,967,24,yes,no
chimney-animal-removal-in-lowell-ma,/location/chimney-animal-removal-in-lowell-ma/,https://chimcare-web.vercel.app/location/chimney-animal-removal-in-lowell-ma/,"Chimney Animal Removal in Lowell,MA",ma,650,33,2,546,22,yes,no
chimney-animal-removal-in-springfield-ma,/location/chimney-animal-removal-in-springfield-ma/,https://chimcare-web.vercel.app/location/chimney-animal-removal-in-springfield-ma/,"Chimney Animal Removal in Springfield,MA",ma,760,37,2,666,23,yes,no
chimney-animal-removal-in-weymouth-ma,/location/chimney-animal-removal-in-weymouth-ma/,https://chimcare-web.vercel.app/location/chimney-animal-removal-in-weymouth-ma/,"Chimney Animal Removal in Weymouth,MA",ma,684,34,2,606,24,yes,no
chimney-animal-removal-in-worcester-ma,/location/chimney-animal-removal-in-worcester-ma/,https://chimcare-web.vercel.app/location/chimney-animal-removal-in-worcester-ma/,"Chimney Animal Removal in Worcester,MA",ma,697,32,2,595,23,yes,no
chimney-bricks-repair-in-cambridge-ma,/location/chimney-bricks-repair-in-cambridge-ma/,https://chimcare-web.vercel.app/location/chimney-bricks-repair-in-cambridge-ma/,"Chimney Bricks Repair in Cambridge,MA",ma,615,34,2,525,24,yes,no
chimney-bricks-repair-in-dracut-ma,/location/chimney-bricks-repair-in-dracut-ma/,https://chimcare-web.vercel.app/location/chimney-bricks-repair-in-dracut-ma/,"Chimney Bricks Repair in Dracut,MA",ma,729,38,2,637,24,yes,no
chimney-bricks-repair-in-leominster-ma,/location/chimney-bricks-repair-in-leominster-ma/,https://chimcare-web.vercel.app/location/chimney-bricks-repair-in-leominster-ma/,"Chimney Bricks Repair in Leominster,MA",ma,1077,53,2,997,25,yes,no
chimney-bricks-repair-in-lowell-ma,/location/chimney-bricks-repair-in-lowell-ma/,https://chimcare-web.vercel.app/location/chimney-bricks-repair-in-lowell-ma/,"Chimney Bricks Repair in Lowell,MA",ma,799,37,2,691,23,yes,no
chimney-bricks-repair-in-springfield-ma,/location/chimney-bricks-repair-in-springfield-ma/,https://chimcare-web.vercel.app/location/chimney-bricks-repair-in-springfield-ma/,"Chimney Bricks Repair in Springfield,MA",ma,499,26,2,416,24,yes,no
chimney-bricks-repair-in-weymouth-ma,/location/chimney-bricks-repair-in-weymouth-ma/,https://chimcare-web.vercel.app/location/chimney-bricks-repair-in-weymouth-ma/,"Chimney Bricks Repair in Weymouth,MA",ma,764,35,2,673,25,yes,no
chimney-bricks-repair-in-worcester-ma,/location/chimney-bricks-repair-in-worcester-ma/,https://chimcare-web.vercel.app/location/chimney-bricks-repair-in-worcester-ma/,"Chimney Bricks Repair in Worcester,MA",ma,637,36,2,543,24,yes,no
chimney-cap-installation-in-cambridge-ma,/location/chimney-cap-installation-in-cambridge-ma/,https://chimcare-web.vercel.app/location/chimney-cap-installation-in-cambridge-ma/,"Chimney Cap Installation in Cambridge,MA",ma,758,36,2,679,23,yes,no
chimney-cap-installation-in-dracut-ma,/location/chimney-cap-installation-in-dracut-ma/,https://chimcare-web.vercel.app/location/chimney-cap-installation-in-dracut-ma/,"Chimney Cap Installation in Dracut,MA",ma,667,33,2,580,23,yes,no
chimney-cap-installation-in-leominster-ma,/location/chimney-cap-installation-in-leominster-ma/,https://chimcare-web.vercel.app/location/chimney-cap-installation-in-leominster-ma/,"Chimney Cap Installation in Leominster,MA",ma,1103,55,2,1040,24,yes,no
chimney-cap-installation-in-lowell-ma,/location/chimney-cap-installation-in-lowell-ma/,https://chimcare-web.vercel.app/location/chimney-cap-installation-in-lowell-ma/,"Chimney Cap Installation in Lowell,MA",ma,682,32,2,591,22,yes,no
chimney-cap-installation-in-phoenix-az,/location/chimney-cap-installation-in-phoenix-az/,https://chimcare-web.vercel.app/location/chimney-cap-installation-in-phoenix-az/,"Chimney Cap Installation in Phoenix,AZ",az,787,36,2,679,7,yes,no
chimney-cap-installation-in-springfield-ma,/location/chimney-cap-installation-in-springfield-ma/,https://chimcare-web.vercel.app/location/chimney-cap-installation-in-springfield-ma/,"Chimney Cap Installation in Springfield,MA",ma,713,33,2,611,23,yes,no
chimney-cap-installation-in-weymouth-ma,/location/chimney-cap-installation-in-weymouth-ma/,https://chimcare-web.vercel.app/location/chimney-cap-installation-in-weymouth-ma/,"Chimney Cap Installation in Weymouth,MA",ma,754,38,2,663,24,yes,no
chimney-cap-installation-in-worcester-ma,/location/chimney-cap-installation-in-worcester-ma/,https://chimcare-web.vercel.app/location/chimney-cap-installation-in-worcester-ma/,"Chimney Cap Installation in Worcester,MA",ma,638,36,2,542,23,yes,no
chimney-cap-repair-in-cambridge-ma,/location/chimney-cap-repair-in-cambridge-ma/,https://chimcare-web.vercel.app/location/chimney-cap-repair-in-cambridge-ma/,"Chimney Cap Repair in Cambridge,MA",ma,712,37,2,623,23,yes,no
chimney-cap-repair-in-dracut-ma,/location/chimney-cap-repair-in-dracut-ma/,https://chimcare-web.vercel.app/location/chimney-cap-repair-in-dracut-ma/,"Chimney Cap Repair in Dracut,MA",ma,688,32,2,589,23,yes,no
chimney-cap-repair-in-leominster-ma,/location/chimney-cap-repair-in-leominster-ma/,https://chimcare-web.vercel.app/location/chimney-cap-repair-in-leominster-ma/,"Chimney Cap Repair in Leominster,MA",ma,1109,51,2,1041,24,yes,no
chimney-cap-repair-in-lowell-ma,/location/chimney-cap-repair-in-lowell-ma/,https://chimcare-web.vercel.app/location/chimney-cap-repair-in-lowell-ma/,"Chimney Cap Repair in Lowell,MA",ma,619,37,2,541,22,yes,no
chimney-cap-repair-in-springfield-ma,/location/chimney-cap-repair-in-springfield-ma/,https://chimcare-web.vercel.app/location/chimney-cap-repair-in-springfield-ma/,"Chimney Cap Repair in Springfield,MA",ma,717,33,2,609,23,yes,no
chimney-cap-repair-in-weymouth-ma,/location/chimney-cap-repair-in-weymouth-ma/,https://chimcare-web.vercel.app/location/chimney-cap-repair-in-weymouth-ma/,"Chimney Cap Repair in Weymouth,MA",ma,673,31,2,568,24,yes,no
chimney-cap-repair-in-worcester-ma,/location/chimney-cap-repair-in-worcester-ma/,https://chimcare-web.vercel.app/location/chimney-cap-repair-in-worcester-ma/,"Chimney Cap Repair in Worcester,MA",ma,752,38,2,662,23,yes,no
chimney-caps-in-cambridge-ma,/location/chimney-caps-in-cambridge-ma/,https://chimcare-web.vercel.app/location/chimney-caps-in-cambridge-ma/,"Chimney Caps in Cambridge,MA",ma,685,33,2,585,24,yes,no
chimney-caps-in-cambridge-ma-2,/location/chimney-caps-in-cambridge-ma-2/,https://chimcare-web.vercel.app/location/chimney-caps-in-cambridge-ma-2/,"Chimney Caps (product) in Cambridge,MA",-2,720,45,2,621,0,yes,no
chimney-caps-in-dracut-ma,/location/chimney-caps-in-dracut-ma/,https://chimcare-web.vercel.app/location/chimney-caps-in-dracut-ma/,"Chimney Caps in Dracut,MA",ma,739,35,2,629,24,yes,no
chimney-caps-in-dracut-ma-2,/location/chimney-caps-in-dracut-ma-2/,https://chimcare-web.vercel.app/location/chimney-caps-in-dracut-ma-2/,"Chimney Caps (product) in Dracut,MA",-2,697,35,2,600,0,yes,no
chimney-caps-in-leominster-ma,/location/chimney-caps-in-leominster-ma/,https://chimcare-web.vercel.app/location/chimney-caps-in-leominster-ma/,"Chimney Caps in Leominster,MA",ma,1081,55,2,1010,25,yes,no
chimney-caps-in-leominster-ma-2,/location/chimney-caps-in-leominster-ma-2/,https://chimcare-web.vercel.app/location/chimney-caps-in-leominster-ma-2/,"Chimney Caps (product) in Leominster,MA",-2,1087,53,2,1012,0,yes,no
chimney-caps-in-lowell-ma,/location/chimney-caps-in-lowell-ma/,https://chimcare-web.vercel.app/location/chimney-caps-in-lowell-ma/,"Chimney Caps (product) in Lowell,MA",ma,760,39,2,661,23,yes,no
chimney-caps-in-springfield-ma,/location/chimney-caps-in-springfield-ma/,https://chimcare-web.vercel.app/location/chimney-caps-in-springfield-ma/,"Chimney Caps in Springfield,MA",ma,673,37,2,581,24,yes,no
chimney-caps-in-springfield-ma-2,/location/chimney-caps-in-springfield-ma-2/,https://chimcare-web.vercel.app/location/chimney-caps-in-springfield-ma-2/,"Chimney Caps (product) in Springfield,MA",-2,771,34,2,675,0,yes,no
chimney-caps-in-worcester-ma,/location/chimney-caps-in-worcester-ma/,https://chimcare-web.vercel.app/location/chimney-caps-in-worcester-ma/,"Chimney Caps in Worcester,MA",ma,750,36,2,651,24,yes,no
chimney-caps-repair-in-lowell-ma,/location/chimney-caps-repair-in-lowell-ma/,https://chimcare-web.vercel.app/location/chimney-caps-repair-in-lowell-ma/,"Chimney Caps in Lowell,MA",ma,1097,43,2,1009,23,yes,no
chimney-caps-repair-in-weymouth-ma,/location/chimney-caps-repair-in-weymouth-ma/,https://chimcare-web.vercel.app/location/chimney-caps-repair-in-weymouth-ma/,"Chimney Caps (product) in Weymouth,MA",ma,743,33,2,657,25,yes,no
chimney-caps-repair-in-worcester-ma,/location/chimney-caps-repair-in-worcester-ma/,https://chimcare-web.vercel.app/location/chimney-caps-repair-in-worcester-ma/,"Chimney Caps (product) in Worcester,MA",ma,725,31,2,634,24,yes,no
chimney-chase-covering-in-cambridge-ma,/location/chimney-chase-covering-in-cambridge-ma/,https://chimcare-web.vercel.app/location/chimney-chase-covering-in-cambridge-ma/,"Chimney Chase Covering in Cambridge,MA",ma,654,32,2,564,24,yes,no
chimney-chase-covering-in-dracut-ma,/location/chimney-chase-covering-in-dracut-ma/,https://chimcare-web.vercel.app/location/chimney-chase-covering-in-dracut-ma/,"Chimney Chase Covering in Dracut,MA",ma,1028,46,2,940,24,yes,no
chimney-chase-covering-in-leominster-ma,/location/chimney-chase-covering-in-leominster-ma/,https://chimcare-web.vercel.app/location/chimney-chase-covering-in-leominster-ma/,"Chimney Chase Covering in Leominster,MA",ma,1088,53,2,1004,25,yes,no
chimney-chase-covering-in-lowell-ma,/location/chimney-chase-covering-in-lowell-ma/,https://chimcare-web.vercel.app/location/chimney-chase-covering-in-lowell-ma/,"Chimney Chase Covering in Lowell,MA",ma,792,36,2,688,23,yes,no
chimney-chase-covering-in-springfield-ma,/location/chimney-chase-covering-in-springfield-ma/,https://chimcare-web.vercel.app/location/chimney-chase-covering-in-springfield-ma/,"Chimney Chase Covering in Springfield,MA",ma,846,36,2,750,24,yes,no
chimney-chase-covering-in-weymouth-ma,/location/chimney-chase-covering-in-weymouth-ma/,https://chimcare-web.vercel.app/location/chimney-chase-covering-in-weymouth-ma/,"Chimney Chase Covering in Weymouth,MA",ma,766,36,2,667,25,yes,no
chimney-chase-covering-in-worcester-ma,/location/chimney-chase-covering-in-worcester-ma/,https://chimcare-web.vercel.app/location/chimney-chase-covering-in-worcester-ma/,"Chimney Chase Covering in Worcester,MA",ma,809,36,2,713,24,yes,no
chimney-chase-restoration-in-cambridge-ma,/location/chimney-chase-restoration-in-cambridge-ma/,https://chimcare-web.vercel.app/location/chimney-chase-restoration-in-cambridge-ma/,"Chimney Chase Restoration in Cambridge,MA",ma,621,33,2,539,24,yes,no
chimney-chase-restoration-in-dracut-ma,/location/chimney-chase-restoration-in-dracut-ma/,https://chimcare-web.vercel.app/location/chimney-chase-restoration-in-dracut-ma/,"Chimney Chase Restoration in Dracut,MA",ma,709,38,2,605,24,yes,no
chimney-chase-restoration-in-leominster-ma,/location/chimney-chase-restoration-in-leominster-ma/,https://chimcare-web.vercel.app/location/chimney-chase-restoration-in-leominster-ma/,"Chimney Chase Restoration in Leominster,MA",ma,1076,52,2,1000,25,yes,no
chimney-chase-restoration-in-lowell-ma,/location/chimney-chase-restoration-in-lowell-ma/,https://chimcare-web.vercel.app/location/chimney-chase-restoration-in-lowell-ma/,"Chimney Chase Restoration in Lowell,MA",ma,702,37,2,618,23,yes,no
chimney-chase-restoration-in-springfield-ma,/location/chimney-chase-restoration-in-springfield-ma/,https://chimcare-web.vercel.app/location/chimney-chase-restoration-in-springfield-ma/,"Chimney Chase Restoration in Springfield,MA",ma,1040,40,2,924,24,yes,no
chimney-chase-restoration-in-weymouth-ma,/location/chimney-chase-restoration-in-weymouth-ma/,https://chimcare-web.vercel.app/location/chimney-chase-restoration-in-weymouth-ma/,"Chimney Chase Restoration in Weymouth,MA",ma,636,31,2,549,25,yes,no
chimney-chase-restoration-in-worcester-ma,/location/chimney-chase-restoration-in-worcester-ma/,https://chimcare-web.vercel.app/location/chimney-chase-restoration-in-worcester-ma/,"Chimney Chase Restoration in Worcester,MA",ma,754,37,2,649,24,yes,no
chimney-cleaning-in-cambridge-ma,/location/chimney-cleaning-in-cambridge-ma/,https://chimcare-web.vercel.app/location/chimney-cleaning-in-cambridge-ma/,"Chimney Cleaning in Cambridge,MA",ma,720,38,2,639,23,yes,no
chimney-cleaning-in-dracut-ma,/location/chimney-cleaning-in-dracut-ma/,https://chimcare-web.vercel.app/location/chimney-cleaning-in-dracut-ma/,"Chimney Cleaning in Dracut,MA",ma,659,32,2,573,23,yes,no
chimney-cleaning-in-leominster-ma,/location/chimney-cleaning-in-leominster-ma/,https://chimcare-web.vercel.app/location/chimney-cleaning-in-leominster-ma/,"Chimney Cleaning in Leominster,MA",ma,1085,53,2,1015,24,yes,no
chimney-cleaning-in-lowell-ma,/location/chimney-cleaning-in-lowell-ma/,https://chimcare-web.vercel.app/location/chimney-cleaning-in-lowell-ma/,"Chimney Cleaning in Lowell,MA",ma,721,39,2,633,22,yes,no
chimney-cleaning-in-phoenix-az,/location/chimney-cleaning-in-phoenix-az/,https://chimcare-web.vercel.app/location/chimney-cleaning-in-phoenix-az/,"Chimney Cleaning in Phoenix,AZ",az,715,35,2,636,7,yes,no
chimney-cleaning-in-springfield-ma,/location/chimney-cleaning-in-springfield-ma/,https://chimcare-web.vercel.app/location/chimney-cleaning-in-springfield-ma/,"Chimney Cleaning in Springfield,MA",ma,643,35,2,564,23,yes,no
chimney-cleaning-in-weymouth-ma,/location/chimney-cleaning-in-weymouth-ma/,https://chimcare-web.vercel.app/location/chimney-cleaning-in-weymouth-ma/,"Chimney Cleaning in Weymouth,MA",ma,667,33,2,586,24,yes,no
chimney-cleaning-in-worcester-ma,/location/chimney-cleaning-in-worcester-ma/,https://chimcare-web.vercel.app/location/chimney-cleaning-in-worcester-ma/,"Chimney Cleaning in Worcester,MA",ma,649,35,2,559,23,yes,no
chimney-cleaning-maintenance-services-in-cambridge-ma,/location/chimney-cleaning-maintenance-services-in-cambridge-ma/,https://chimcare-web.vercel.app/location/chimney-cleaning-maintenance-services-in-cambridge-ma/,"Chimney Cleaning & Maintenance Services in Cambridge,MA",ma,653,33,2,572,24,yes,no
chimney-cleaning-maintenance-services-in-dracut-ma,/location/chimney-cleaning-maintenance-services-in-dracut-ma/,https://chimcare-web.vercel.app/location/chimney-cleaning-maintenance-services-in-dracut-ma/,"Chimney Cleaning & Maintenance Services in Dracut,MA",ma,670,33,2,568,24,yes,no
chimney-cleaning-maintenance-services-in-leominster-ma,/location/chimney-cleaning-maintenance-services-in-leominster-ma/,https://chimcare-web.vercel.app/location/chimney-cleaning-maintenance-services-in-leominster-ma/,"Chimney Cleaning & Maintenance Services in Leominster,MA",ma,1001,48,2,911,25,yes,no
chimney-cleaning-maintenance-services-in-lowell-ma,/location/chimney-cleaning-maintenance-services-in-lowell-ma/,https://chimcare-web.vercel.app/location/chimney-cleaning-maintenance-services-in-lowell-ma/,"Chimney Cleaning & Maintenance Services in Lowell,MA",ma,763,37,2,679,23,yes,no
chimney-cleaning-maintenance-services-in-springfield-ma,/location/chimney-cleaning-maintenance-services-in-springfield-ma/,https://chimcare-web.vercel.app/location/chimney-cleaning-maintenance-services-in-springfield-ma/,"Chimney Cleaning & Maintenance Services in Springfield,MA",ma,716,32,2,625,24,yes,no
chimney-cleaning-maintenance-services-in-weymouth-ma,/location/chimney-cleaning-maintenance-services-in-weymouth-ma/,https://chimcare-web.vercel.app/location/chimney-cleaning-maintenance-services-in-weymouth-ma/,"Chimney Cleaning & Maintenance Services in Weymouth,MA",ma,653,36,2,571,25,yes,no
chimney-cleaning-maintenance-services-in-worcester-ma,/location/chimney-cleaning-maintenance-services-in-worcester-ma/,https://chimcare-web.vercel.app/location/chimney-cleaning-maintenance-services-in-worcester-ma/,"Chimney Cleaning & Maintenance Services in Worcester,MA",ma,717,38,2,619,24,yes,no
chimney-construction-in-cambridge-ma,/location/chimney-construction-in-cambridge-ma/,https://chimcare-web.vercel.app/location/chimney-construction-in-cambridge-ma/,"Chimney Construction in Cambridge,MA",ma,741,34,2,657,24,yes,no
chimney-construction-in-dracut-ma,/location/chimney-construction-in-dracut-ma/,https://chimcare-web.vercel.app/location/chimney-construction-in-dracut-ma/,"Chimney Construction in Dracut,MA",ma,767,33,2,658,24,yes,no
chimney-construction-in-leominster-ma,/location/chimney-construction-in-leominster-ma/,https://chimcare-web.vercel.app/location/chimney-construction-in-leominster-ma/,"Chimney Construction in Leominster,MA",ma,1073,52,2,1011,25,yes,no
chimney-construction-in-lowell-ma,/location/chimney-construction-in-lowell-ma/,https://chimcare-web.vercel.app/location/chimney-construction-in-lowell-ma/,"Chimney Construction in Lowell,MA",ma,567,33,2,488,23,yes,no
chimney-construction-in-springfield-ma,/location/chimney-construction-in-springfield-ma/,https://chimcare-web.vercel.app/location/chimney-construction-in-springfield-ma/,"Chimney Construction in Springfield,MA",ma,692,34,2,606,24,yes,no
chimney-construction-in-weymouth-ma,/location/chimney-construction-in-weymouth-ma/,https://chimcare-web.vercel.app/location/chimney-construction-in-weymouth-ma/,"Chimney Construction in Weymouth,MA",ma,691,34,2,615,25,yes,no
chimney-construction-in-worcester-ma,/location/chimney-construction-in-worcester-ma/,https://chimcare-web.vercel.app/location/chimney-construction-in-worcester-ma/,"Chimney Construction in Worcester,MA",ma,588,36,2,494,24,yes,no
chimney-cricket-installation-in-cambridge-ma,/location/chimney-cricket-installation-in-cambridge-ma/,https://chimcare-web.vercel.app/location/chimney-cricket-installation-in-cambridge-ma/,"Chimney Cricket Installation in Cambridge,MA",ma,799,35,2,703,24,yes,no
chimney-cricket-installation-in-dracut-ma,/location/chimney-cricket-installation-in-dracut-ma/,https://chimcare-web.vercel.app/location/chimney-cricket-installation-in-dracut-ma/,"Chimney Cricket Installation in Dracut,MA",ma,767,33,2,658,24,yes,no
chimney-cricket-installation-in-leominster-ma,/location/chimney-cricket-installation-in-leominster-ma/,https://chimcare-web.vercel.app/location/chimney-cricket-installation-in-leominster-ma/,"Chimney Cricket Installation in Leominster,MA",ma,1121,49,2,1021,25,yes,no
chimney-cricket-installation-in-lowell-ma,/location/chimney-cricket-installation-in-lowell-ma/,https://chimcare-web.vercel.app/location/chimney-cricket-installation-in-lowell-ma/,"Chimney Cricket Installation in Lowell,MA",ma,735,35,2,613,23,yes,no
chimney-cricket-installation-in-springfield-ma,/location/chimney-cricket-installation-in-springfield-ma/,https://chimcare-web.vercel.app/location/chimney-cricket-installation-in-springfield-ma/,"Chimney Cricket Installation in Springfield,MA",ma,732,34,2,630,24,yes,no
chimney-cricket-installation-in-weymouth-ma,/location/chimney-cricket-installation-in-weymouth-ma/,https://chimcare-web.vercel.app/location/chimney-cricket-installation-in-weymouth-ma/,"Chimney Cricket Installation in Weymouth,MA",ma,789,34,2,695,25,yes,no
chimney-cricket-installation-in-worcester-ma,/location/chimney-cricket-installation-in-worcester-ma/,https://chimcare-web.vercel.app/location/chimney-cricket-installation-in-worcester-ma/,"Chimney Cricket Installation in Worcester,MA",ma,597,37,2,501,24,yes,no
chimney-crown-repair-in-cambridge-ma,/location/chimney-crown-repair-in-cambridge-ma/,https://chimcare-web.vercel.app/location/chimney-crown-repair-in-cambridge-ma/,"Chimney Crown Repair in Cambridge,MA",ma,1020,46,2,933,23,yes,no
chimney-crown-repair-in-dracut-ma,/location/chimney-crown-repair-in-dracut-ma/,https://chimcare-web.vercel.app/location/chimney-crown-repair-in-dracut-ma/,"Chimney Crown Repair in Dracut,MA",ma,682,33,2,592,23,yes,no
chimney-crown-repair-in-leominster-ma,/location/chimney-crown-repair-in-leominster-ma/,https://chimcare-web.vercel.app/location/chimney-crown-repair-in-leominster-ma/,"Chimney Crown Repair in Leominster,MA",ma,1077,52,2,995,24,yes,no
chimney-crown-repair-in-lowell-ma,/location/chimney-crown-repair-in-lowell-ma/,https://chimcare-web.vercel.app/location/chimney-crown-repair-in-lowell-ma/,"Chimney Crown Repair in Lowell,MA",ma,735,38,2,628,22,yes,no
chimney-crown-repair-in-springfield-ma,/location/chimney-crown-repair-in-springfield-ma/,https://chimcare-web.vercel.app/location/chimney-crown-repair-in-springfield-ma/,"Chimney Crown Repair in Springfield,MA",ma,775,34,2,653,23,yes,no
chimney-crown-repair-in-weymouth-ma,/location/chimney-crown-repair-in-weymouth-ma/,https://chimcare-web.vercel.app/location/chimney-crown-repair-in-weymouth-ma/,"Chimney Crown Repair in Weymouth,MA",ma,682,33,2,583,24,yes,no
chimney-crown-repair-in-worcester-ma,/location/chimney-crown-repair-in-worcester-ma/,https://chimcare-web.vercel.app/location/chimney-crown-repair-in-worcester-ma/,"Chimney Crown Repair in Worcester,MA",ma,697,36,2,602,23,yes,no
chimney-crowns-in-cambridge-ma,/location/chimney-crowns-in-cambridge-ma/,https://chimcare-web.vercel.app/location/chimney-crowns-in-cambridge-ma/,"Chimney Crowns in Cambridge,MA",ma,727,34,2,634,24,yes,no
chimney-crowns-in-dracut-ma,/location/chimney-crowns-in-dracut-ma/,https://chimcare-web.vercel.app/location/chimney-crowns-in-dracut-ma/,"Chimney Crowns in Dracut,MA",ma,686,33,2,577,24,yes,no
chimney-crowns-in-springfield-ma,/location/chimney-crowns-in-springfield-ma/,https://chimcare-web.vercel.app/location/chimney-crowns-in-springfield-ma/,"Chimney Crowns in Springfield,MA",ma,709,35,2,611,24,yes,no
chimney-crowns-repair-in-leominster-ma,/location/chimney-crowns-repair-in-leominster-ma/,https://chimcare-web.vercel.app/location/chimney-crowns-repair-in-leominster-ma/,"Chimney Crowns in Leominster,MA",ma,1060,52,2,985,25,yes,no
chimney-crowns-repair-in-lowell-ma,/location/chimney-crowns-repair-in-lowell-ma/,https://chimcare-web.vercel.app/location/chimney-crowns-repair-in-lowell-ma/,"Chimney Crowns in Lowell,MA",ma,780,33,2,676,23,yes,no
chimney-crowns-repair-in-weymouth-ma,/location/chimney-crowns-repair-in-weymouth-ma/,https://chimcare-web.vercel.app/location/chimney-crowns-repair-in-weymouth-ma/,"Chimney Crowns in Weymouth,MA",ma,634,32,2,541,25,yes,no
chimney-crowns-repair-in-worcester-ma,/location/chimney-crowns-repair-in-worcester-ma/,https://chimcare-web.vercel.app/location/chimney-crowns-repair-in-worcester-ma/,"Chimney Crowns in Worcester,MA",ma,696,35,2,603,24,yes,no
chimney-damper-repair-in-cambridge-ma,/location/chimney-damper-repair-in-cambridge-ma/,https://chimcare-web.vercel.app/location/chimney-damper-repair-in-cambridge-ma/,"Chimney Damper Repair in Cambridge,MA",ma,724,34,2,638,23,yes,no
chimney-damper-repair-in-dracut-ma,/location/chimney-damper-repair-in-dracut-ma/,https://chimcare-web.vercel.app/location/chimney-damper-repair-in-dracut-ma/,"Chimney Damper Repair in Dracut,MA",ma,721,32,2,630,23,yes,no
chimney-damper-repair-in-leominster-ma,/location/chimney-damper-repair-in-leominster-ma/,https://chimcare-web.vercel.app/location/chimney-damper-repair-in-leominster-ma/,"Chimney Damper Repair in Leominster,MA",ma,1063,49,2,989,24,yes,no
chimney-damper-repair-in-lowell-ma,/location/chimney-damper-repair-in-lowell-ma/,https://chimcare-web.vercel.app/location/chimney-damper-repair-in-lowell-ma/,"Chimney Damper Repair in Lowell,MA",ma,643,33,2,553,22,yes,no
chimney-damper-repair-in-springfield-ma,/location/chimney-damper-repair-in-springfield-ma/,https://chimcare-web.vercel.app/location/chimney-damper-repair-in-springfield-ma/,"Chimney Damper Repair in Springfield,MA",ma,719,33,2,620,23,yes,no
chimney-damper-repair-in-weymouth-ma,/location/chimney-damper-repair-in-weymouth-ma/,https://chimcare-web.vercel.app/location/chimney-damper-repair-in-weymouth-ma/,"Chimney Damper Repair in Weymouth,MA",ma,1085,45,2,977,24,yes,no
chimney-damper-repair-in-worcester-ma,/location/chimney-damper-repair-in-worcester-ma/,https://chimcare-web.vercel.app/location/chimney-damper-repair-in-worcester-ma/,"Chimney Damper Repair in Worcester,MA",ma,835,39,2,709,23,yes,no
chimney-deep-cleaning-pcr-in-cambridge-ma,/location/chimney-deep-cleaning-pcr-in-cambridge-ma/,https://chimcare-web.vercel.app/location/chimney-deep-cleaning-pcr-in-cambridge-ma/,"Chimney Deep Cleaning (PCR) in Cambridge,MA",ma,672,35,2,582,24,yes,no
chimney-deep-cleaning-pcr-in-dracut-ma,/location/chimney-deep-cleaning-pcr-in-dracut-ma/,https://chimcare-web.vercel.app/location/chimney-deep-cleaning-pcr-in-dracut-ma/,"Chimney Deep Cleaning (PCR) in Dracut,MA",ma,677,32,2,587,24,yes,no
chimney-deep-cleaning-pcr-in-leominster-ma,/location/chimney-deep-cleaning-pcr-in-leominster-ma/,https://chimcare-web.vercel.app/location/chimney-deep-cleaning-pcr-in-leominster-ma/,"Chimney Deep Cleaning (PCR) in Leominster,MA",ma,1012,54,2,942,25,yes,no
chimney-deep-cleaning-pcr-in-lowell-ma,/location/chimney-deep-cleaning-pcr-in-lowell-ma/,https://chimcare-web.vercel.app/location/chimney-deep-cleaning-pcr-in-lowell-ma/,"Chimney Deep Cleaning (PCR) in Lowell,MA",ma,664,33,2,586,23,yes,no
chimney-deep-cleaning-pcr-in-springfield-ma,/location/chimney-deep-cleaning-pcr-in-springfield-ma/,https://chimcare-web.vercel.app/location/chimney-deep-cleaning-pcr-in-springfield-ma/,"Chimney Deep Cleaning (PCR) in Springfield,MA",ma,684,33,2,597,24,yes,no
chimney-deep-cleaning-pcr-in-weymouth-ma,/location/chimney-deep-cleaning-pcr-in-weymouth-ma/,https://chimcare-web.vercel.app/location/chimney-deep-cleaning-pcr-in-weymouth-ma/,"Chimney Deep Cleaning (PCR) in Weymouth,MA",ma,703,35,2,624,25,yes,no
chimney-deep-cleaning-pcr-in-worcester-ma,/location/chimney-deep-cleaning-pcr-in-worcester-ma/,https://chimcare-web.vercel.app/location/chimney-deep-cleaning-pcr-in-worcester-ma/,"Chimney Deep Cleaning (PCR) in Worcester,MA",ma,704,38,2,615,24,yes,no
chimney-fan-installation-in-cambridge-ma,/location/chimney-fan-installation-in-cambridge-ma/,https://chimcare-web.vercel.app/location/chimney-fan-installation-in-cambridge-ma/,"Chimney Fan Installation in Cambridge,MA",ma,740,34,2,634,24,yes,no
chimney-fan-installation-in-dracut-ma,/location/chimney-fan-installation-in-dracut-ma/,https://chimcare-web.vercel.app/location/chimney-fan-installation-in-dracut-ma/,"Chimney Fan Installation in Dracut,MA",ma,596,31,2,508,24,yes,no
chimney-fan-installation-in-leominster-ma,/location/chimney-fan-installation-in-leominster-ma/,https://chimcare-web.vercel.app/location/chimney-fan-installation-in-leominster-ma/,"Chimney Fan Installation in Leominster,MA",ma,1113,48,2,1033,25,yes,no
chimney-fan-installation-in-lowell-ma,/location/chimney-fan-installation-in-lowell-ma/,https://chimcare-web.vercel.app/location/chimney-fan-installation-in-lowell-ma/,"Chimney Fan Installation in Lowell,MA",ma,799,38,2,700,23,yes,no
chimney-fan-installation-in-springfield-ma,/location/chimney-fan-installation-in-springfield-ma/,https://chimcare-web.vercel.app/location/chimney-fan-installation-in-springfield-ma/,"Chimney Fan Installation in Springfield,MA",ma,716,32,2,623,24,yes,no
chimney-fan-installation-in-weymouth-ma,/location/chimney-fan-installation-in-weymouth-ma/,https://chimcare-web.vercel.app/location/chimney-fan-installation-in-weymouth-ma/,"Chimney Fan Installation in Weymouth,MA",ma,756,31,2,638,25,yes,no
chimney-fan-installation-in-worcester-ma,/location/chimney-fan-installation-in-worcester-ma/,https://chimcare-web.vercel.app/location/chimney-fan-installation-in-worcester-ma/,"Chimney Fan Installation in Worcester,MA",ma,770,38,2,684,24,yes,no
chimney-fireplace-repair-in-cambridge-ma,/location/chimney-fireplace-repair-in-cambridge-ma/,https://chimcare-web.vercel.app/location/chimney-fireplace-repair-in-cambridge-ma/,"Chimney Fireplace Repair in Cambridge,MA",ma,556,31,2,467,24,yes,no
chimney-fireplace-repair-in-dracut-ma,/location/chimney-fireplace-repair-in-dracut-ma/,https://chimcare-web.vercel.app/location/chimney-fireplace-repair-in-dracut-ma/,"Chimney Fireplace Repair in Dracut,MA",ma,719,31,2,607,24,yes,no
chimney-fireplace-repair-in-leominster-ma,/location/chimney-fireplace-repair-in-leominster-ma/,https://chimcare-web.vercel.app/location/chimney-fireplace-repair-in-leominster-ma/,"Chimney Fireplace Repair in Leominster,MA",ma,1016,54,2,945,25,yes,no
chimney-fireplace-repair-in-lowell-ma,/location/chimney-fireplace-repair-in-lowell-ma/,https://chimcare-web.vercel.app/location/chimney-fireplace-repair-in-lowell-ma/,"Chimney Fireplace Repair in Lowell,MA",ma,639,31,2,542,23,yes,no
chimney-fireplace-repair-in-springfield-ma,/location/chimney-fireplace-repair-in-springfield-ma/,https://chimcare-web.vercel.app/location/chimney-fireplace-repair-in-springfield-ma/,"Chimney Fireplace Repair in Springfield,MA",ma,785,39,2,702,24,yes,no
chimney-fireplace-repair-in-weymouth-ma,/location/chimney-fireplace-repair-in-weymouth-ma/,https://chimcare-web.vercel.app/location/chimney-fireplace-repair-in-weymouth-ma/,"Chimney Fireplace Repair in Weymouth,MA",ma,680,32,2,586,25,yes,no
chimney-fireplace-repair-in-worcester-ma,/location/chimney-fireplace-repair-in-worcester-ma/,https://chimcare-web.vercel.app/location/chimney-fireplace-repair-in-worcester-ma/,"Chimney Fireplace Repair in Worcester,MA",ma,697,37,2,591,24,yes,no
chimney-fireplace-services-in-buffalo-grove-il,/location/chimney-fireplace-services-in-buffalo-grove-il/,https://chimcare-web.vercel.app/location/chimney-fireplace-services-in-buffalo-grove-il/,"Chimney & Fireplace Services in Buffalo Grove, IL",il,1115,66,2,1042,92,yes,yes
chimney-fireplace-services-in-euclid-oh,/location/chimney-fireplace-services-in-euclid-oh/,https://chimcare-web.vercel.app/location/chimney-fireplace-services-in-euclid-oh/,"Chimney Sweep & Fireplace Services in Euclid ,OH",oh,5582,281,2,5562,23,yes,yes
chimney-flashing-in-dracut-ma,/location/chimney-flashing-in-dracut-ma/,https://chimcare-web.vercel.app/location/chimney-flashing-in-dracut-ma/,"Chimney Flashing in Dracut,MA",ma,708,32,2,598,24,yes,no
chimney-flashing-repair-in-cambridge-ma,/location/chimney-flashing-repair-in-cambridge-ma/,https://chimcare-web.vercel.app/location/chimney-flashing-repair-in-cambridge-ma/,"Chimney Flashing in Cambridge,MA",ma,748,36,2,651,23,yes,no
chimney-flashing-repair-in-cambridge-ma-2,/location/chimney-flashing-repair-in-cambridge-ma-2/,https://chimcare-web.vercel.app/location/chimney-flashing-repair-in-cambridge-ma-2/,"Chimney Flashing Repair in Cambridge,MA",-2,727,34,2,633,0,yes,no
chimney-flashing-repair-in-dracut-ma,/location/chimney-flashing-repair-in-dracut-ma/,https://chimcare-web.vercel.app/location/chimney-flashing-repair-in-dracut-ma/,"Chimney Flashing Repair in Dracut,MA",ma,749,33,2,655,23,yes,no
chimney-flashing-repair-in-leominster-ma,/location/chimney-flashing-repair-in-leominster-ma/,https://chimcare-web.vercel.app/location/chimney-flashing-repair-in-leominster-ma/,"Chimney Flashing in Leominster,MA",ma,1097,51,2,1025,24,yes,no
chimney-flashing-repair-in-leominster-ma-2,/location/chimney-flashing-repair-in-leominster-ma-2/,https://chimcare-web.vercel.app/location/chimney-flashing-repair-in-leominster-ma-2/,"Chimney Flashing Repair in Leominster,MA",-2,997,46,2,916,0,yes,no
chimney-flashing-repair-in-lowell-ma,/location/chimney-flashing-repair-in-lowell-ma/,https://chimcare-web.vercel.app/location/chimney-flashing-repair-in-lowell-ma/,"Chimney Flashing in Lowell,MA",ma,884,36,2,793,22,yes,no
chimney-flashing-repair-in-lowell-ma-2,/location/chimney-flashing-repair-in-lowell-ma-2/,https://chimcare-web.vercel.app/location/chimney-flashing-repair-in-lowell-ma-2/,"Chimney Flashing Repair in Lowell,MA",-2,677,32,2,572,0,yes,no
chimney-flashing-repair-in-phoenix-az,/location/chimney-flashing-repair-in-phoenix-az/,https://chimcare-web.vercel.app/location/chimney-flashing-repair-in-phoenix-az/,"Chimney Flashing Repair in Phoenix,AZ",az,679,37,2,586,7,yes,no
chimney-flashing-repair-in-springfield-ma,/location/chimney-flashing-repair-in-springfield-ma/,https://chimcare-web.vercel.app/location/chimney-flashing-repair-in-springfield-ma/,"Chimney Flashing in Springfield,MA",ma,618,31,2,527,23,yes,no
chimney-flashing-repair-in-springfield-ma-2,/location/chimney-flashing-repair-in-springfield-ma-2/,https://chimcare-web.vercel.app/location/chimney-flashing-repair-in-springfield-ma-2/,"Chimney Flashing Repair in Springfield,MA",-2,692,33,2,586,0,yes,no
chimney-flashing-repair-in-weymouth-ma,/location/chimney-flashing-repair-in-weymouth-ma/,https://chimcare-web.vercel.app/location/chimney-flashing-repair-in-weymouth-ma/,"Chimney Flashing in Weymouth,MA",ma,700,35,2,620,24,yes,no
chimney-flashing-repair-in-weymouth-ma-2,/location/chimney-flashing-repair-in-weymouth-ma-2/,https://chimcare-web.vercel.app/location/chimney-flashing-repair-in-weymouth-ma-2/,"Chimney Flashing Repair in Weymouth,MA",-2,691,35,2,599,0,yes,no
chimney-flashing-repair-in-worcester-ma,/location/chimney-flashing-repair-in-worcester-ma/,https://chimcare-web.vercel.app/location/chimney-flashing-repair-in-worcester-ma/,"Chimney Flashing in Worcester,MA",ma,777,35,2,679,23,yes,no
chimney-flashing-repair-in-worcester-ma-2,/location/chimney-flashing-repair-in-worcester-ma-2/,https://chimcare-web.vercel.app/location/chimney-flashing-repair-in-worcester-ma-2/,"Chimney Flashing Repair in Worcester,MA",-2,735,38,2,640,0,yes,no
chimney-flue-installation-in-cambridge-ma,/location/chimney-flue-installation-in-cambridge-ma/,https://chimcare-web.vercel.app/location/chimney-flue-installation-in-cambridge-ma/,"Chimney Flue Installation in Cambridge,MA",ma,741,34,2,637,24,yes,no
chimney-flue-installation-in-dracut-ma,/location/chimney-flue-installation-in-dracut-ma/,https://chimcare-web.vercel.app/location/chimney-flue-installation-in-dracut-ma/,"Chimney Flue Installation in Dracut,MA",ma,745,34,2,646,24,yes,no
chimney-flue-installation-in-leominster-ma,/location/chimney-flue-installation-in-leominster-ma/,https://chimcare-web.vercel.app/location/chimney-flue-installation-in-leominster-ma/,"Chimney Flue Installation in Leominster,MA",ma,1038,55,2,963,25,yes,no
chimney-flue-installation-in-lowell-ma,/location/chimney-flue-installation-in-lowell-ma/,https://chimcare-web.vercel.app/location/chimney-flue-installation-in-lowell-ma/,"Chimney Flue Installation in Lowell,MA",ma,666,38,2,584,23,yes,no
chimney-flue-installation-in-springfield-ma,/location/chimney-flue-installation-in-springfield-ma/,https://chimcare-web.vercel.app/location/chimney-flue-installation-in-springfield-ma/,"Chimney Flue Installation in Springfield,MA",ma,690,37,2,595,24,yes,no
chimney-flue-installation-in-weymouth-ma,/location/chimney-flue-installation-in-weymouth-ma/,https://chimcare-web.vercel.app/location/chimney-flue-installation-in-weymouth-ma/,"Chimney Flue Installation in Weymouth,MA",ma,718,34,2,629,25,yes,no
chimney-flue-installation-in-worcester-ma,/location/chimney-flue-installation-in-worcester-ma/,https://chimcare-web.vercel.app/location/chimney-flue-installation-in-worcester-ma/,"Chimney Flue Installation in Worcester,MA",ma,680,38,2,572,24,yes,no
chimney-flue-repair-in-cambridge-ma,/location/chimney-flue-repair-in-cambridge-ma/,https://chimcare-web.vercel.app/location/chimney-flue-repair-in-cambridge-ma/,"Chimney Flue Repair in Cambridge,MA",ma,624,31,2,534,23,yes,no
chimney-flue-repair-in-dracut-ma,/location/chimney-flue-repair-in-dracut-ma/,https://chimcare-web.vercel.app/location/chimney-flue-repair-in-dracut-ma/,"Chimney Flue Repair in Dracut,MA",ma,709,40,2,612,23,yes,no
chimney-flue-repair-in-leominster-ma,/location/chimney-flue-repair-in-leominster-ma/,https://chimcare-web.vercel.app/location/chimney-flue-repair-in-leominster-ma/,"Chimney Flue Repair in Leominster,MA",ma,1075,52,2,989,24,yes,no
chimney-flue-repair-in-lowell-ma,/location/chimney-flue-repair-in-lowell-ma/,https://chimcare-web.vercel.app/location/chimney-flue-repair-in-lowell-ma/,"Chimney Flue Repair in Lowell,MA",ma,740,34,2,646,22,yes,no
chimney-flue-repair-in-springfield-ma,/location/chimney-flue-repair-in-springfield-ma/,https://chimcare-web.vercel.app/location/chimney-flue-repair-in-springfield-ma/,"Chimney Flue Repair in Springfield,MA",ma,779,41,2,678,23,yes,no
chimney-flue-repair-in-weymouth-ma,/location/chimney-flue-repair-in-weymouth-ma/,https://chimcare-web.vercel.app/location/chimney-flue-repair-in-weymouth-ma/,"Chimney Flue Repair in Weymouth,MA",ma,633,33,2,544,24,yes,no
chimney-flue-repair-in-worcester-ma,/location/chimney-flue-repair-in-worcester-ma/,https://chimcare-web.vercel.app/location/chimney-flue-repair-in-worcester-ma/,"Chimney Flue Repair in Worcester,MA",ma,602,34,2,517,23,yes,no
chimney-framing-rebuild-in-cambridge-ma,/location/chimney-framing-rebuild-in-cambridge-ma/,https://chimcare-web.vercel.app/location/chimney-framing-rebuild-in-cambridge-ma/,"Chimney Framing Rebuild in Cambridge,MA",ma,728,33,2,647,24,yes,no
chimney-framing-rebuild-in-dracut-ma,/location/chimney-framing-rebuild-in-dracut-ma/,https://chimcare-web.vercel.app/location/chimney-framing-rebuild-in-dracut-ma/,"Chimney Framing Rebuild in Dracut,MA",ma,769,34,2,662,24,yes,no
chimney-framing-rebuild-in-leominster-ma,/location/chimney-framing-rebuild-in-leominster-ma/,https://chimcare-web.vercel.app/location/chimney-framing-rebuild-in-leominster-ma/,"Chimney Framing Rebuild in Leominster,MA",ma,1079,48,2,991,25,yes,no
chimney-framing-rebuild-in-lowell-ma,/location/chimney-framing-rebuild-in-lowell-ma/,https://chimcare-web.vercel.app/location/chimney-framing-rebuild-in-lowell-ma/,"Chimney Framing Rebuild in Lowell,MA",ma,1118,49,2,1004,23,yes,no
chimney-framing-rebuild-in-springfield-ma,/location/chimney-framing-rebuild-in-springfield-ma/,https://chimcare-web.vercel.app/location/chimney-framing-rebuild-in-springfield-ma/,"Chimney Framing Rebuild in Springfield,MA",ma,796,34,2,689,24,yes,no
chimney-framing-rebuild-in-weymouth-ma,/location/chimney-framing-rebuild-in-weymouth-ma/,https://chimcare-web.vercel.app/location/chimney-framing-rebuild-in-weymouth-ma/,"Chimney Framing Rebuild in Weymouth,MA",ma,772,32,2,679,25,yes,no
chimney-framing-rebuild-in-worcester-ma,/location/chimney-framing-rebuild-in-worcester-ma/,https://chimcare-web.vercel.app/location/chimney-framing-rebuild-in-worcester-ma/,"Chimney Framing Rebuild in Worcester,MA",ma,607,35,2,517,24,yes,no
chimney-framing-repair-in-cambridge-ma,/location/chimney-framing-repair-in-cambridge-ma/,https://chimcare-web.vercel.app/location/chimney-framing-repair-in-cambridge-ma/,"Chimney Framing Repair in Cambridge,MA",ma,745,37,2,627,24,yes,no
chimney-framing-repair-in-dracut-ma,/location/chimney-framing-repair-in-dracut-ma/,https://chimcare-web.vercel.app/location/chimney-framing-repair-in-dracut-ma/,"Chimney Framing Repair in Dracut,MA",ma,602,30,2,514,24,yes,no
chimney-framing-repair-in-lowell-ma,/location/chimney-framing-repair-in-lowell-ma/,https://chimcare-web.vercel.app/location/chimney-framing-repair-in-lowell-ma/,"Chimney Framing Repair in Lowell,MA",ma,703,35,2,603,23,yes,no
chimney-framing-repair-in-springfield-ma,/location/chimney-framing-repair-in-springfield-ma/,https://chimcare-web.vercel.app/location/chimney-framing-repair-in-springfield-ma/,"Chimney Framing Repair in Springfield,MA",ma,702,34,2,614,24,yes,no
chimney-framing-repair-in-weymouth-ma,/location/chimney-framing-repair-in-weymouth-ma/,https://chimcare-web.vercel.app/location/chimney-framing-repair-in-weymouth-ma/,"Chimney Framing Repair in Weymouth,MA",ma,632,31,2,551,25,yes,no
chimney-framing-repair-in-worcester-ma,/location/chimney-framing-repair-in-worcester-ma/,https://chimcare-web.vercel.app/location/chimney-framing-repair-in-worcester-ma/,"Chimney Framing Repair in Worcester,MA",ma,750,36,2,668,24,yes,no
chimney-inspection-in-cambridge-ma,/location/chimney-inspection-in-cambridge-ma/,https://chimcare-web.vercel.app/location/chimney-inspection-in-cambridge-ma/,"Chimney Inspection in Cambridge,MA",ma,740,32,2,623,23,yes,no
chimney-inspection-in-cambridge-ma-2,/location/chimney-inspection-in-cambridge-ma-2/,https://chimcare-web.vercel.app/location/chimney-inspection-in-cambridge-ma-2/,"Chimney Inspection in Cambridge,MA",-2,786,32,2,707,0,yes,no
chimney-inspection-in-dracut-ma,/location/chimney-inspection-in-dracut-ma/,https://chimcare-web.vercel.app/location/chimney-inspection-in-dracut-ma/,"Chimney Inspection in Dracut,MA",ma,937,38,2,836,23,yes,no
chimney-inspection-in-dracut-ma-2,/location/chimney-inspection-in-dracut-ma-2/,https://chimcare-web.vercel.app/location/chimney-inspection-in-dracut-ma-2/,"Chimney Inspection in Dracut,MA",-2,642,33,2,559,0,yes,no
chimney-inspection-in-leominster-ma,/location/chimney-inspection-in-leominster-ma/,https://chimcare-web.vercel.app/location/chimney-inspection-in-leominster-ma/,"Chimney Inspection in Leominster,MA",ma,1045,54,2,964,24,yes,no
chimney-inspection-in-leominster-ma-2,/location/chimney-inspection-in-leominster-ma-2/,https://chimcare-web.vercel.app/location/chimney-inspection-in-leominster-ma-2/,"Chimney Inspection in Leominster,MA",-2,1033,54,2,957,0,yes,no
chimney-inspection-in-lowell-ma,/location/chimney-inspection-in-lowell-ma/,https://chimcare-web.vercel.app/location/chimney-inspection-in-lowell-ma/,"Chimney Inspection in Lowell,MA",ma,646,36,2,562,22,yes,no
chimney-inspection-in-lowell-ma-2,/location/chimney-inspection-in-lowell-ma-2/,https://chimcare-web.vercel.app/location/chimney-inspection-in-lowell-ma-2/,"Chimney Inspection in Lowell,MA",-2,729,34,2,641,0,yes,no
chimney-inspection-in-phoenix-az,/location/chimney-inspection-in-phoenix-az/,https://chimcare-web.vercel.app/location/chimney-inspection-in-phoenix-az/,"Chimney Inspection in Phoenix,AZ",az,744,37,2,654,7,yes,no
chimney-inspection-in-springfield-ma,/location/chimney-inspection-in-springfield-ma/,https://chimcare-web.vercel.app/location/chimney-inspection-in-springfield-ma/,"Chimney Inspection in Springfield,MA",ma,683,36,2,588,23,yes,no
chimney-inspection-in-springfield-ma-2,/location/chimney-inspection-in-springfield-ma-2/,https://chimcare-web.vercel.app/location/chimney-inspection-in-springfield-ma-2/,"Chimney Inspection in Springfield,MA",-2,657,32,2,556,0,yes,no
chimney-inspection-in-weymouth-ma,/location/chimney-inspection-in-weymouth-ma/,https://chimcare-web.vercel.app/location/chimney-inspection-in-weymouth-ma/,"Chimney Inspection in Weymouth,MA",ma,887,41,2,803,24,yes,no
chimney-inspection-in-weymouth-ma-2,/location/chimney-inspection-in-weymouth-ma-2/,https://chimcare-web.vercel.app/location/chimney-inspection-in-weymouth-ma-2/,"Chimney Inspection in Weymouth,MA",-2,700,33,2,610,0,yes,no
chimney-inspection-in-worcester-ma,/location/chimney-inspection-in-worcester-ma/,https://chimcare-web.vercel.app/location/chimney-inspection-in-worcester-ma/,"Chimney Inspection in Worcester,MA",ma,662,34,2,580,23,yes,no
chimney-inspection-in-worcester-ma-2,/location/chimney-inspection-in-worcester-ma-2/,https://chimcare-web.vercel.app/location/chimney-inspection-in-worcester-ma-2/,"Chimney Inspection in Worcester,MA",-2,727,37,2,634,0,yes,no
chimney-inspection-level1-in-cambridge-ma,/location/chimney-inspection-level1-in-cambridge-ma/,https://chimcare-web.vercel.app/location/chimney-inspection-level1-in-cambridge-ma/,"Chimney Inspection Level 1 in Cambridge,MA",ma,681,33,2,582,24,yes,no
chimney-inspection-level1-in-dracut-ma,/location/chimney-inspection-level1-in-dracut-ma/,https://chimcare-web.vercel.app/location/chimney-inspection-level1-in-dracut-ma/,"Chimney Inspection Level 1 in Dracut,MA",ma,999,43,2,897,24,yes,no
chimney-inspection-level1-in-leominster-ma,/location/chimney-inspection-level1-in-leominster-ma/,https://chimcare-web.vercel.app/location/chimney-inspection-level1-in-leominster-ma/,"Chimney Inspection Level 1 in Leominster,MA",ma,1058,52,2,986,25,yes,no
chimney-inspection-level1-in-lowell-ma,/location/chimney-inspection-level1-in-lowell-ma/,https://chimcare-web.vercel.app/location/chimney-inspection-level1-in-lowell-ma/,"Chimney Inspection Level 1 in Lowell,MA",ma,655,34,2,558,23,yes,no
chimney-inspection-level1-in-springfield-ma,/location/chimney-inspection-level1-in-springfield-ma/,https://chimcare-web.vercel.app/location/chimney-inspection-level1-in-springfield-ma/,"Chimney Inspection Level 1 in Springfield,MA",ma,774,39,2,662,24,yes,no
chimney-inspection-level1-in-weymouth-ma,/location/chimney-inspection-level1-in-weymouth-ma/,https://chimcare-web.vercel.app/location/chimney-inspection-level1-in-weymouth-ma/,"Chimney Inspection Level 1 in Weymouth,MA",ma,721,33,2,623,25,yes,no
chimney-inspection-level1-in-worcester-ma,/location/chimney-inspection-level1-in-worcester-ma/,https://chimcare-web.vercel.app/location/chimney-inspection-level1-in-worcester-ma/,"Chimney Inspection Level 1 in Worcester,MA",ma,683,34,2,589,24,yes,no
chimney-inspection-level2-in-cambridge-ma,/location/chimney-inspection-level2-in-cambridge-ma/,https://chimcare-web.vercel.app/location/chimney-inspection-level2-in-cambridge-ma/,"Chimney Inspection Level 2 in Cambridge,MA",ma,779,38,2,687,24,yes,no
chimney-inspection-level2-in-dracut-ma,/location/chimney-inspection-level2-in-dracut-ma/,https://chimcare-web.vercel.app/location/chimney-inspection-level2-in-dracut-ma/,"Chimney Inspection Level 2 in Dracut,MA",ma,617,30,2,526,24,yes,no
chimney-inspection-level2-in-leominster-ma,/location/chimney-inspection-level2-in-leominster-ma/,https://chimcare-web.vercel.app/location/chimney-inspection-level2-in-leominster-ma/,"Chimney Inspection Level 2 in Leominster,MA",ma,1058,50,2,945,25,yes,no
chimney-inspection-level2-in-lowell-ma,/location/chimney-inspection-level2-in-lowell-ma/,https://chimcare-web.vercel.app/location/chimney-inspection-level2-in-lowell-ma/,"Chimney Inspection Level 2 in Lowell,MA",ma,786,37,2,656,23,yes,no
chimney-inspection-level2-in-springfield-ma,/location/chimney-inspection-level2-in-springfield-ma/,https://chimcare-web.vercel.app/location/chimney-inspection-level2-in-springfield-ma/,"Chimney Inspection Level 2 in Springfield,MA",ma,900,35,2,774,24,yes,no
chimney-inspection-level2-in-weymouth-ma,/location/chimney-inspection-level2-in-weymouth-ma/,https://chimcare-web.vercel.app/location/chimney-inspection-level2-in-weymouth-ma/,"Chimney Inspection Level 2 in Weymouth,MA",ma,684,34,2,594,25,yes,no
chimney-inspection-level2-in-worcester-ma,/location/chimney-inspection-level2-in-worcester-ma/,https://chimcare-web.vercel.app/location/chimney-inspection-level2-in-worcester-ma/,"Chimney Inspection Level 2 in Worcester,MA",ma,756,37,2,661,24,yes,no
chimney-inspection-level3-in-cambridge-ma,/location/chimney-inspection-level3-in-cambridge-ma/,https://chimcare-web.vercel.app/location/chimney-inspection-level3-in-cambridge-ma/,"Chimney Inspection Level 3 in Cambridge,MA",ma,1133,41,2,1046,24,yes,no
chimney-inspection-level3-in-dracut-ma,/location/chimney-inspection-level3-in-dracut-ma/,https://chimcare-web.vercel.app/location/chimney-inspection-level3-in-dracut-ma/,"Chimney Inspection Level 3 in Dracut,MA",ma,769,32,2,676,24,yes,no
chimney-inspection-level3-in-leominster-ma,/location/chimney-inspection-level3-in-leominster-ma/,https://chimcare-web.vercel.app/location/chimney-inspection-level3-in-leominster-ma/,"Chimney Inspection Level 3 in Leominster,MA",ma,1077,52,2,1008,25,yes,no
chimney-inspection-level3-in-lowell-ma,/location/chimney-inspection-level3-in-lowell-ma/,https://chimcare-web.vercel.app/location/chimney-inspection-level3-in-lowell-ma/,"Chimney Inspection Level 3 in Lowell,MA",ma,843,36,2,733,23,yes,no
chimney-inspection-level3-in-springfield-ma,/location/chimney-inspection-level3-in-springfield-ma/,https://chimcare-web.vercel.app/location/chimney-inspection-level3-in-springfield-ma/,"Chimney Inspection Level 3 in Springfield,MA",ma,678,32,2,577,24,yes,no
chimney-inspection-level3-in-worcester-ma,/location/chimney-inspection-level3-in-worcester-ma/,https://chimcare-web.vercel.app/location/chimney-inspection-level3-in-worcester-ma/,"Chimney Inspection Level 3 in Worcester,MA",ma,686,36,2,581,24,yes,no
chimney-inspections-in-cambridge-ma,/location/chimney-inspections-in-cambridge-ma/,https://chimcare-web.vercel.app/location/chimney-inspections-in-cambridge-ma/,"Chimney Inspections in Cambridge,MA",ma,695,32,2,603,24,yes,no
chimney-inspections-in-dracut-ma,/location/chimney-inspections-in-dracut-ma/,https://chimcare-web.vercel.app/location/chimney-inspections-in-dracut-ma/,"Chimney Inspections in Dracut,MA",ma,636,34,2,558,24,yes,no
chimney-inspections-in-leominster-ma,/location/chimney-inspections-in-leominster-ma/,https://chimcare-web.vercel.app/location/chimney-inspections-in-leominster-ma/,"Chimney Inspections in Leominster,MA",ma,1082,48,2,1008,25,yes,no
chimney-inspections-in-lowell-ma,/location/chimney-inspections-in-lowell-ma/,https://chimcare-web.vercel.app/location/chimney-inspections-in-lowell-ma/,"Chimney Inspections in Lowell,MA",ma,641,36,2,549,23,yes,no
chimney-inspections-in-springfield-ma,/location/chimney-inspections-in-springfield-ma/,https://chimcare-web.vercel.app/location/chimney-inspections-in-springfield-ma/,"Chimney Inspections in Springfield,MA",ma,678,34,2,579,24,yes,no
chimney-inspections-in-weymouth-ma,/location/chimney-inspections-in-weymouth-ma/,https://chimcare-web.vercel.app/location/chimney-inspections-in-weymouth-ma/,"Chimney Inspections in Weymouth,MA",ma,558,31,2,470,25,yes,no
chimney-inspections-in-worcester-ma,/location/chimney-inspections-in-worcester-ma/,https://chimcare-web.vercel.app/location/chimney-inspections-in-worcester-ma/,"Chimney Inspections in Worcester,MA",ma,700,33,2,623,24,yes,no
chimney-leaks-in-dracut-ma,/location/chimney-leaks-in-dracut-ma/,https://chimcare-web.vercel.app/location/chimney-leaks-in-dracut-ma/,"Chimney Leaks in Dracut,MA",ma,698,33,2,585,24,yes,no
chimney-leaks-repair-in-cambridge-ma,/location/chimney-leaks-repair-in-cambridge-ma/,https://chimcare-web.vercel.app/location/chimney-leaks-repair-in-cambridge-ma/,"Chimney Leaks in Cambridge,MA",ma,668,35,2,579,24,yes,no
chimney-leaks-repair-in-lowell-ma,/location/chimney-leaks-repair-in-lowell-ma/,https://chimcare-web.vercel.app/location/chimney-leaks-repair-in-lowell-ma/,"Chimney Leaks in Lowell,MA",ma,619,36,2,536,23,yes,no
chimney-leaks-repair-in-springfield-ma,/location/chimney-leaks-repair-in-springfield-ma/,https://chimcare-web.vercel.app/location/chimney-leaks-repair-in-springfield-ma/,"Chimney Leaks in Springfield,MA",ma,674,33,2,583,24,yes,no
chimney-leaks-repair-in-weymouth-ma,/location/chimney-leaks-repair-in-weymouth-ma/,https://chimcare-web.vercel.app/location/chimney-leaks-repair-in-weymouth-ma/,"Chimney Leaks in Weymouth,MA",ma,717,32,2,635,25,yes,no
chimney-leaks-repair-in-worcester-ma,/location/chimney-leaks-repair-in-worcester-ma/,https://chimcare-web.vercel.app/location/chimney-leaks-repair-in-worcester-ma/,"Chimney Leaks in Worcester,MA",ma,724,37,2,633,24,yes,no
chimney-liner-installation-in-cambridge-ma,/location/chimney-liner-installation-in-cambridge-ma/,https://chimcare-web.vercel.app/location/chimney-liner-installation-in-cambridge-ma/,"Chimney Liner Installation in Cambridge,MA",ma,748,33,2,658,23,yes,no
chimney-liner-installation-in-dracut-ma,/location/chimney-liner-installation-in-dracut-ma/,https://chimcare-web.vercel.app/location/chimney-liner-installation-in-dracut-ma/,"Chimney Liner Installation in Dracut,MA",ma,1027,51,2,952,23,yes,no
chimney-liner-installation-in-lowell-ma,/location/chimney-liner-installation-in-lowell-ma/,https://chimcare-web.vercel.app/location/chimney-liner-installation-in-lowell-ma/,"Chimney Liner Installation in Lowell,MA",ma,738,36,2,641,22,yes,no
chimney-liner-installation-in-phoenix-az,/location/chimney-liner-installation-in-phoenix-az/,https://chimcare-web.vercel.app/location/chimney-liner-installation-in-phoenix-az/,"Chimney Liner Installation in Phoenix,AZ",az,1035,47,2,939,7,yes,no
chimney-liner-installation-in-springfield-ma,/location/chimney-liner-installation-in-springfield-ma/,https://chimcare-web.vercel.app/location/chimney-liner-installation-in-springfield-ma/,"Chimney Liner Installation in Springfield,MA",ma,823,35,2,719,23,yes,no
chimney-liner-installation-in-weymouth-ma,/location/chimney-liner-installation-in-weymouth-ma/,https://chimcare-web.vercel.app/location/chimney-liner-installation-in-weymouth-ma/,"Chimney Liner Installation in Weymouth,MA",ma,770,37,2,680,24,yes,no
chimney-liner-installation-in-worcester-ma,/location/chimney-liner-installation-in-worcester-ma/,https://chimcare-web.vercel.app/location/chimney-liner-installation-in-worcester-ma/,"Chimney Liner Installation in Worcester,MA",ma,728,33,2,623,23,yes,no
chimney-liner-repair-in-cambridge-ma,/location/chimney-liner-repair-in-cambridge-ma/,https://chimcare-web.vercel.app/location/chimney-liner-repair-in-cambridge-ma/,"Chimney Liner Repair in Cambridge,MA",ma,690,39,2,600,23,yes,no
chimney-liner-repair-in-dracut-ma,/location/chimney-liner-repair-in-dracut-ma/,https://chimcare-web.vercel.app/location/chimney-liner-repair-in-dracut-ma/,"Chimney Liner Repair in Dracut,MA",ma,618,34,2,519,23,yes,no
chimney-liner-repair-in-lowell-ma,/location/chimney-liner-repair-in-lowell-ma/,https://chimcare-web.vercel.app/location/chimney-liner-repair-in-lowell-ma/,"Chimney Liner Repair in Lowell,MA",ma,755,38,2,654,22,yes,no
chimney-liner-repair-in-springfield-ma,/location/chimney-liner-repair-in-springfield-ma/,https://chimcare-web.vercel.app/location/chimney-liner-repair-in-springfield-ma/,"Chimney Liner Repair in Springfield,MA",ma,773,31,2,668,23,yes,no
chimney-liner-repair-in-weymouth-ma,/location/chimney-liner-repair-in-weymouth-ma/,https://chimcare-web.vercel.app/location/chimney-liner-repair-in-weymouth-ma/,"Chimney Liner Repair in Weymouth,MA",ma,568,33,2,478,24,yes,no
chimney-liner-repair-in-worcester-ma,/location/chimney-liner-repair-in-worcester-ma/,https://chimcare-web.vercel.app/location/chimney-liner-repair-in-worcester-ma/,"Chimney Liner Repair in Worcester,MA",ma,760,43,2,664,23,yes,no
chimney-maintenance-in-cambridge-ma,/location/chimney-maintenance-in-cambridge-ma/,https://chimcare-web.vercel.app/location/chimney-maintenance-in-cambridge-ma/,"Chimney Maintenance in Cambridge,MA",ma,677,32,2,599,24,yes,no
chimney-maintenance-in-dracut-ma,/location/chimney-maintenance-in-dracut-ma/,https://chimcare-web.vercel.app/location/chimney-maintenance-in-dracut-ma/,"Chimney Maintenance in Dracut,MA",ma,949,49,2,865,24,yes,no
chimney-maintenance-in-lowell-ma,/location/chimney-maintenance-in-lowell-ma/,https://chimcare-web.vercel.app/location/chimney-maintenance-in-lowell-ma/,"Chimney Maintenance in Lowell,MA",ma,661,32,2,569,23,yes,no
chimney-maintenance-in-springfield-ma,/location/chimney-maintenance-in-springfield-ma/,https://chimcare-web.vercel.app/location/chimney-maintenance-in-springfield-ma/,"Chimney Maintenance in Springfield,MA",ma,670,34,2,591,24,yes,no
chimney-maintenance-in-weymouth-ma,/location/chimney-maintenance-in-weymouth-ma/,https://chimcare-web.vercel.app/location/chimney-maintenance-in-weymouth-ma/,"Chimney Maintenance in Weymouth,MA",ma,1016,48,2,925,25,yes,no
chimney-maintenance-in-worcester-ma,/location/chimney-maintenance-in-worcester-ma/,https://chimcare-web.vercel.app/location/chimney-maintenance-in-worcester-ma/,"Chimney Maintenance in Worcester,MA",ma,662,34,2,577,24,yes,no
chimney-masonry-repair-in-cambridge-ma,/location/chimney-masonry-repair-in-cambridge-ma/,https://chimcare-web.vercel.app/location/chimney-masonry-repair-in-cambridge-ma/,"Chimney Masonry Repair in Cambridge,MA",ma,661,31,2,580,24,yes,no
chimney-masonry-repair-in-dracut-ma,/location/chimney-masonry-repair-in-dracut-ma/,https://chimcare-web.vercel.app/location/chimney-masonry-repair-in-dracut-ma/,"Chimney Masonry Repair in Dracut,MA",ma,681,42,2,591,24,yes,no
chimney-masonry-repair-in-leominster-ma,/location/chimney-masonry-repair-in-leominster-ma/,https://chimcare-web.vercel.app/location/chimney-masonry-repair-in-leominster-ma/,"Chimney Masonry Repair in Leominster,MA",ma,1076,51,2,1000,25,yes,no
chimney-masonry-repair-in-lowell-ma,/location/chimney-masonry-repair-in-lowell-ma/,https://chimcare-web.vercel.app/location/chimney-masonry-repair-in-lowell-ma/,"Chimney Masonry Repair in Lowell,MA",ma,762,37,2,659,23,yes,no
chimney-masonry-repair-in-phoenix-az,/location/chimney-masonry-repair-in-phoenix-az/,https://chimcare-web.vercel.app/location/chimney-masonry-repair-in-phoenix-az/,"Chimney Masonry Repair in Phoenix,AZ",az,641,37,2,553,8,yes,no
chimney-masonry-repair-in-springfield-ma,/location/chimney-masonry-repair-in-springfield-ma/,https://chimcare-web.vercel.app/location/chimney-masonry-repair-in-springfield-ma/,"Chimney Masonry Repair in Springfield,MA",ma,743,34,2,640,24,yes,no
chimney-masonry-repair-in-weymouth-ma,/location/chimney-masonry-repair-in-weymouth-ma/,https://chimcare-web.vercel.app/location/chimney-masonry-repair-in-weymouth-ma/,"Chimney Masonry Repair in Weymouth,MA",ma,738,38,2,630,25,yes,no
chimney-masonry-repair-in-worcester-ma,/location/chimney-masonry-repair-in-worcester-ma/,https://chimcare-web.vercel.app/location/chimney-masonry-repair-in-worcester-ma/,"Chimney Masonry Repair in Worcester,MA",ma,701,33,2,593,24,yes,no
chimney-nest-removal-in-cambridge-ma,/location/chimney-nest-removal-in-cambridge-ma/,https://chimcare-web.vercel.app/location/chimney-nest-removal-in-cambridge-ma/,"Chimney Nest Removal in Cambridge,MA",ma,768,35,2,671,23,yes,no
chimney-nest-removal-in-dracut-ma,/location/chimney-nest-removal-in-dracut-ma/,https://chimcare-web.vercel.app/location/chimney-nest-removal-in-dracut-ma/,"Chimney Nest Removal in Dracut,MA",ma,706,33,2,612,23,yes,no
chimney-nest-removal-in-leominster-ma,/location/chimney-nest-removal-in-leominster-ma/,https://chimcare-web.vercel.app/location/chimney-nest-removal-in-leominster-ma/,"Chimney Nest Removal in Leominster,MA",ma,1082,54,2,990,24,yes,no
chimney-nest-removal-in-lowell-ma,/location/chimney-nest-removal-in-lowell-ma/,https://chimcare-web.vercel.app/location/chimney-nest-removal-in-lowell-ma/,"Chimney Nest Removal in Lowell,MA",ma,679,32,2,589,22,yes,no
chimney-nest-removal-in-springfield-ma,/location/chimney-nest-removal-in-springfield-ma/,https://chimcare-web.vercel.app/location/chimney-nest-removal-in-springfield-ma/,"Chimney Nest Removal in Springfield,MA",ma,677,32,2,587,23,yes,no
chimney-nest-removal-in-weymouth-ma,/location/chimney-nest-removal-in-weymouth-ma/,https://chimcare-web.vercel.app/location/chimney-nest-removal-in-weymouth-ma/,"Chimney Nest Removal in Weymouth,MA",ma,719,35,2,619,24,yes,no
chimney-nest-removal-in-worcester-ma,/location/chimney-nest-removal-in-worcester-ma/,https://chimcare-web.vercel.app/location/chimney-nest-removal-in-worcester-ma/,"Chimney Nest Removal in Worcester,MA",ma,802,37,2,688,23,yes,no
chimney-rebuild-in-cambridge-ma,/location/chimney-rebuild-in-cambridge-ma/,https://chimcare-web.vercel.app/location/chimney-rebuild-in-cambridge-ma/,"Chimney Rebuild in Cambridge,MA",ma,668,37,2,578,23,yes,no
chimney-rebuild-in-dracut-ma,/location/chimney-rebuild-in-dracut-ma/,https://chimcare-web.vercel.app/location/chimney-rebuild-in-dracut-ma/,"Chimney Rebuild in Dracut,MA",ma,695,37,2,606,23,yes,no
chimney-rebuild-in-leominster-ma,/location/chimney-rebuild-in-leominster-ma/,https://chimcare-web.vercel.app/location/chimney-rebuild-in-leominster-ma/,"Chimney Rebuild in Leominster,MA",ma,1110,45,2,1033,24,yes,no
chimney-rebuild-in-lowell-ma,/location/chimney-rebuild-in-lowell-ma/,https://chimcare-web.vercel.app/location/chimney-rebuild-in-lowell-ma/,"Chimney Rebuild in Lowell,MA",ma,749,39,2,649,22,yes,no
chimney-rebuild-in-springfield-ma,/location/chimney-rebuild-in-springfield-ma/,https://chimcare-web.vercel.app/location/chimney-rebuild-in-springfield-ma/,"Chimney Rebuild in Springfield,MA",ma,1097,48,2,1015,23,yes,no
chimney-rebuild-in-weymouth-ma,/location/chimney-rebuild-in-weymouth-ma/,https://chimcare-web.vercel.app/location/chimney-rebuild-in-weymouth-ma/,"Chimney Rebuild in Weymouth,MA",ma,614,33,2,536,24,yes,no
chimney-rebuild-in-worcester-ma,/location/chimney-rebuild-in-worcester-ma/,https://chimcare-web.vercel.app/location/chimney-rebuild-in-worcester-ma/,"Chimney Rebuild in Worcester,MA",ma,727,34,2,627,23,yes,no
chimney-rebuilding-in-cambridge-ma,/location/chimney-rebuilding-in-cambridge-ma/,https://chimcare-web.vercel.app/location/chimney-rebuilding-in-cambridge-ma/,"Chimney Rebuilding in Cambridge,MA",ma,754,35,2,662,24,yes,no
chimney-rebuilding-in-dracut-ma,/location/chimney-rebuilding-in-dracut-ma/,https://chimcare-web.vercel.app/location/chimney-rebuilding-in-dracut-ma/,"Chimney Rebuilding in Dracut,MA",ma,635,30,2,515,24,yes,no
chimney-rebuilding-in-leominster-ma,/location/chimney-rebuilding-in-leominster-ma/,https://chimcare-web.vercel.app/location/chimney-rebuilding-in-leominster-ma/,"Chimney Rebuilding in Leominster,MA",ma,1012,57,2,921,25,yes,no
chimney-rebuilding-in-lowell-ma,/location/chimney-rebuilding-in-lowell-ma/,https://chimcare-web.vercel.app/location/chimney-rebuilding-in-lowell-ma/,"Chimney Rebuilding in Lowell,MA",ma,782,38,2,694,23,yes,no
chimney-rebuilding-in-springfield-ma,/location/chimney-rebuilding-in-springfield-ma/,https://chimcare-web.vercel.app/location/chimney-rebuilding-in-springfield-ma/,"Chimney Rebuilding in Springfield,MA",ma,763,36,2,658,24,yes,no
chimney-rebuilding-in-weymouth-ma,/location/chimney-rebuilding-in-weymouth-ma/,https://chimcare-web.vercel.app/location/chimney-rebuilding-in-weymouth-ma/,"Chimney Rebuilding in Weymouth,MA",ma,714,33,2,612,25,yes,no
chimney-rebuilding-in-worcester-ma,/location/chimney-rebuilding-in-worcester-ma/,https://chimcare-web.vercel.app/location/chimney-rebuilding-in-worcester-ma/,"Chimney Rebuilding in Worcester,MA",ma,604,33,2,523,24,yes,no
chimney-rebuilds-in-phoenix-az,/location/chimney-rebuilds-in-phoenix-az/,https://chimcare-web.vercel.app/location/chimney-rebuilds-in-phoenix-az/,"Chimney Rebuilds in Phoenix,AZ",az,603,37,2,518,8,yes,no
chimney-relining-in-cambridge-ma,/location/chimney-relining-in-cambridge-ma/,https://chimcare-web.vercel.app/location/chimney-relining-in-cambridge-ma/,"Chimney Relining in Cambridge,MA",ma,717,38,2,630,23,yes,no
chimney-relining-in-dracut-ma,/location/chimney-relining-in-dracut-ma/,https://chimcare-web.vercel.app/location/chimney-relining-in-dracut-ma/,"Chimney Relining in Dracut,MA",ma,569,33,2,488,23,yes,no
chimney-relining-in-leominster-ma,/location/chimney-relining-in-leominster-ma/,https://chimcare-web.vercel.app/location/chimney-relining-in-leominster-ma/,"Chimney Relining in Leominster,MA",ma,1147,49,2,1062,24,yes,no
chimney-relining-in-lowell-ma,/location/chimney-relining-in-lowell-ma/,https://chimcare-web.vercel.app/location/chimney-relining-in-lowell-ma/,"Chimney Relining in Lowell,MA",ma,689,33,2,583,22,yes,no
chimney-relining-in-springfield-ma,/location/chimney-relining-in-springfield-ma/,https://chimcare-web.vercel.app/location/chimney-relining-in-springfield-ma/,"Chimney Relining in Springfield,MA",ma,641,33,2,549,23,yes,no
chimney-relining-in-weymouth-ma,/location/chimney-relining-in-weymouth-ma/,https://chimcare-web.vercel.app/location/chimney-relining-in-weymouth-ma/,"Chimney Relining in Weymouth,MA",ma,726,33,2,614,24,yes,no
chimney-relining-in-worcester-ma,/location/chimney-relining-in-worcester-ma/,https://chimcare-web.vercel.app/location/chimney-relining-in-worcester-ma/,"Chimney Relining in Worcester,MA",ma,763,35,2,671,23,yes,no
chimney-repair-in-cambridge-ma,/location/chimney-repair-in-cambridge-ma/,https://chimcare-web.vercel.app/location/chimney-repair-in-cambridge-ma/,"Chimney Repair in Cambridge,MA",ma,720,33,2,624,23,yes,no
chimney-repair-in-dracut-ma,/location/chimney-repair-in-dracut-ma/,https://chimcare-web.vercel.app/location/chimney-repair-in-dracut-ma/,"Chimney Repair in Dracut,MA",ma,612,31,2,536,23,yes,no
chimney-repair-in-leominster-ma,/location/chimney-repair-in-leominster-ma/,https://chimcare-web.vercel.app/location/chimney-repair-in-leominster-ma/,"Chimney Repair in Leominster,MA",ma,1084,56,2,1010,24,yes,no
chimney-repair-in-phoenix-az,/location/chimney-repair-in-phoenix-az/,https://chimcare-web.vercel.app/location/chimney-repair-in-phoenix-az/,"Chimney Repair in Phoenix,AZ",az,672,33,2,568,7,yes,no
chimney-repair-in-springfield-ma,/location/chimney-repair-in-springfield-ma/,https://chimcare-web.vercel.app/location/chimney-repair-in-springfield-ma/,"Chimney Repair in Springfield,MA",ma,799,36,2,680,23,yes,no
chimney-repair-in-weymouth-ma,/location/chimney-repair-in-weymouth-ma/,https://chimcare-web.vercel.app/location/chimney-repair-in-weymouth-ma/,"Chimney Repair in Weymouth,MA",ma,679,33,2,586,24,yes,no
chimney-repair-in-worcester-ma,/location/chimney-repair-in-worcester-ma/,https://chimcare-web.vercel.app/location/chimney-repair-in-worcester-ma/,"Chimney Repair in Worcester,MA",ma,753,37,2,661,23,yes,no
chimney-repair-reconstruction-in-cambridge-ma,/location/chimney-repair-reconstruction-in-cambridge-ma/,https://chimcare-web.vercel.app/location/chimney-repair-reconstruction-in-cambridge-ma/,"Chimney Repair & Reconstruction in Cambridge,MA",ma,652,32,2,556,24,yes,no
chimney-repair-reconstruction-in-dracut-ma,/location/chimney-repair-reconstruction-in-dracut-ma/,https://chimcare-web.vercel.app/location/chimney-repair-reconstruction-in-dracut-ma/,"Chimney Repair & Reconstruction in Dracut,MA",ma,754,35,2,666,24,yes,no
chimney-repair-reconstruction-in-leominster-ma,/location/chimney-repair-reconstruction-in-leominster-ma/,https://chimcare-web.vercel.app/location/chimney-repair-reconstruction-in-leominster-ma/,"Chimney Repair & Reconstruction in Leominster,MA",ma,1082,51,2,1008,25,yes,no
chimney-repair-reconstruction-in-lowell-ma,/location/chimney-repair-reconstruction-in-lowell-ma/,https://chimcare-web.vercel.app/location/chimney-repair-reconstruction-in-lowell-ma/,"Chimney Repair & Reconstruction in Lowell,MA",ma,683,37,2,597,23,yes,no
chimney-repair-reconstruction-in-springfield-ma,/location/chimney-repair-reconstruction-in-springfield-ma/,https://chimcare-web.vercel.app/location/chimney-repair-reconstruction-in-springfield-ma/,"Chimney Repair & Reconstruction in Springfield,MA",ma,595,35,2,524,24,yes,no
chimney-repair-reconstruction-in-weymouth-ma,/location/chimney-repair-reconstruction-in-weymouth-ma/,https://chimcare-web.vercel.app/location/chimney-repair-reconstruction-in-weymouth-ma/,"Chimney Repair & Reconstruction in Weymouth,MA",ma,661,31,2,567,25,yes,no
chimney-repair-reconstruction-in-worcester-ma,/location/chimney-repair-reconstruction-in-worcester-ma/,https://chimcare-web.vercel.app/location/chimney-repair-reconstruction-in-worcester-ma/,"Chimney Repair & Reconstruction in Worcester,MA",ma,697,44,2,607,24,yes,no
chimney-restoration-in-cambridge-ma,/location/chimney-restoration-in-cambridge-ma/,https://chimcare-web.vercel.app/location/chimney-restoration-in-cambridge-ma/,"Chimney Restoration in Cambridge,MA",ma,748,37,2,655,24,yes,no
chimney-restoration-in-dracut-ma,/location/chimney-restoration-in-dracut-ma/,https://chimcare-web.vercel.app/location/chimney-restoration-in-dracut-ma/,"Chimney Restoration in Dracut,MA",ma,679,37,2,580,24,yes,no
chimney-restoration-in-leominster-ma,/location/chimney-restoration-in-leominster-ma/,https://chimcare-web.vercel.app/location/chimney-restoration-in-leominster-ma/,"Chimney Restoration in Leominster,MA",ma,1163,46,2,1096,25,yes,no
chimney-restoration-in-lowell-ma,/location/chimney-restoration-in-lowell-ma/,https://chimcare-web.vercel.app/location/chimney-restoration-in-lowell-ma/,"Chimney Restoration in Lowell,MA",ma,624,36,2,520,23,yes,no
chimney-restoration-in-springfield-ma,/location/chimney-restoration-in-springfield-ma/,https://chimcare-web.vercel.app/location/chimney-restoration-in-springfield-ma/,"Chimney Restoration in Springfield,MA",ma,667,33,2,568,24,yes,no
chimney-restoration-in-weymouth-ma,/location/chimney-restoration-in-weymouth-ma/,https://chimcare-web.vercel.app/location/chimney-restoration-in-weymouth-ma/,"Chimney Restoration in Weymouth,MA",ma,651,30,2,551,25,yes,no
chimney-restoration-in-worcester-ma,/location/chimney-restoration-in-worcester-ma/,https://chimcare-web.vercel.app/location/chimney-restoration-in-worcester-ma/,"Chimney Restoration in Worcester,MA",ma,740,41,2,663,24,yes,no
chimney-siding-repair-in-cambridge-ma,/location/chimney-siding-repair-in-cambridge-ma/,https://chimcare-web.vercel.app/location/chimney-siding-repair-in-cambridge-ma/,"Chimney Siding Repair in Cambridge,MA",ma,759,39,2,674,23,yes,no
chimney-siding-repair-in-dracut-ma,/location/chimney-siding-repair-in-dracut-ma/,https://chimcare-web.vercel.app/location/chimney-siding-repair-in-dracut-ma/,"Chimney Siding Repair in Dracut,MA",ma,800,36,2,699,23,yes,no
chimney-siding-repair-in-leominster-ma,/location/chimney-siding-repair-in-leominster-ma/,https://chimcare-web.vercel.app/location/chimney-siding-repair-in-leominster-ma/,"Chimney Siding Repair in Leominster,MA",ma,1079,53,2,1005,24,yes,no
chimney-siding-repair-in-lowell-ma,/location/chimney-siding-repair-in-lowell-ma/,https://chimcare-web.vercel.app/location/chimney-siding-repair-in-lowell-ma/,"Chimney Siding Repair in Lowell,MA",ma,697,33,2,607,22,yes,no
chimney-siding-repair-in-springfield-ma,/location/chimney-siding-repair-in-springfield-ma/,https://chimcare-web.vercel.app/location/chimney-siding-repair-in-springfield-ma/,"Chimney Siding Repair in Springfield,MA",ma,807,34,2,725,23,yes,no
chimney-siding-repair-in-weymouth-ma,/location/chimney-siding-repair-in-weymouth-ma/,https://chimcare-web.vercel.app/location/chimney-siding-repair-in-weymouth-ma/,"Chimney Siding Repair in Weymouth,MA",ma,673,32,2,568,24,yes,no
chimney-siding-repair-in-worcester-ma,/location/chimney-siding-repair-in-worcester-ma/,https://chimcare-web.vercel.app/location/chimney-siding-repair-in-worcester-ma/,"Chimney Siding Repair in Worcester,MA",ma,730,37,2,633,23,yes,no
chimney-siding-replace-in-cambridge-ma,/location/chimney-siding-replace-in-cambridge-ma/,https://chimcare-web.vercel.app/location/chimney-siding-replace-in-cambridge-ma/,"Chimney Siding Replace in Cambridge,MA",ma,717,40,2,635,24,yes,no
chimney-siding-replace-in-dracut-ma,/location/chimney-siding-replace-in-dracut-ma/,https://chimcare-web.vercel.app/location/chimney-siding-replace-in-dracut-ma/,"Chimney Siding Replace in Dracut,MA",ma,581,32,2,497,24,yes,no
chimney-siding-replace-in-leominster-ma,/location/chimney-siding-replace-in-leominster-ma/,https://chimcare-web.vercel.app/location/chimney-siding-replace-in-leominster-ma/,"Chimney Siding Replace in Leominster,MA",ma,1079,52,2,995,25,yes,no
chimney-siding-replace-in-lowell-ma,/location/chimney-siding-replace-in-lowell-ma/,https://chimcare-web.vercel.app/location/chimney-siding-replace-in-lowell-ma/,"Chimney Siding Replace in Lowell,MA",ma,660,32,2,569,23,yes,no
chimney-siding-replace-in-springfield-ma,/location/chimney-siding-replace-in-springfield-ma/,https://chimcare-web.vercel.app/location/chimney-siding-replace-in-springfield-ma/,"Chimney Siding Replace in Springfield,MA",ma,798,39,2,703,24,yes,no
chimney-siding-replace-in-weymouth-ma,/location/chimney-siding-replace-in-weymouth-ma/,https://chimcare-web.vercel.app/location/chimney-siding-replace-in-weymouth-ma/,"Chimney Siding Replace in Weymouth,MA",ma,742,35,2,646,25,yes,no
chimney-siding-replace-in-worcester-ma,/location/chimney-siding-replace-in-worcester-ma/,https://chimcare-web.vercel.app/location/chimney-siding-replace-in-worcester-ma/,"Chimney Siding Replace in Worcester,MA",ma,628,31,2,532,24,yes,no
chimney-sweep-fireplace-in-apple-valley-mn,/location/chimney-sweep-fireplace-in-apple-valley-mn/,https://chimcare-web.vercel.app/location/chimney-sweep-fireplace-in-apple-valley-mn/,"Chimney Sweep & Fireplace Services in Apple Valley, MN",mn,4268,203,2,4246,89,yes,yes
chimney-sweep-fireplace-in-eagan-mn,/location/chimney-sweep-fireplace-in-eagan-mn/,https://chimcare-web.vercel.app/location/chimney-sweep-fireplace-in-eagan-mn/,"Chimney Sweep & Fireplace Services in Eagan, MN",mn,4081,195,2,4061,88,yes,yes
chimney-sweep-fireplace-in-eden-prairie-mn,/location/chimney-sweep-fireplace-in-eden-prairie-mn/,https://chimcare-web.vercel.app/location/chimney-sweep-fireplace-in-eden-prairie-mn/,"Chimney Sweep & Fireplace Services in Eden Prairie, MN",mn,4115,203,2,4093,92,yes,yes
chimney-sweep-fireplace-in-edina-mn,/location/chimney-sweep-fireplace-in-edina-mn/,https://chimcare-web.vercel.app/location/chimney-sweep-fireplace-in-edina-mn/,"Chimney Sweep & Fireplace Services in Edina, MN",mn,4100,203,2,4080,90,yes,yes
chimney-sweep-fireplace-in-lake-elmo-mn,/location/chimney-sweep-fireplace-in-lake-elmo-mn/,https://chimcare-web.vercel.app/location/chimney-sweep-fireplace-in-lake-elmo-mn/,"Chimney Sweep & Fireplace Services in Lake Elmo, MN",mn,4193,203,2,4171,84,yes,yes
chimney-sweep-fireplace-in-lakeville-mn,/location/chimney-sweep-fireplace-in-lakeville-mn/,https://chimcare-web.vercel.app/location/chimney-sweep-fireplace-in-lakeville-mn/,"Chimney Sweep & Fireplace Services in Lakeville, MN",mn,3990,203,2,3970,91,yes,yes
chimney-sweep-fireplace-in-maple-grove-mn,/location/chimney-sweep-fireplace-in-maple-grove-mn/,https://chimcare-web.vercel.app/location/chimney-sweep-fireplace-in-maple-grove-mn/,"Chimney Sweep & Fireplace Services in Maple Grove, MN",mn,4278,203,2,4256,89,yes,yes
chimney-sweep-fireplace-in-maplewood-mn,/location/chimney-sweep-fireplace-in-maplewood-mn/,https://chimcare-web.vercel.app/location/chimney-sweep-fireplace-in-maplewood-mn/,"Chimney Sweep & Fireplace Services in Maplewood, MN",mn,4036,203,2,4016,90,yes,yes
chimney-sweep-fireplace-in-minneapolis-mn,/location/chimney-sweep-fireplace-in-minneapolis-mn/,https://chimcare-web.vercel.app/location/chimney-sweep-fireplace-in-minneapolis-mn/,"Chimney Sweep & Fireplace Services in Minneapolis, MN",mn,4027,203,2,4007,87,yes,yes
chimney-sweep-fireplace-in-north-minneapolis-mn,/location/chimney-sweep-fireplace-in-north-minneapolis-mn/,https://chimcare-web.vercel.app/location/chimney-sweep-fireplace-in-north-minneapolis-mn/,"Chimney Sweep & Fireplace Services in North Minneapolis, MN",mn,4235,203,2,4213,92,yes,yes
chimney-sweep-fireplace-in-south-minneapolis-mn,/location/chimney-sweep-fireplace-in-south-minneapolis-mn/,https://chimcare-web.vercel.app/location/chimney-sweep-fireplace-in-south-minneapolis-mn/,"Chimney Sweep & Fireplace Services in South Minneapolis, MN",mn,3991,191,2,3969,92,yes,yes
chimney-sweep-fireplace-in-st-paul-mn,/location/chimney-sweep-fireplace-in-st-paul-mn/,https://chimcare-web.vercel.app/location/chimney-sweep-fireplace-in-st-paul-mn/,"Chimney Sweep & Fireplace Services in St. Paul, MN",mn,4207,203,2,4185,91,yes,yes
chimney-sweep-fireplace-in-wayzata-mn,/location/chimney-sweep-fireplace-in-wayzata-mn/,https://chimcare-web.vercel.app/location/chimney-sweep-fireplace-in-wayzata-mn/,"Chimney Sweep & Fireplace Services in Wayzata, MN",mn,3670,185,2,3650,92,yes,yes
chimney-sweep-fireplace-in-west-minneapolis-mn,/location/chimney-sweep-fireplace-in-west-minneapolis-mn/,https://chimcare-web.vercel.app/location/chimney-sweep-fireplace-in-west-minneapolis-mn/,"Chimney Sweep & Fireplace Services in West Minneapolis, MN",mn,3785,187,2,3763,83,yes,yes
chimney-sweep-fireplace-services-in-akron-oh,/location/chimney-sweep-fireplace-services-in-akron-oh/,https://chimcare-web.vercel.app/location/chimney-sweep-fireplace-services-in-akron-oh/,"Chimney Sweep & Fireplace Services in Akron ,OH",oh,5549,281,2,5529,24,yes,yes
chimney-sweep-fireplace-services-in-alpharetta-ga,/location/chimney-sweep-fireplace-services-in-alpharetta-ga/,https://chimcare-web.vercel.app/location/chimney-sweep-fireplace-services-in-alpharetta-ga/,"Chimney Sweep & Fireplace Services in Alpharetta, GA",ga,5021,265,2,5001,24,yes,yes
chimney-sweep-fireplace-services-in-atlanta-ga,/location/chimney-sweep-fireplace-services-in-atlanta-ga/,https://chimcare-web.vercel.app/location/chimney-sweep-fireplace-services-in-atlanta-ga/,"Chimney Sweep & Fireplace Services in Atlanta, GA",ga,5257,283,2,5237,24,yes,yes
chimney-sweep-fireplace-services-in-beachwood-oh,/location/chimney-sweep-fireplace-services-in-beachwood-oh/,https://chimcare-web.vercel.app/location/chimney-sweep-fireplace-services-in-beachwood-oh/,"Chimney Sweep & Fireplace Services in Beachwood ,OH",oh,5361,279,2,5341,25,yes,yes
chimney-sweep-fireplace-services-in-brookfield-wi,/location/chimney-sweep-fireplace-services-in-brookfield-wi/,https://chimcare-web.vercel.app/location/chimney-sweep-fireplace-services-in-brookfield-wi/,"Chimney Sweep & Fireplace Services in Brookfield, WI",wi,1253,77,2,1201,0,yes,yes
chimney-sweep-fireplace-services-in-burr-ridge-il,/location/chimney-sweep-fireplace-services-in-burr-ridge-il/,https://chimcare-web.vercel.app/location/chimney-sweep-fireplace-services-in-burr-ridge-il/,"Chimney Sweep & Fireplace Services in Burr Ridge, IL",il,1197,84,2,1141,92,yes,yes
chimney-sweep-fireplace-services-in-central-cleveland-oh,/location/chimney-sweep-fireplace-services-in-central-cleveland-oh/,https://chimcare-web.vercel.app/location/chimney-sweep-fireplace-services-in-central-cleveland-oh/,"Chimney Sweep & Fireplace Services in Cleveland ,OH",oh,5301,281,2,5281,0,yes,yes
chimney-sweep-fireplace-services-in-chicago-il,/location/chimney-sweep-fireplace-services-in-chicago-il/,https://chimcare-web.vercel.app/location/chimney-sweep-fireplace-services-in-chicago-il/,"Chimney Sweep & Fireplace Services in Chicago, IL",il,1311,97,2,1243,92,yes,yes
chimney-sweep-fireplace-services-in-columbus-oh,/location/chimney-sweep-fireplace-services-in-columbus-oh/,https://chimcare-web.vercel.app/location/chimney-sweep-fireplace-services-in-columbus-oh/,"Chimney Sweep & Fireplace Services in Columbus ,OH",oh,5565,281,2,5545,25,yes,yes
chimney-sweep-fireplace-services-in-cumming-ga,/location/chimney-sweep-fireplace-services-in-cumming-ga/,https://chimcare-web.vercel.app/location/chimney-sweep-fireplace-services-in-cumming-ga/,"Chimney Sweep & Fireplace Services in Cumming, GA",ga,1270,93,1,1263,0,yes,yes
chimney-sweep-fireplace-services-in-decatur-ga,/location/chimney-sweep-fireplace-services-in-decatur-ga/,https://chimcare-web.vercel.app/location/chimney-sweep-fireplace-services-in-decatur-ga/,"Chimney Sweep & Fireplace Services in Decatur, GA",ga,5463,283,2,5443,24,yes,yes
chimney-sweep-fireplace-services-in-dublin-oh,/location/chimney-sweep-fireplace-services-in-dublin-oh/,https://chimcare-web.vercel.app/location/chimney-sweep-fireplace-services-in-dublin-oh/,"Chimney Sweep & Fireplace Services in Dublin ,OH",oh,5425,283,2,5405,25,yes,yes
chimney-sweep-fireplace-services-in-eastham-ma,/location/chimney-sweep-fireplace-services-in-eastham-ma/,https://chimcare-web.vercel.app/location/chimney-sweep-fireplace-services-in-eastham-ma/,"Chimney Sweep & Fireplace Services in Eastham, MA",ma,1475,93,2,1455,0,yes,yes
chimney-sweep-fireplace-services-in-glenview-il,/location/chimney-sweep-fireplace-services-in-glenview-il/,https://chimcare-web.vercel.app/location/chimney-sweep-fireplace-services-in-glenview-il/,"Chimney Sweep & Fireplace Services in Glenview, IL",il,1345,93,3,1289,92,yes,yes
chimney-sweep-fireplace-services-in-hoffman-estates-il,/location/chimney-sweep-fireplace-services-in-hoffman-estates-il/,https://chimcare-web.vercel.app/location/chimney-sweep-fireplace-services-in-hoffman-estates-il/,"Chimney Sweep & Fireplace Services in Hoffman Estates, IL",il,1189,84,3,1139,92,yes,yes
chimney-sweep-fireplace-services-in-independence-oh,/location/chimney-sweep-fireplace-services-in-independence-oh/,https://chimcare-web.vercel.app/location/chimney-sweep-fireplace-services-in-independence-oh/,"Chimney Sweep & Fireplace Services in Independence ,OH",oh,5338,281,2,5318,23,yes,yes
chimney-sweep-fireplace-services-in-kennesaw-ga,/location/chimney-sweep-fireplace-services-in-kennesaw-ga/,https://chimcare-web.vercel.app/location/chimney-sweep-fireplace-services-in-kennesaw-ga/,"Chimney Sweep & Fireplace Services in Kennesaw, GA",ga,5053,265,2,5033,25,yes,yes
chimney-sweep-fireplace-services-in-lake-forest-il,/location/chimney-sweep-fireplace-services-in-lake-forest-il/,https://chimcare-web.vercel.app/location/chimney-sweep-fireplace-services-in-lake-forest-il/,"Chimney Sweep & Fireplace Services in Lake Forest, IL",il,1264,85,2,1207,92,yes,yes
chimney-sweep-fireplace-services-in-lawrenceville-ga,/location/chimney-sweep-fireplace-services-in-lawrenceville-ga/,https://chimcare-web.vercel.app/location/chimney-sweep-fireplace-services-in-lawrenceville-ga/,"Chimney Sweep & Fireplace Services in Lawrenceville, GA",ga,5127,277,2,5107,24,yes,yes
chimney-sweep-fireplace-services-in-lee-ma,/location/chimney-sweep-fireplace-services-in-lee-ma/,https://chimcare-web.vercel.app/location/chimney-sweep-fireplace-services-in-lee-ma/,"Chimney Sweep & Fireplace Services in Lee, MA",ma,1269,82,2,1251,0,yes,yes
chimney-sweep-fireplace-services-in-marietta-ga,/location/chimney-sweep-fireplace-services-in-marietta-ga/,https://chimcare-web.vercel.app/location/chimney-sweep-fireplace-services-in-marietta-ga/,"Chimney Sweep & Fireplace Services in Marietta, GA",ga,5402,273,2,5382,24,yes,yes
chimney-sweep-fireplace-services-in-milwaukee-wi,/location/chimney-sweep-fireplace-services-in-milwaukee-wi/,https://chimcare-web.vercel.app/location/chimney-sweep-fireplace-services-in-milwaukee-wi/,"Chimney Sweep & Fireplace Services in Milwaukee, WI",wi,1485,89,2,1421,0,yes,yes
chimney-sweep-fireplace-services-in-naperville-il,/location/chimney-sweep-fireplace-services-in-naperville-il/,https://chimcare-web.vercel.app/location/chimney-sweep-fireplace-services-in-naperville-il/,"Chimney Sweep & Fireplace Services in Naperville, IL",il,1242,87,2,1189,92,yes,yes
chimney-sweep-fireplace-services-in-ne-atlanta-ga,/location/chimney-sweep-fireplace-services-in-ne-atlanta-ga/,https://chimcare-web.vercel.app/location/chimney-sweep-fireplace-services-in-ne-atlanta-ga/,"Chimney Sweep & Fireplace Services in NE Atlanta, GA",ga,1330,95,2,1258,0,yes,yes
chimney-sweep-fireplace-services-in-norcross-ga,/location/chimney-sweep-fireplace-services-in-norcross-ga/,https://chimcare-web.vercel.app/location/chimney-sweep-fireplace-services-in-norcross-ga/,"Chimney Sweep & Fireplace Services in Norcross, GA",ga,4792,265,2,4772,25,yes,yes
chimney-sweep-fireplace-services-in-north-atlanta-ga,/location/chimney-sweep-fireplace-services-in-north-atlanta-ga/,https://chimcare-web.vercel.app/location/chimney-sweep-fireplace-services-in-north-atlanta-ga/,"Chimney Sweep & Fireplace Services in North Atlanta, GA",ga,1097,75,2,1038,0,yes,yes
chimney-sweep-fireplace-services-in-northbrook-il,/location/chimney-sweep-fireplace-services-in-northbrook-il/,https://chimcare-web.vercel.app/location/chimney-sweep-fireplace-services-in-northbrook-il/,"Chimney Sweep & Fireplace Services in Northbrook, IL",il,958,79,2,894,82,yes,yes
chimney-sweep-fireplace-services-in-northeast-columbus-oh,/location/chimney-sweep-fireplace-services-in-northeast-columbus-oh/,https://chimcare-web.vercel.app/location/chimney-sweep-fireplace-services-in-northeast-columbus-oh/,"Chimney Sweep & Fireplace Services in Northeast Columbus, OH",oh,1424,90,2,1367,0,yes,yes
chimney-sweep-fireplace-services-in-northeast-milwaukee-wi,/location/chimney-sweep-fireplace-services-in-northeast-milwaukee-wi/,https://chimcare-web.vercel.app/location/chimney-sweep-fireplace-services-in-northeast-milwaukee-wi/,"Chimney Sweep & Fireplace Services in Northeast Milwaukee, WI",wi,1210,87,2,1153,0,yes,yes
chimney-sweep-fireplace-services-in-northwest-milwaukee-wi,/location/chimney-sweep-fireplace-services-in-northwest-milwaukee-wi/,https://chimcare-web.vercel.app/location/chimney-sweep-fireplace-services-in-northwest-milwaukee-wi/,"Chimney Sweep & Fireplace Services in Northwest Milwaukee, WI",wi,871,74,2,823,0,yes,yes
chimney-sweep-fireplace-services-in-oak-brook-il,/location/chimney-sweep-fireplace-services-in-oak-brook-il/,https://chimcare-web.vercel.app/location/chimney-sweep-fireplace-services-in-oak-brook-il/,"Chimney Sweep & Fireplace Services in Oak Brook, IL",il,1074,82,2,1018,0,yes,yes
chimney-sweep-fireplace-services-in-oak-park-il,/location/chimney-sweep-fireplace-services-in-oak-park-il/,https://chimcare-web.vercel.app/location/chimney-sweep-fireplace-services-in-oak-park-il/,"Chimney Sweep & Fireplace Services in Oak Park, IL",il,1200,99,2,1138,82,yes,yes
chimney-sweep-fireplace-services-in-schaumburg-il,/location/chimney-sweep-fireplace-services-in-schaumburg-il/,https://chimcare-web.vercel.app/location/chimney-sweep-fireplace-services-in-schaumburg-il/,"Chimney Sweep & Fireplace Services in Schaumburg, IL",il,1269,96,2,1211,80,yes,yes
chimney-sweep-fireplace-services-in-skokie-il,/location/chimney-sweep-fireplace-services-in-skokie-il/,https://chimcare-web.vercel.app/location/chimney-sweep-fireplace-services-in-skokie-il/,"Chimney Sweep & Fireplace Services in Skokie, IL",il,1175,89,2,1123,78,yes,yes
chimney-sweep-fireplace-services-in-southwest-cleveland-oh,/location/chimney-sweep-fireplace-services-in-southwest-cleveland-oh/,https://chimcare-web.vercel.app/location/chimney-sweep-fireplace-services-in-southwest-cleveland-oh/,"Chimney Sweep & Fireplace Services in Southwest Cleveland, OH",oh,908,88,2,848,0,yes,yes
chimney-sweep-fireplace-services-in-southwest-milwaukee-wi,/location/chimney-sweep-fireplace-services-in-southwest-milwaukee-wi/,https://chimcare-web.vercel.app/location/chimney-sweep-fireplace-services-in-southwest-milwaukee-wi/,"Chimney Sweep & Fireplace Services in Southwest Milwaukee, WI",wi,1043,95,2,999,0,yes,yes
chimney-sweep-fireplace-services-in-st-charles-il,/location/chimney-sweep-fireplace-services-in-st-charles-il/,https://chimcare-web.vercel.app/location/chimney-sweep-fireplace-services-in-st-charles-il/,"Chimney Sweep & Fireplace Services in St. Charles, IL",il,1229,92,2,1163,82,yes,yes
chimney-sweep-fireplace-services-in-vernon-hills-il,/location/chimney-sweep-fireplace-services-in-vernon-hills-il/,https://chimcare-web.vercel.app/location/chimney-sweep-fireplace-services-in-vernon-hills-il/,"Chimney Sweep & Fireplace Services in Vernon Hills, IL",il,1182,93,2,1128,83,yes,yes
chimney-sweep-fireplace-services-in-west-columbus-oh,/location/chimney-sweep-fireplace-services-in-west-columbus-oh/,https://chimcare-web.vercel.app/location/chimney-sweep-fireplace-services-in-west-columbus-oh/,"Chimney Sweep & Fireplace Services in West Columbus, OH",oh,1415,86,2,1347,0,yes,yes
chimney-sweep-fireplace-services-in-westerville-oh,/location/chimney-sweep-fireplace-services-in-westerville-oh/,https://chimcare-web.vercel.app/location/chimney-sweep-fireplace-services-in-westerville-oh/,"Chimney Sweep & Fireplace Services in Westerville ,OH",oh,5620,285,2,5600,24,yes,yes
chimney-sweep-fireplace-services-in-westlake-oh,/location/chimney-sweep-fireplace-services-in-westlake-oh/,https://chimcare-web.vercel.app/location/chimney-sweep-fireplace-services-in-westlake-oh/,"Chimney Sweep & Fireplace Services in Westlake ,OH",oh,5551,283,2,5531,23,yes,yes
chimney-sweep-fireplace-services-in-westmont-il,/location/chimney-sweep-fireplace-services-in-westmont-il/,https://chimcare-web.vercel.app/location/chimney-sweep-fireplace-services-in-westmont-il/,"Chimney Sweep & Fireplace Services in Westmont, IL",il,1182,91,2,1117,82,yes,yes
chimney-sweep-fireplace-services-in-wheaton-il,/location/chimney-sweep-fireplace-services-in-wheaton-il/,https://chimcare-web.vercel.app/location/chimney-sweep-fireplace-services-in-wheaton-il/,"Chimney Sweep & Fireplace Services in Wheaton, IL",il,961,76,2,905,92,yes,yes
chimney-sweep-in-leominster-ma,/location/chimney-sweep-in-leominster-ma/,https://chimcare-web.vercel.app/location/chimney-sweep-in-leominster-ma/,"Chimney Sweep in Leominster,MA",ma,1089,49,2,1021,24,yes,no
chimney-sweep-in-weymouth-ma,/location/chimney-sweep-in-weymouth-ma/,https://chimcare-web.vercel.app/location/chimney-sweep-in-weymouth-ma/,"Chimney Sweep in Weymouth,MA",ma,644,31,2,565,24,yes,no
chimney-sweep-near-me-in-cambridge-ma,/location/chimney-sweep-near-me-in-cambridge-ma/,https://chimcare-web.vercel.app/location/chimney-sweep-near-me-in-cambridge-ma/,"Chimney Sweep Near Me in Cambridge,MA",ma,640,32,2,554,24,yes,no
chimney-sweep-near-me-in-dracut-ma,/location/chimney-sweep-near-me-in-dracut-ma/,https://chimcare-web.vercel.app/location/chimney-sweep-near-me-in-dracut-ma/,"Chimney Sweep Near Me in Dracut,MA",ma,713,33,2,608,24,yes,no
chimney-sweep-near-me-in-leominster-ma,/location/chimney-sweep-near-me-in-leominster-ma/,https://chimcare-web.vercel.app/location/chimney-sweep-near-me-in-leominster-ma/,"Chimney Sweep Near Me in Leominster,MA",ma,1083,55,2,1008,25,yes,no
chimney-sweep-near-me-in-lowell-ma,/location/chimney-sweep-near-me-in-lowell-ma/,https://chimcare-web.vercel.app/location/chimney-sweep-near-me-in-lowell-ma/,"Chimney Sweep Near Me in Lowell,MA",ma,629,31,2,537,23,yes,no
chimney-sweep-near-me-in-springfield-ma,/location/chimney-sweep-near-me-in-springfield-ma/,https://chimcare-web.vercel.app/location/chimney-sweep-near-me-in-springfield-ma/,"Chimney Sweep Near Me in Springfield,MA",ma,577,30,2,481,24,yes,no
chimney-sweep-near-me-in-weymouth-ma,/location/chimney-sweep-near-me-in-weymouth-ma/,https://chimcare-web.vercel.app/location/chimney-sweep-near-me-in-weymouth-ma/,"Chimney Sweep Near Me in Weymouth,MA",ma,844,42,2,761,25,yes,no
chimney-sweep-near-me-in-worcester-ma,/location/chimney-sweep-near-me-in-worcester-ma/,https://chimcare-web.vercel.app/location/chimney-sweep-near-me-in-worcester-ma/,"Chimney Sweep Near Me in Worcester,MA",ma,622,36,2,527,24,yes,no
chimney-sweep-repair-in-boston-ma,/location/chimney-sweep-repair-in-boston-ma/,https://chimcare-web.vercel.app/location/chimney-sweep-repair-in-boston-ma/,"Chimney Sweep & Fireplace Services in Boston, MA",ma,1879,95,2,1859,0,yes,yes
chimney-sweep-repair-in-brookline-ma,/location/chimney-sweep-repair-in-brookline-ma/,https://chimcare-web.vercel.app/location/chimney-sweep-repair-in-brookline-ma/,"Chimney Sweep & Fireplace Services in Brookline, MA",ma,969,71,2,890,24,yes,yes
chimney-sweep-repair-in-cambridge-ma,/location/chimney-sweep-repair-in-cambridge-ma/,https://chimcare-web.vercel.app/location/chimney-sweep-repair-in-cambridge-ma/,"Chimney Sweep & Fireplace Services in Cambridge, MA",ma,1589,87,2,1520,24,yes,yes
chimney-sweep-repair-in-cambridge-ma-2,/location/chimney-sweep-repair-in-cambridge-ma-2/,https://chimcare-web.vercel.app/location/chimney-sweep-repair-in-cambridge-ma-2/,"Chimney Sweep in Cambridge,MA",-2,683,36,2,591,0,yes,no
chimney-sweep-repair-in-cambridge-ma-3,/location/chimney-sweep-repair-in-cambridge-ma-3/,https://chimcare-web.vercel.app/location/chimney-sweep-repair-in-cambridge-ma-3/,"Chimney Sweep & Repair in Cambridge,MA",-3,820,35,2,710,0,yes,no
chimney-sweep-repair-in-dracut-ma,/location/chimney-sweep-repair-in-dracut-ma/,https://chimcare-web.vercel.app/location/chimney-sweep-repair-in-dracut-ma/,"Chimney Sweep & Repair in Dracut,MA",ma,694,32,2,594,24,yes,no
chimney-sweep-repair-in-leominster-ma,/location/chimney-sweep-repair-in-leominster-ma/,https://chimcare-web.vercel.app/location/chimney-sweep-repair-in-leominster-ma/,"Chimney Sweep & Repair in Leominster,MA",ma,1097,50,2,1010,25,yes,no
chimney-sweep-repair-in-lowell-ma,/location/chimney-sweep-repair-in-lowell-ma/,https://chimcare-web.vercel.app/location/chimney-sweep-repair-in-lowell-ma/,"Chimney Sweep & Repair in Lowell,MA",ma,643,31,2,564,23,yes,no
chimney-sweep-repair-in-mesa-az-2,/location/chimney-sweep-repair-in-mesa-az-2/,https://chimcare-web.vercel.app/location/chimney-sweep-repair-in-mesa-az-2/,"Chimney Sweep & Fireplace Services in Mesa,AZ",-2,5225,272,2,5205,0,yes,no
chimney-sweep-repair-in-milton-ma,/location/chimney-sweep-repair-in-milton-ma/,https://chimcare-web.vercel.app/location/chimney-sweep-repair-in-milton-ma/,"Chimney Sweep & Fireplace Services in Milton, MA",ma,1128,79,2,1075,24,yes,yes
chimney-sweep-repair-in-newton-ma,/location/chimney-sweep-repair-in-newton-ma/,https://chimcare-web.vercel.app/location/chimney-sweep-repair-in-newton-ma/,"Chimney Sweep & Fireplace Services in Newton, MA",ma,1462,88,2,1394,24,yes,yes
chimney-sweep-repair-in-peabody-ma,/location/chimney-sweep-repair-in-peabody-ma/,https://chimcare-web.vercel.app/location/chimney-sweep-repair-in-peabody-ma/,"Chimney Sweep & Fireplace Services in Peabody, MA",ma,1260,92,2,1205,25,yes,yes
chimney-sweep-repair-in-phoenix-az,/location/chimney-sweep-repair-in-phoenix-az/,https://chimcare-web.vercel.app/location/chimney-sweep-repair-in-phoenix-az/,"Chimney Sweep in Phoenix,AZ",az,601,33,2,520,8,yes,no
chimney-sweep-repair-in-phoenix-az-2,/location/chimney-sweep-repair-in-phoenix-az-2/,https://chimcare-web.vercel.app/location/chimney-sweep-repair-in-phoenix-az-2/,"Chimney Sweep & Fireplace Services in Phoenix,AZ",-2,973,48,2,953,0,yes,no
chimney-sweep-repair-in-springfield-ma,/location/chimney-sweep-repair-in-springfield-ma/,https://chimcare-web.vercel.app/location/chimney-sweep-repair-in-springfield-ma/,"Chimney Sweep in Springfield,MA",ma,608,32,2,519,24,yes,no
chimney-sweep-repair-in-springfield-ma-2,/location/chimney-sweep-repair-in-springfield-ma-2/,https://chimcare-web.vercel.app/location/chimney-sweep-repair-in-springfield-ma-2/,"Chimney Sweep & Repair in Springfield,MA",-2,668,33,2,585,0,yes,no
chimney-sweep-repair-in-weymouth-ma,/location/chimney-sweep-repair-in-weymouth-ma/,https://chimcare-web.vercel.app/location/chimney-sweep-repair-in-weymouth-ma/,"Chimney Sweep & Repair in Weymouth,MA",ma,672,34,2,577,25,yes,no
chimney-sweep-repair-in-worcester-ma,/location/chimney-sweep-repair-in-worcester-ma/,https://chimcare-web.vercel.app/location/chimney-sweep-repair-in-worcester-ma/,"Chimney Sweep in Worcester,MA",ma,698,35,2,604,24,yes,no
chimney-sweep-repair-in-worcester-ma-2,/location/chimney-sweep-repair-in-worcester-ma-2/,https://chimcare-web.vercel.app/location/chimney-sweep-repair-in-worcester-ma-2/,"Chimney Sweep & Repair in Worcester,MA",-2,656,37,2,562,0,yes,no
chimney-sweep-services-in-cambridge-ma,/location/chimney-sweep-services-in-cambridge-ma/,https://chimcare-web.vercel.app/location/chimney-sweep-services-in-cambridge-ma/,"Chimney Sweep Services in Cambridge,MA",ma,662,34,2,563,24,yes,no
chimney-sweep-services-in-dracut-ma,/location/chimney-sweep-services-in-dracut-ma/,https://chimcare-web.vercel.app/location/chimney-sweep-services-in-dracut-ma/,"Chimney Sweep Services in Dracut,MA",ma,619,32,2,531,24,yes,no
chimney-sweep-services-in-leominster-ma,/location/chimney-sweep-services-in-leominster-ma/,https://chimcare-web.vercel.app/location/chimney-sweep-services-in-leominster-ma/,"Chimney Sweep Services in Leominster,MA",ma,1011,55,2,941,25,yes,no
chimney-sweep-services-in-lowell-ma,/location/chimney-sweep-services-in-lowell-ma/,https://chimcare-web.vercel.app/location/chimney-sweep-services-in-lowell-ma/,"Chimney Sweep Services in Lowell,MA",ma,619,31,2,532,23,yes,no
chimney-sweep-services-in-springfield-ma,/location/chimney-sweep-services-in-springfield-ma/,https://chimcare-web.vercel.app/location/chimney-sweep-services-in-springfield-ma/,"Chimney Sweep Services in Springfield,MA",ma,696,33,2,614,24,yes,no
chimney-sweep-services-in-weymouth-ma,/location/chimney-sweep-services-in-weymouth-ma/,https://chimcare-web.vercel.app/location/chimney-sweep-services-in-weymouth-ma/,"Chimney Sweep Services in Weymouth,MA",ma,627,33,2,550,25,yes,no
chimney-sweep-services-in-worcester-ma,/location/chimney-sweep-services-in-worcester-ma/,https://chimcare-web.vercel.app/location/chimney-sweep-services-in-worcester-ma/,"Chimney Sweep Services in Worcester,MA",ma,750,34,2,661,24,yes,no
chimney-tuckpointing-in-cambridge-ma,/location/chimney-tuckpointing-in-cambridge-ma/,https://chimcare-web.vercel.app/location/chimney-tuckpointing-in-cambridge-ma/,"Chimney Tuckpointing in Cambridge,MA",ma,680,38,2,592,23,yes,no
chimney-tuckpointing-in-dracut-ma,/location/chimney-tuckpointing-in-dracut-ma/,https://chimcare-web.vercel.app/location/chimney-tuckpointing-in-dracut-ma/,"Chimney Tuckpointing in Dracut,MA",ma,805,32,2,679,23,yes,no
chimney-tuckpointing-in-leominster-ma,/location/chimney-tuckpointing-in-leominster-ma/,https://chimcare-web.vercel.app/location/chimney-tuckpointing-in-leominster-ma/,"Chimney Tuckpointing in Leominster,MA",ma,1000,52,2,930,24,yes,no
chimney-tuckpointing-in-lowell-ma,/location/chimney-tuckpointing-in-lowell-ma/,https://chimcare-web.vercel.app/location/chimney-tuckpointing-in-lowell-ma/,"Chimney Tuckpointing in Lowell,MA",ma,1052,47,2,935,22,yes,no
chimney-tuckpointing-in-springfield-ma,/location/chimney-tuckpointing-in-springfield-ma/,https://chimcare-web.vercel.app/location/chimney-tuckpointing-in-springfield-ma/,"Chimney Tuckpointing in Springfield,MA",ma,679,37,2,589,23,yes,no
chimney-tuckpointing-in-weymouth-ma,/location/chimney-tuckpointing-in-weymouth-ma/,https://chimcare-web.vercel.app/location/chimney-tuckpointing-in-weymouth-ma/,"Chimney Tuckpointing in Weymouth,MA",ma,685,39,2,596,24,yes,no
chimney-tuckpointing-in-worcester-ma,/location/chimney-tuckpointing-in-worcester-ma/,https://chimcare-web.vercel.app/location/chimney-tuckpointing-in-worcester-ma/,"Chimney Tuckpointing in Worcester,MA",ma,765,37,2,649,23,yes,no
chimney-vent-installation-in-cambridge-ma,/location/chimney-vent-installation-in-cambridge-ma/,https://chimcare-web.vercel.app/location/chimney-vent-installation-in-cambridge-ma/,"Chimney Vent Installation in Cambridge,MA",ma,1102,47,2,1013,23,yes,no
chimney-vent-installation-in-dracut-ma,/location/chimney-vent-installation-in-dracut-ma/,https://chimcare-web.vercel.app/location/chimney-vent-installation-in-dracut-ma/,"Chimney Vent Installation in Dracut,MA",ma,1009,47,2,903,23,yes,no
chimney-vent-installation-in-leominster-ma,/location/chimney-vent-installation-in-leominster-ma/,https://chimcare-web.vercel.app/location/chimney-vent-installation-in-leominster-ma/,"Chimney Vent Installation in Leominster,MA",ma,1124,55,2,1033,24,yes,no
chimney-vent-installation-in-lowell-ma,/location/chimney-vent-installation-in-lowell-ma/,https://chimcare-web.vercel.app/location/chimney-vent-installation-in-lowell-ma/,"Chimney Vent Installation in Lowell,MA",ma,695,38,2,595,22,yes,no
chimney-vent-installation-in-springfield-ma,/location/chimney-vent-installation-in-springfield-ma/,https://chimcare-web.vercel.app/location/chimney-vent-installation-in-springfield-ma/,"Chimney Vent Installation in Springfield,MA",ma,635,33,2,539,23,yes,no
chimney-vent-installation-in-weymouth-ma,/location/chimney-vent-installation-in-weymouth-ma/,https://chimcare-web.vercel.app/location/chimney-vent-installation-in-weymouth-ma/,"Chimney Vent Installation in Weymouth,MA",ma,749,33,2,645,24,yes,no
chimney-vent-installation-in-worcester-ma,/location/chimney-vent-installation-in-worcester-ma/,https://chimcare-web.vercel.app/location/chimney-vent-installation-in-worcester-ma/,"Chimney Vent Installation in Worcester,MA",ma,537,36,2,455,23,yes,no
cleaning-sweeping-in-cambridge-ma,/location/cleaning-sweeping-in-cambridge-ma/,https://chimcare-web.vercel.app/location/cleaning-sweeping-in-cambridge-ma/,"Cleaning & Sweeping in Cambridge,MA",ma,611,36,2,525,24,yes,no
cleaning-sweeping-in-dracut-ma,/location/cleaning-sweeping-in-dracut-ma/,https://chimcare-web.vercel.app/location/cleaning-sweeping-in-dracut-ma/,"Cleaning & Sweeping in Dracut,MA",ma,663,32,2,574,24,yes,no
cleaning-sweeping-in-lowell-ma,/location/cleaning-sweeping-in-lowell-ma/,https://chimcare-web.vercel.app/location/cleaning-sweeping-in-lowell-ma/,"Cleaning & Sweeping in Lowell,MA",ma,696,38,2,600,23,yes,no
cleaning-sweeping-in-springfield-ma,/location/cleaning-sweeping-in-springfield-ma/,https://chimcare-web.vercel.app/location/cleaning-sweeping-in-springfield-ma/,"Cleaning & Sweeping in Springfield,MA",ma,759,35,2,660,24,yes,no
cleaning-sweeping-in-weymouth-ma,/location/cleaning-sweeping-in-weymouth-ma/,https://chimcare-web.vercel.app/location/cleaning-sweeping-in-weymouth-ma/,"Cleaning & Sweeping in Weymouth,MA",ma,680,33,2,587,25,yes,no
cleaning-sweeping-in-worcester-ma,/location/cleaning-sweeping-in-worcester-ma/,https://chimcare-web.vercel.app/location/cleaning-sweeping-in-worcester-ma/,"Cleaning & Sweeping in Worcester,MA",ma,822,34,2,729,24,yes,no
commercial-air-duct-cleaning-in-phoenix-az,/location/commercial-air-duct-cleaning-in-phoenix-az/,https://chimcare-web.vercel.app/location/commercial-air-duct-cleaning-in-phoenix-az/,"Commercial Air Duct Cleaning in Phoenix,AZ",az,720,37,2,619,8,yes,no
commercial-bbq-smoker-cleaning-service-in-cambridge-ma,/location/commercial-bbq-smoker-cleaning-service-in-cambridge-ma/,https://chimcare-web.vercel.app/location/commercial-bbq-smoker-cleaning-service-in-cambridge-ma/,"Commercial BBQ Smoker Cleaning Service in Cambridge,MA",ma,695,35,2,617,24,yes,no
commercial-bbq-smoker-cleaning-service-in-dracut-ma,/location/commercial-bbq-smoker-cleaning-service-in-dracut-ma/,https://chimcare-web.vercel.app/location/commercial-bbq-smoker-cleaning-service-in-dracut-ma/,"Commercial BBQ Smoker Cleaning Service in Dracut,MA",ma,633,33,2,557,24,yes,no
commercial-bbq-smoker-cleaning-service-in-leominster-ma,/location/commercial-bbq-smoker-cleaning-service-in-leominster-ma/,https://chimcare-web.vercel.app/location/commercial-bbq-smoker-cleaning-service-in-leominster-ma/,"Commercial BBQ Smoker Cleaning Service in Leominster,MA",ma,1096,52,2,1028,25,yes,no
commercial-bbq-smoker-cleaning-service-in-lowell-ma,/location/commercial-bbq-smoker-cleaning-service-in-lowell-ma/,https://chimcare-web.vercel.app/location/commercial-bbq-smoker-cleaning-service-in-lowell-ma/,"Commercial BBQ Smoker Cleaning Service in Lowell,MA",ma,578,35,2,499,23,yes,no
commercial-bbq-smoker-cleaning-service-in-springfield-ma,/location/commercial-bbq-smoker-cleaning-service-in-springfield-ma/,https://chimcare-web.vercel.app/location/commercial-bbq-smoker-cleaning-service-in-springfield-ma/,"Commercial BBQ Smoker Cleaning Service in Springfield,MA",ma,650,36,2,569,24,yes,no
commercial-bbq-smoker-cleaning-service-in-weymouth-ma,/location/commercial-bbq-smoker-cleaning-service-in-weymouth-ma/,https://chimcare-web.vercel.app/location/commercial-bbq-smoker-cleaning-service-in-weymouth-ma/,"Commercial BBQ Smoker Cleaning Service in Weymouth,MA",ma,741,36,2,644,25,yes,no
commercial-bbq-smoker-cleaning-service-in-worcester-ma,/location/commercial-bbq-smoker-cleaning-service-in-worcester-ma/,https://chimcare-web.vercel.app/location/commercial-bbq-smoker-cleaning-service-in-worcester-ma/,"Commercial BBQ Smoker Cleaning Service in Worcester,MA",ma,682,37,2,584,24,yes,no
commercial-pizza-oven-cleaning-service-in-cambridge-ma,/location/commercial-pizza-oven-cleaning-service-in-cambridge-ma/,https://chimcare-web.vercel.app/location/commercial-pizza-oven-cleaning-service-in-cambridge-ma/,"Commercial Pizza Oven Cleaning Service in Cambridge,MA",ma,574,33,2,485,24,yes,no
commercial-pizza-oven-cleaning-service-in-dracut-ma,/location/commercial-pizza-oven-cleaning-service-in-dracut-ma/,https://chimcare-web.vercel.app/location/commercial-pizza-oven-cleaning-service-in-dracut-ma/,"Commercial Pizza Oven Cleaning Service in Dracut,MA",ma,757,36,2,673,24,yes,no
commercial-pizza-oven-cleaning-service-in-leominster-ma,/location/commercial-pizza-oven-cleaning-service-in-leominster-ma/,https://chimcare-web.vercel.app/location/commercial-pizza-oven-cleaning-service-in-leominster-ma/,"Commercial Pizza Oven Cleaning Service in Leominster,MA",ma,1088,52,2,996,25,yes,no
commercial-pizza-oven-cleaning-service-in-lowell-ma,/location/commercial-pizza-oven-cleaning-service-in-lowell-ma/,https://chimcare-web.vercel.app/location/commercial-pizza-oven-cleaning-service-in-lowell-ma/,"Commercial Pizza Oven Cleaning Service in Lowell,MA",ma,686,37,2,586,23,yes,no
commercial-pizza-oven-cleaning-service-in-springfield-ma,/location/commercial-pizza-oven-cleaning-service-in-springfield-ma/,https://chimcare-web.vercel.app/location/commercial-pizza-oven-cleaning-service-in-springfield-ma/,"Commercial Pizza Oven Cleaning Service in Springfield,MA",ma,680,33,2,581,24,yes,no
commercial-pizza-oven-cleaning-service-in-weymouth-ma,/location/commercial-pizza-oven-cleaning-service-in-weymouth-ma/,https://chimcare-web.vercel.app/location/commercial-pizza-oven-cleaning-service-in-weymouth-ma/,"Commercial Pizza Oven Cleaning Service in Weymouth,MA",ma,633,34,2,546,25,yes,no
commercial-pizza-oven-cleaning-service-in-worcester-ma,/location/commercial-pizza-oven-cleaning-service-in-worcester-ma/,https://chimcare-web.vercel.app/location/commercial-pizza-oven-cleaning-service-in-worcester-ma/,"Commercial Pizza Oven Cleaning Service in Worcester,MA",ma,738,34,2,638,24,yes,no
custom-chimney-caps-in-cambridge-ma,/location/custom-chimney-caps-in-cambridge-ma/,https://chimcare-web.vercel.app/location/custom-chimney-caps-in-cambridge-ma/,"Custom Chimney Caps in Cambridge,MA",ma,710,36,2,621,24,yes,no
custom-chimney-caps-in-dracut-ma,/location/custom-chimney-caps-in-dracut-ma/,https://chimcare-web.vercel.app/location/custom-chimney-caps-in-dracut-ma/,"Custom Chimney Caps in Dracut,MA",ma,757,38,2,653,24,yes,no
custom-chimney-caps-in-leominster-ma,/location/custom-chimney-caps-in-leominster-ma/,https://chimcare-web.vercel.app/location/custom-chimney-caps-in-leominster-ma/,"Custom Chimney Caps in Leominster,MA",ma,1070,52,2,992,25,yes,no
custom-chimney-caps-in-lowell-ma,/location/custom-chimney-caps-in-lowell-ma/,https://chimcare-web.vercel.app/location/custom-chimney-caps-in-lowell-ma/,"Custom Chimney Caps in Lowell,MA",ma,794,40,2,704,23,yes,no
custom-chimney-caps-in-springfield-ma,/location/custom-chimney-caps-in-springfield-ma/,https://chimcare-web.vercel.app/location/custom-chimney-caps-in-springfield-ma/,"Custom Chimney Caps in Springfield,MA",ma,782,35,2,693,24,yes,no
custom-chimney-caps-in-weymouth-ma,/location/custom-chimney-caps-in-weymouth-ma/,https://chimcare-web.vercel.app/location/custom-chimney-caps-in-weymouth-ma/,"Custom Chimney Caps in Weymouth,MA",ma,748,36,2,663,25,yes,no
custom-chimney-caps-in-worcester-ma,/location/custom-chimney-caps-in-worcester-ma/,https://chimcare-web.vercel.app/location/custom-chimney-caps-in-worcester-ma/,"Custom Chimney Caps in Worcester,MA",ma,774,38,2,689,24,yes,no
damaged-chimneys-repair-in-cambridge-ma,/location/damaged-chimneys-repair-in-cambridge-ma/,https://chimcare-web.vercel.app/location/damaged-chimneys-repair-in-cambridge-ma/,"Damaged Chimneys in Cambridge,MA",ma,659,33,2,552,24,yes,no
damaged-chimneys-repair-in-dracut-ma,/location/damaged-chimneys-repair-in-dracut-ma/,https://chimcare-web.vercel.app/location/damaged-chimneys-repair-in-dracut-ma/,"Damaged Chimneys in Dracut,MA",ma,661,37,2,571,24,yes,no
damaged-chimneys-repair-in-leominster-ma,/location/damaged-chimneys-repair-in-leominster-ma/,https://chimcare-web.vercel.app/location/damaged-chimneys-repair-in-leominster-ma/,"Damaged Chimneys in Leominster,MA",ma,1045,53,2,966,25,yes,no
damaged-chimneys-repair-in-lowell-ma,/location/damaged-chimneys-repair-in-lowell-ma/,https://chimcare-web.vercel.app/location/damaged-chimneys-repair-in-lowell-ma/,"Damaged Chimneys in Lowell,MA",ma,746,40,2,660,23,yes,no
damaged-chimneys-repair-in-springfield-ma,/location/damaged-chimneys-repair-in-springfield-ma/,https://chimcare-web.vercel.app/location/damaged-chimneys-repair-in-springfield-ma/,"Damaged Chimneys in Springfield,MA",ma,739,32,2,655,24,yes,no
damaged-chimneys-repair-in-weymouth-ma,/location/damaged-chimneys-repair-in-weymouth-ma/,https://chimcare-web.vercel.app/location/damaged-chimneys-repair-in-weymouth-ma/,"Damaged Chimneys in Weymouth,MA",ma,639,32,2,557,25,yes,no
damaged-chimneys-repair-in-worcester-ma,/location/damaged-chimneys-repair-in-worcester-ma/,https://chimcare-web.vercel.app/location/damaged-chimneys-repair-in-worcester-ma/,"Damaged Chimneys in Worcester,MA",ma,701,38,2,619,24,yes,no
downdraft-repair-in-cambridge-ma,/location/downdraft-repair-in-cambridge-ma/,https://chimcare-web.vercel.app/location/downdraft-repair-in-cambridge-ma/,"Downdraft Repair in Cambridge,MA",ma,706,35,2,615,24,yes,no
downdraft-repair-in-dracut-ma,/location/downdraft-repair-in-dracut-ma/,https://chimcare-web.vercel.app/location/downdraft-repair-in-dracut-ma/,"Downdraft Repair in Dracut,MA",ma,619,35,2,532,24,yes,no
downdraft-repair-in-leominster-ma,/location/downdraft-repair-in-leominster-ma/,https://chimcare-web.vercel.app/location/downdraft-repair-in-leominster-ma/,"Downdraft Repair in Leominster,MA",ma,961,51,2,881,25,yes,no
downdraft-repair-in-lowell-ma,/location/downdraft-repair-in-lowell-ma/,https://chimcare-web.vercel.app/location/downdraft-repair-in-lowell-ma/,"Downdraft Repair in Lowell,MA",ma,597,37,2,516,23,yes,no
downdraft-repair-in-springfield-ma,/location/downdraft-repair-in-springfield-ma/,https://chimcare-web.vercel.app/location/downdraft-repair-in-springfield-ma/,"Downdraft Repair in Springfield,MA",ma,657,34,2,549,24,yes,no
downdraft-repair-in-weymouth-ma,/location/downdraft-repair-in-weymouth-ma/,https://chimcare-web.vercel.app/location/downdraft-repair-in-weymouth-ma/,"Downdraft Repair in Weymouth,MA",ma,1032,42,2,916,25,yes,no
downdraft-repair-in-worcester-ma,/location/downdraft-repair-in-worcester-ma/,https://chimcare-web.vercel.app/location/downdraft-repair-in-worcester-ma/,"Downdraft Repair in Worcester,MA",ma,706,34,2,630,24,yes,no
dryer-duct-cleaning-in-cambridge-ma,/location/dryer-duct-cleaning-in-cambridge-ma/,https://chimcare-web.vercel.app/location/dryer-duct-cleaning-in-cambridge-ma/,"Dryer Duct Cleaning in Cambridge,MA",ma,759,35,2,665,24,yes,no
dryer-duct-cleaning-in-dracut-ma,/location/dryer-duct-cleaning-in-dracut-ma/,https://chimcare-web.vercel.app/location/dryer-duct-cleaning-in-dracut-ma/,"Dryer Duct Cleaning in Dracut,MA",ma,984,43,2,894,24,yes,no
dryer-duct-cleaning-in-leominster-ma,/location/dryer-duct-cleaning-in-leominster-ma/,https://chimcare-web.vercel.app/location/dryer-duct-cleaning-in-leominster-ma/,"Dryer Duct Cleaning in Leominster,MA",ma,969,53,2,886,25,yes,no
dryer-duct-cleaning-in-lowell-ma,/location/dryer-duct-cleaning-in-lowell-ma/,https://chimcare-web.vercel.app/location/dryer-duct-cleaning-in-lowell-ma/,"Dryer Duct Cleaning in Lowell,MA",ma,671,33,2,576,23,yes,no
dryer-duct-cleaning-in-phoenix-az,/location/dryer-duct-cleaning-in-phoenix-az/,https://chimcare-web.vercel.app/location/dryer-duct-cleaning-in-phoenix-az/,"Dryer Duct Cleaning in Phoenix,AZ",az,793,31,2,691,8,yes,no
dryer-duct-cleaning-in-springfield-ma,/location/dryer-duct-cleaning-in-springfield-ma/,https://chimcare-web.vercel.app/location/dryer-duct-cleaning-in-springfield-ma/,"Dryer Duct Cleaning in Springfield,MA",ma,720,37,2,629,24,yes,no
dryer-duct-cleaning-in-weymouth-ma,/location/dryer-duct-cleaning-in-weymouth-ma/,https://chimcare-web.vercel.app/location/dryer-duct-cleaning-in-weymouth-ma/,"Dryer Duct Cleaning in Weymouth,MA",ma,621,33,2,525,25,yes,no
dryer-duct-cleaning-in-worcester-ma,/location/dryer-duct-cleaning-in-worcester-ma/,https://chimcare-web.vercel.app/location/dryer-duct-cleaning-in-worcester-ma/,"Dryer Duct Cleaning in Worcester,MA",ma,729,30,2,625,24,yes,no
dryer-vent-cleaning-in-cambridge-ma,/location/dryer-vent-cleaning-in-cambridge-ma/,https://chimcare-web.vercel.app/location/dryer-vent-cleaning-in-cambridge-ma/,"Dryer Vent Cleaning in Cambridge,MA",ma,690,31,2,605,23,yes,no
dryer-vent-cleaning-in-dracut-ma,/location/dryer-vent-cleaning-in-dracut-ma/,https://chimcare-web.vercel.app/location/dryer-vent-cleaning-in-dracut-ma/,"Dryer Vent Cleaning in Dracut,MA",ma,642,32,2,543,23,yes,no
dryer-vent-cleaning-in-leominster-ma,/location/dryer-vent-cleaning-in-leominster-ma/,https://chimcare-web.vercel.app/location/dryer-vent-cleaning-in-leominster-ma/,"Dryer Vent Cleaning in Leominster,MA",ma,1078,53,2,990,24,yes,no
dryer-vent-cleaning-in-lowell-ma,/location/dryer-vent-cleaning-in-lowell-ma/,https://chimcare-web.vercel.app/location/dryer-vent-cleaning-in-lowell-ma/,"Dryer Vent Cleaning in Lowell,MA",ma,900,40,2,792,22,yes,no
dryer-vent-cleaning-in-phoenix-az,/location/dryer-vent-cleaning-in-phoenix-az/,https://chimcare-web.vercel.app/location/dryer-vent-cleaning-in-phoenix-az/,"Dryer Vent Cleaning in Phoenix,AZ",az,651,34,2,559,7,yes,no
dryer-vent-cleaning-in-springfield-ma,/location/dryer-vent-cleaning-in-springfield-ma/,https://chimcare-web.vercel.app/location/dryer-vent-cleaning-in-springfield-ma/,"Dryer Vent Cleaning in Springfield,MA",ma,665,33,2,575,23,yes,no
dryer-vent-cleaning-in-weymouth-ma,/location/dryer-vent-cleaning-in-weymouth-ma/,https://chimcare-web.vercel.app/location/dryer-vent-cleaning-in-weymouth-ma/,"Dryer Vent Cleaning in Weymouth,MA",ma,594,30,2,507,24,yes,no
dryer-vent-cleaning-in-worcester-ma,/location/dryer-vent-cleaning-in-worcester-ma/,https://chimcare-web.vercel.app/location/dryer-vent-cleaning-in-worcester-ma/,"Dryer Vent Cleaning in Worcester,MA",ma,757,39,2,670,23,yes,no
duct-cleaning-in-cambridge-ma,/location/duct-cleaning-in-cambridge-ma/,https://chimcare-web.vercel.app/location/duct-cleaning-in-cambridge-ma/,"Duct Cleaning in Cambridge,MA",ma,706,37,2,621,24,yes,no
duct-cleaning-in-cambridge-ma-2,/location/duct-cleaning-in-cambridge-ma-2/,https://chimcare-web.vercel.app/location/duct-cleaning-in-cambridge-ma-2/,"Duct Cleaning in Cambridge,MA",-2,711,34,2,617,0,yes,no
duct-cleaning-in-dracut-ma,/location/duct-cleaning-in-dracut-ma/,https://chimcare-web.vercel.app/location/duct-cleaning-in-dracut-ma/,"Duct Cleaning in Dracut,MA",ma,673,33,2,589,24,yes,no
duct-cleaning-in-dracut-ma-2,/location/duct-cleaning-in-dracut-ma-2/,https://chimcare-web.vercel.app/location/duct-cleaning-in-dracut-ma-2/,"Duct Cleaning in Dracut,MA",-2,552,29,2,454,0,yes,no
duct-cleaning-in-leominster-ma,/location/duct-cleaning-in-leominster-ma/,https://chimcare-web.vercel.app/location/duct-cleaning-in-leominster-ma/,"Duct Cleaning in Leominster,MA",ma,1048,56,2,964,25,yes,no
duct-cleaning-in-leominster-ma-2,/location/duct-cleaning-in-leominster-ma-2/,https://chimcare-web.vercel.app/location/duct-cleaning-in-leominster-ma-2/,"Duct Cleaning in Leominster,MA",-2,1099,46,2,1026,0,yes,no
duct-cleaning-in-lowell-ma,/location/duct-cleaning-in-lowell-ma/,https://chimcare-web.vercel.app/location/duct-cleaning-in-lowell-ma/,"Duct Cleaning in Lowell,MA",ma,688,32,2,582,23,yes,no
duct-cleaning-in-lowell-ma-2,/location/duct-cleaning-in-lowell-ma-2/,https://chimcare-web.vercel.app/location/duct-cleaning-in-lowell-ma-2/,"Duct Cleaning in Lowell,MA",-2,708,36,2,609,0,yes,no
duct-cleaning-in-phoenix-az,/location/duct-cleaning-in-phoenix-az/,https://chimcare-web.vercel.app/location/duct-cleaning-in-phoenix-az/,"Duct Cleaning in Phoenix,AZ",az,669,32,2,570,8,yes,no
duct-cleaning-in-springfield-ma,/location/duct-cleaning-in-springfield-ma/,https://chimcare-web.vercel.app/location/duct-cleaning-in-springfield-ma/,"Duct Cleaning in Springfield,MA",ma,681,34,2,581,24,yes,no
duct-cleaning-in-springfield-ma-2,/location/duct-cleaning-in-springfield-ma-2/,https://chimcare-web.vercel.app/location/duct-cleaning-in-springfield-ma-2/,"Duct Cleaning in Springfield,MA",-2,633,33,2,532,0,yes,no
duct-cleaning-in-weymouth-ma,/location/duct-cleaning-in-weymouth-ma/,https://chimcare-web.vercel.app/location/duct-cleaning-in-weymouth-ma/,"Duct Cleaning in Weymouth,MA",ma,698,31,2,593,25,yes,no
duct-cleaning-in-weymouth-ma-2,/location/duct-cleaning-in-weymouth-ma-2/,https://chimcare-web.vercel.app/location/duct-cleaning-in-weymouth-ma-2/,"Duct Cleaning in Weymouth,MA",-2,722,34,2,632,0,yes,no
duct-cleaning-in-worcester-ma,/location/duct-cleaning-in-worcester-ma/,https://chimcare-web.vercel.app/location/duct-cleaning-in-worcester-ma/,"Duct Cleaning in Worcester,MA",ma,775,36,2,661,24,yes,no
duct-cleaning-in-worcester-ma-2,/location/duct-cleaning-in-worcester-ma-2/,https://chimcare-web.vercel.app/location/duct-cleaning-in-worcester-ma-2/,"Duct Cleaning in Worcester,MA",-2,723,34,2,629,0,yes,no
electric-fireplace-installation-in-cambridge-ma,/location/electric-fireplace-installation-in-cambridge-ma/,https://chimcare-web.vercel.app/location/electric-fireplace-installation-in-cambridge-ma/,"Electric Fireplace Installation in Cambridge,MA",ma,708,40,2,621,24,yes,no
electric-fireplace-installation-in-dracut-ma,/location/electric-fireplace-installation-in-dracut-ma/,https://chimcare-web.vercel.app/location/electric-fireplace-installation-in-dracut-ma/,"Electric Fireplace Installation in Dracut,MA",ma,691,34,2,585,24,yes,no
electric-fireplace-installation-in-leominster-ma,/location/electric-fireplace-installation-in-leominster-ma/,https://chimcare-web.vercel.app/location/electric-fireplace-installation-in-leominster-ma/,"Electric Fireplace Installation in Leominster,MA",ma,1052,52,2,980,25,yes,no
electric-fireplace-installation-in-lowell-ma,/location/electric-fireplace-installation-in-lowell-ma/,https://chimcare-web.vercel.app/location/electric-fireplace-installation-in-lowell-ma/,"Electric Fireplace Installation in Lowell,MA",ma,784,39,2,700,23,yes,no
electric-fireplace-installation-in-springfield-ma,/location/electric-fireplace-installation-in-springfield-ma/,https://chimcare-web.vercel.app/location/electric-fireplace-installation-in-springfield-ma/,"Electric Fireplace Installation in Springfield,MA",ma,763,37,2,680,24,yes,no
electric-fireplace-installation-in-weymouth-ma,/location/electric-fireplace-installation-in-weymouth-ma/,https://chimcare-web.vercel.app/location/electric-fireplace-installation-in-weymouth-ma/,"Electric Fireplace Installation in Weymouth,MA",ma,647,33,2,550,25,yes,no
electric-fireplace-installation-in-worcester-ma,/location/electric-fireplace-installation-in-worcester-ma/,https://chimcare-web.vercel.app/location/electric-fireplace-installation-in-worcester-ma/,"Electric Fireplace Installation in Worcester,MA",ma,634,36,2,556,24,yes,no
electric-fireplace-repair-in-cambridge-ma,/location/electric-fireplace-repair-in-cambridge-ma/,https://chimcare-web.vercel.app/location/electric-fireplace-repair-in-cambridge-ma/,"Electric Fireplace Repair in Cambridge,MA",ma,725,35,2,631,24,yes,no
electric-fireplace-repair-in-dracut-ma,/location/electric-fireplace-repair-in-dracut-ma/,https://chimcare-web.vercel.app/location/electric-fireplace-repair-in-dracut-ma/,"Electric Fireplace Repair in Dracut,MA",ma,629,35,2,552,24,yes,no
electric-fireplace-repair-in-leominster-ma,/location/electric-fireplace-repair-in-leominster-ma/,https://chimcare-web.vercel.app/location/electric-fireplace-repair-in-leominster-ma/,"Electric Fireplace Repair in Leominster,MA",ma,1064,56,2,987,25,yes,no
electric-fireplace-repair-in-lowell-ma,/location/electric-fireplace-repair-in-lowell-ma/,https://chimcare-web.vercel.app/location/electric-fireplace-repair-in-lowell-ma/,"Electric Fireplace Repair in Lowell,MA",ma,648,34,2,561,23,yes,no
electric-fireplace-repair-in-springfield-ma,/location/electric-fireplace-repair-in-springfield-ma/,https://chimcare-web.vercel.app/location/electric-fireplace-repair-in-springfield-ma/,"Electric Fireplace Repair in Springfield,MA",ma,1059,47,2,959,24,yes,no
electric-fireplace-repair-in-weymouth-ma,/location/electric-fireplace-repair-in-weymouth-ma/,https://chimcare-web.vercel.app/location/electric-fireplace-repair-in-weymouth-ma/,"Electric Fireplace Repair in Weymouth,MA",ma,612,36,2,525,25,yes,no
electric-fireplace-repair-in-worcester-ma,/location/electric-fireplace-repair-in-worcester-ma/,https://chimcare-web.vercel.app/location/electric-fireplace-repair-in-worcester-ma/,"Electric Fireplace Repair in Worcester,MA",ma,713,35,2,611,24,yes,no
electric-fireplaces-in-cambridge-ma,/location/electric-fireplaces-in-cambridge-ma/,https://chimcare-web.vercel.app/location/electric-fireplaces-in-cambridge-ma/,"Electric Fireplaces in Cambridge,MA",ma,689,33,2,599,24,yes,no
electric-fireplaces-in-dracut-ma,/location/electric-fireplaces-in-dracut-ma/,https://chimcare-web.vercel.app/location/electric-fireplaces-in-dracut-ma/,"Electric Fireplaces in Dracut,MA",ma,631,33,2,540,24,yes,no
electric-fireplaces-in-leominster-ma,/location/electric-fireplaces-in-leominster-ma/,https://chimcare-web.vercel.app/location/electric-fireplaces-in-leominster-ma/,"Electric Fireplaces in Leominster,MA",ma,1043,45,2,969,25,yes,no
electric-fireplaces-in-springfield-ma,/location/electric-fireplaces-in-springfield-ma/,https://chimcare-web.vercel.app/location/electric-fireplaces-in-springfield-ma/,"Electric Fireplaces in Springfield,MA",ma,628,37,2,523,24,yes,no
electric-fireplaces-in-weymouth-ma,/location/electric-fireplaces-in-weymouth-ma/,https://chimcare-web.vercel.app/location/electric-fireplaces-in-weymouth-ma/,"Electric Fireplaces in Weymouth,MA",ma,668,32,2,582,25,yes,no
electric-fireplaces-repair-in-lowell-ma,/location/electric-fireplaces-repair-in-lowell-ma/,https://chimcare-web.vercel.app/location/electric-fireplaces-repair-in-lowell-ma/,"Electric Fireplaces in Lowell,MA",ma,748,34,2,661,23,yes,no
electric-fireplaces-repair-in-worcester-ma,/location/electric-fireplaces-repair-in-worcester-ma/,https://chimcare-web.vercel.app/location/electric-fireplaces-repair-in-worcester-ma/,"Electric Fireplaces in Worcester,MA",ma,784,39,2,693,24,yes,no
exterior-wood-replacement-in-cambridge-ma,/location/exterior-wood-replacement-in-cambridge-ma/,https://chimcare-web.vercel.app/location/exterior-wood-replacement-in-cambridge-ma/,"Exterior Wood Replacement in Cambridge,MA",ma,681,36,2,594,24,yes,no
exterior-wood-replacement-in-dracut-ma,/location/exterior-wood-replacement-in-dracut-ma/,https://chimcare-web.vercel.app/location/exterior-wood-replacement-in-dracut-ma/,"Exterior Wood Replacement in Dracut,MA",ma,550,32,2,459,24,yes,no
exterior-wood-replacement-in-leominster-ma,/location/exterior-wood-replacement-in-leominster-ma/,https://chimcare-web.vercel.app/location/exterior-wood-replacement-in-leominster-ma/,"Exterior Wood Replacement in Leominster,MA",ma,1077,57,2,989,25,yes,no
exterior-wood-replacement-in-lowell-ma,/location/exterior-wood-replacement-in-lowell-ma/,https://chimcare-web.vercel.app/location/exterior-wood-replacement-in-lowell-ma/,"Exterior Wood Replacement in Lowell,MA",ma,778,37,2,684,23,yes,no
exterior-wood-replacement-in-springfield-ma,/location/exterior-wood-replacement-in-springfield-ma/,https://chimcare-web.vercel.app/location/exterior-wood-replacement-in-springfield-ma/,"Exterior Wood Replacement in Springfield,MA",ma,577,31,2,480,24,yes,no
exterior-wood-replacement-in-weymouth-ma,/location/exterior-wood-replacement-in-weymouth-ma/,https://chimcare-web.vercel.app/location/exterior-wood-replacement-in-weymouth-ma/,"Exterior Wood Replacement in Weymouth,MA",ma,716,33,2,629,25,yes,no
exterior-wood-replacement-in-worcester-ma,/location/exterior-wood-replacement-in-worcester-ma/,https://chimcare-web.vercel.app/location/exterior-wood-replacement-in-worcester-ma/,"Exterior Wood Replacement in Worcester,MA",ma,650,40,2,572,24,yes,no
firebox-repair-in-cambridge-ma,/location/firebox-repair-in-cambridge-ma/,https://chimcare-web.vercel.app/location/firebox-repair-in-cambridge-ma/,"Firebox Repair in Cambridge,MA",ma,649,32,2,547,24,yes,no
firebox-repair-in-dracut-ma,/location/firebox-repair-in-dracut-ma/,https://chimcare-web.vercel.app/location/firebox-repair-in-dracut-ma/,"Firebox Repair in Dracut,MA",ma,620,39,2,527,24,yes,no
firebox-repair-in-leominster-ma,/location/firebox-repair-in-leominster-ma/,https://chimcare-web.vercel.app/location/firebox-repair-in-leominster-ma/,"Firebox Repair in Leominster,MA",ma,1047,51,2,966,25,yes,no
firebox-repair-in-lowell-ma,/location/firebox-repair-in-lowell-ma/,https://chimcare-web.vercel.app/location/firebox-repair-in-lowell-ma/,"Firebox Repair in Lowell,MA",ma,796,36,2,705,23,yes,no
firebox-repair-in-phoenix-az,/location/firebox-repair-in-phoenix-az/,https://chimcare-web.vercel.app/location/firebox-repair-in-phoenix-az/,"Firebox Repair in Phoenix,AZ",az,751,35,2,649,8,yes,no
firebox-repair-in-springfield-ma,/location/firebox-repair-in-springfield-ma/,https://chimcare-web.vercel.app/location/firebox-repair-in-springfield-ma/,"Firebox Repair in Springfield,MA",ma,753,35,2,649,24,yes,no
firebox-repair-in-weymouth-ma,/location/firebox-repair-in-weymouth-ma/,https://chimcare-web.vercel.app/location/firebox-repair-in-weymouth-ma/,"Firebox Repair in Weymouth,MA",ma,782,35,2,677,25,yes,no
firebox-repair-in-worcester-ma,/location/firebox-repair-in-worcester-ma/,https://chimcare-web.vercel.app/location/firebox-repair-in-worcester-ma/,"Firebox Repair in Worcester,MA",ma,720,36,2,638,24,yes,no
fireplace-brick-repair-in-cambridge-ma,/location/fireplace-brick-repair-in-cambridge-ma/,https://chimcare-web.vercel.app/location/fireplace-brick-repair-in-cambridge-ma/,"Fireplace Brick Repair in Cambridge,MA",ma,693,32,2,607,24,yes,no
fireplace-brick-repair-in-dracut-ma,/location/fireplace-brick-repair-in-dracut-ma/,https://chimcare-web.vercel.app/location/fireplace-brick-repair-in-dracut-ma/,"Fireplace Brick Repair in Dracut,MA",ma,644,32,2,553,24,yes,no
fireplace-brick-repair-in-leominster-ma,/location/fireplace-brick-repair-in-leominster-ma/,https://chimcare-web.vercel.app/location/fireplace-brick-repair-in-leominster-ma/,"Fireplace Brick Repair in Leominster,MA",ma,1072,50,2,992,25,yes,no
fireplace-brick-repair-in-lowell-ma,/location/fireplace-brick-repair-in-lowell-ma/,https://chimcare-web.vercel.app/location/fireplace-brick-repair-in-lowell-ma/,"Fireplace Brick Repair in Lowell,MA",ma,633,32,2,536,23,yes,no
fireplace-brick-repair-in-springfield-ma,/location/fireplace-brick-repair-in-springfield-ma/,https://chimcare-web.vercel.app/location/fireplace-brick-repair-in-springfield-ma/,"Fireplace Brick Repair in Springfield,MA",ma,682,32,2,587,24,yes,no
fireplace-brick-repair-in-weymouth-ma,/location/fireplace-brick-repair-in-weymouth-ma/,https://chimcare-web.vercel.app/location/fireplace-brick-repair-in-weymouth-ma/,"Fireplace Brick Repair in Weymouth,MA",ma,682,31,2,579,25,yes,no
fireplace-brick-repair-in-worcester-ma,/location/fireplace-brick-repair-in-worcester-ma/,https://chimcare-web.vercel.app/location/fireplace-brick-repair-in-worcester-ma/,"Fireplace Brick Repair in Worcester,MA",ma,601,34,2,501,24,yes,no
fireplace-cleaning-in-cambridge-ma,/location/fireplace-cleaning-in-cambridge-ma/,https://chimcare-web.vercel.app/location/fireplace-cleaning-in-cambridge-ma/,"Fireplace Cleaning in Cambridge,MA",ma,643,35,2,560,23,yes,no
fireplace-cleaning-in-dracut-ma,/location/fireplace-cleaning-in-dracut-ma/,https://chimcare-web.vercel.app/location/fireplace-cleaning-in-dracut-ma/,"Fireplace Cleaning in Dracut,MA",ma,692,35,2,592,23,yes,no
fireplace-cleaning-in-leominster-ma,/location/fireplace-cleaning-in-leominster-ma/,https://chimcare-web.vercel.app/location/fireplace-cleaning-in-leominster-ma/,"Fireplace Cleaning in Leominster,MA",ma,1098,50,2,1002,24,yes,no
fireplace-cleaning-in-lowell-ma,/location/fireplace-cleaning-in-lowell-ma/,https://chimcare-web.vercel.app/location/fireplace-cleaning-in-lowell-ma/,"Fireplace Cleaning in Lowell,MA",ma,728,37,2,641,22,yes,no
fireplace-cleaning-in-springfield-ma,/location/fireplace-cleaning-in-springfield-ma/,https://chimcare-web.vercel.app/location/fireplace-cleaning-in-springfield-ma/,"Fireplace Cleaning in Springfield,MA",ma,719,35,2,625,23,yes,no
fireplace-cleaning-in-weymouth-ma,/location/fireplace-cleaning-in-weymouth-ma/,https://chimcare-web.vercel.app/location/fireplace-cleaning-in-weymouth-ma/,"Fireplace Cleaning in Weymouth,MA",ma,616,36,2,540,24,yes,no
fireplace-cleaning-in-worcester-ma,/location/fireplace-cleaning-in-worcester-ma/,https://chimcare-web.vercel.app/location/fireplace-cleaning-in-worcester-ma/,"Fireplace Cleaning in Worcester,MA",ma,672,37,2,591,23,yes,no
fireplace-damper-repair-in-cambridge-ma,/location/fireplace-damper-repair-in-cambridge-ma/,https://chimcare-web.vercel.app/location/fireplace-damper-repair-in-cambridge-ma/,"Fireplace Damper Repair in Cambridge,MA",ma,757,41,2,665,23,yes,no
fireplace-damper-repair-in-dracut-ma,/location/fireplace-damper-repair-in-dracut-ma/,https://chimcare-web.vercel.app/location/fireplace-damper-repair-in-dracut-ma/,"Fireplace Damper Repair in Dracut,MA",ma,652,33,2,558,23,yes,no
fireplace-damper-repair-in-lowell-ma,/location/fireplace-damper-repair-in-lowell-ma/,https://chimcare-web.vercel.app/location/fireplace-damper-repair-in-lowell-ma/,"Fireplace Damper Repair in Lowell,MA",ma,771,37,2,664,22,yes,no
fireplace-damper-repair-in-springfield-ma,/location/fireplace-damper-repair-in-springfield-ma/,https://chimcare-web.vercel.app/location/fireplace-damper-repair-in-springfield-ma/,"Fireplace Damper Repair in Springfield,MA",ma,796,32,2,682,23,yes,no
fireplace-damper-repair-in-weymouth-ma,/location/fireplace-damper-repair-in-weymouth-ma/,https://chimcare-web.vercel.app/location/fireplace-damper-repair-in-weymouth-ma/,"Fireplace Damper Repair in Weymouth,MA",ma,713,38,2,622,24,yes,no
fireplace-damper-repair-in-worcester-ma,/location/fireplace-damper-repair-in-worcester-ma/,https://chimcare-web.vercel.app/location/fireplace-damper-repair-in-worcester-ma/,"Fireplace Damper Repair in Worcester,MA",ma,721,34,2,639,23,yes,no
fireplace-doors-in-cambridge-ma,/location/fireplace-doors-in-cambridge-ma/,https://chimcare-web.vercel.app/location/fireplace-doors-in-cambridge-ma/,"Fireplace Doors in Cambridge,MA",ma,659,40,2,576,24,yes,no
fireplace-doors-in-dracut-ma,/location/fireplace-doors-in-dracut-ma/,https://chimcare-web.vercel.app/location/fireplace-doors-in-dracut-ma/,"Fireplace Doors in Dracut,MA",ma,757,36,2,665,24,yes,no
fireplace-doors-in-lowell-ma,/location/fireplace-doors-in-lowell-ma/,https://chimcare-web.vercel.app/location/fireplace-doors-in-lowell-ma/,"Fireplace Doors in Lowell,MA",ma,539,31,2,458,23,yes,no
fireplace-doors-in-springfield-ma,/location/fireplace-doors-in-springfield-ma/,https://chimcare-web.vercel.app/location/fireplace-doors-in-springfield-ma/,"Fireplace Doors in Springfield,MA",ma,617,34,2,529,24,yes,no
fireplace-doors-in-weymouth-ma,/location/fireplace-doors-in-weymouth-ma/,https://chimcare-web.vercel.app/location/fireplace-doors-in-weymouth-ma/,"Fireplace Doors in Weymouth,MA",ma,782,34,2,696,25,yes,no
fireplace-doors-repair-in-worcester-ma,/location/fireplace-doors-repair-in-worcester-ma/,https://chimcare-web.vercel.app/location/fireplace-doors-repair-in-worcester-ma/,"Fireplace Doors in Worcester,MA",ma,651,33,2,563,24,yes,no
fireplace-flue-installation-in-cambridge-ma,/location/fireplace-flue-installation-in-cambridge-ma/,https://chimcare-web.vercel.app/location/fireplace-flue-installation-in-cambridge-ma/,"Fireplace Flue Installation in Cambridge,MA",ma,785,39,2,691,24,yes,no
fireplace-flue-installation-in-dracut-ma,/location/fireplace-flue-installation-in-dracut-ma/,https://chimcare-web.vercel.app/location/fireplace-flue-installation-in-dracut-ma/,"Fireplace Flue Installation in Dracut,MA",ma,1028,42,2,913,24,yes,no
fireplace-flue-installation-in-lowell-ma,/location/fireplace-flue-installation-in-lowell-ma/,https://chimcare-web.vercel.app/location/fireplace-flue-installation-in-lowell-ma/,"Fireplace Flue Installation in Lowell,MA",ma,689,35,2,601,23,yes,no
fireplace-flue-installation-in-springfield-ma,/location/fireplace-flue-installation-in-springfield-ma/,https://chimcare-web.vercel.app/location/fireplace-flue-installation-in-springfield-ma/,"Fireplace Flue Installation in Springfield,MA",ma,717,37,2,615,24,yes,no
fireplace-flue-installation-in-weymouth-ma,/location/fireplace-flue-installation-in-weymouth-ma/,https://chimcare-web.vercel.app/location/fireplace-flue-installation-in-weymouth-ma/,"Fireplace Flue Installation in Weymouth,MA",ma,665,39,2,573,25,yes,no
fireplace-flue-installation-in-worcester-ma,/location/fireplace-flue-installation-in-worcester-ma/,https://chimcare-web.vercel.app/location/fireplace-flue-installation-in-worcester-ma/,"Fireplace Flue Installation in Worcester,MA",ma,599,38,2,523,24,yes,no
fireplace-gas-burner-installation-in-cambridge-ma,/location/fireplace-gas-burner-installation-in-cambridge-ma/,https://chimcare-web.vercel.app/location/fireplace-gas-burner-installation-in-cambridge-ma/,"Fireplace Gas Burner Installation in Cambridge,MA",ma,735,35,2,640,24,yes,no
fireplace-gas-burner-installation-in-dracut-ma,/location/fireplace-gas-burner-installation-in-dracut-ma/,https://chimcare-web.vercel.app/location/fireplace-gas-burner-installation-in-dracut-ma/,"Fireplace Gas Burner Installation in Dracut,MA",ma,717,33,2,616,24,yes,no
fireplace-gas-burner-installation-in-lowell-ma,/location/fireplace-gas-burner-installation-in-lowell-ma/,https://chimcare-web.vercel.app/location/fireplace-gas-burner-installation-in-lowell-ma/,"Fireplace Gas Burner Installation in Lowell,MA",ma,800,41,2,708,23,yes,no
fireplace-gas-burner-installation-in-springfield-ma,/location/fireplace-gas-burner-installation-in-springfield-ma/,https://chimcare-web.vercel.app/location/fireplace-gas-burner-installation-in-springfield-ma/,"Fireplace Gas Burner Installation in Springfield,MA",ma,662,37,2,581,24,yes,no
fireplace-gas-burner-installation-in-weymouth-ma,/location/fireplace-gas-burner-installation-in-weymouth-ma/,https://chimcare-web.vercel.app/location/fireplace-gas-burner-installation-in-weymouth-ma/,"Fireplace Gas Burner Installation in Weymouth,MA",ma,777,34,2,690,25,yes,no
fireplace-gas-burner-installation-in-worcester-ma,/location/fireplace-gas-burner-installation-in-worcester-ma/,https://chimcare-web.vercel.app/location/fireplace-gas-burner-installation-in-worcester-ma/,"Fireplace Gas Burner Installation in Worcester,MA",ma,612,35,2,524,24,yes,no
fireplace-gas-valve-repair-in-cambridge-ma,/location/fireplace-gas-valve-repair-in-cambridge-ma/,https://chimcare-web.vercel.app/location/fireplace-gas-valve-repair-in-cambridge-ma/,"Fireplace Gas Valve Repair in Cambridge,MA",ma,715,33,2,619,24,yes,no
fireplace-gas-valve-repair-in-dracut-ma,/location/fireplace-gas-valve-repair-in-dracut-ma/,https://chimcare-web.vercel.app/location/fireplace-gas-valve-repair-in-dracut-ma/,"Fireplace Gas Valve Repair in Dracut,MA",ma,664,33,2,571,24,yes,no
fireplace-gas-valve-repair-in-leominster-ma,/location/fireplace-gas-valve-repair-in-leominster-ma/,https://chimcare-web.vercel.app/location/fireplace-gas-valve-repair-in-leominster-ma/,"Fireplace Gas Valve Repair in Leominster,MA",ma,1090,52,2,1017,25,yes,no
fireplace-gas-valve-repair-in-lowell-ma,/location/fireplace-gas-valve-repair-in-lowell-ma/,https://chimcare-web.vercel.app/location/fireplace-gas-valve-repair-in-lowell-ma/,"Fireplace Gas Valve Repair in Lowell,MA",ma,768,34,2,657,23,yes,no
fireplace-gas-valve-repair-in-springfield-ma,/location/fireplace-gas-valve-repair-in-springfield-ma/,https://chimcare-web.vercel.app/location/fireplace-gas-valve-repair-in-springfield-ma/,"Fireplace Gas Valve Repair in Springfield,MA",ma,775,39,2,676,24,yes,no
fireplace-gas-valve-repair-in-weymouth-ma,/location/fireplace-gas-valve-repair-in-weymouth-ma/,https://chimcare-web.vercel.app/location/fireplace-gas-valve-repair-in-weymouth-ma/,"Fireplace Gas Valve Repair in Weymouth,MA",ma,694,33,2,606,25,yes,no
fireplace-gas-valve-repair-in-worcester-ma,/location/fireplace-gas-valve-repair-in-worcester-ma/,https://chimcare-web.vercel.app/location/fireplace-gas-valve-repair-in-worcester-ma/,"Fireplace Gas Valve Repair in Worcester,MA",ma,735,35,2,608,24,yes,no
fireplace-gas-valve-replace-in-cambridge-ma,/location/fireplace-gas-valve-replace-in-cambridge-ma/,https://chimcare-web.vercel.app/location/fireplace-gas-valve-replace-in-cambridge-ma/,"Fireplace Gas Valve Replace in Cambridge,MA",ma,645,33,2,544,24,yes,no
fireplace-gas-valve-replace-in-cambridge-ma-2,/location/fireplace-gas-valve-replace-in-cambridge-ma-2/,https://chimcare-web.vercel.app/location/fireplace-gas-valve-replace-in-cambridge-ma-2/,"Fireplace Gas Valve Replace in Cambridge,MA",-2,738,36,2,643,0,yes,no
fireplace-gas-valve-replace-in-dracut-ma,/location/fireplace-gas-valve-replace-in-dracut-ma/,https://chimcare-web.vercel.app/location/fireplace-gas-valve-replace-in-dracut-ma/,"Fireplace Gas Valve Replace in Dracut,MA",ma,761,32,2,662,24,yes,no
fireplace-gas-valve-replace-in-dracut-ma-2,/location/fireplace-gas-valve-replace-in-dracut-ma-2/,https://chimcare-web.vercel.app/location/fireplace-gas-valve-replace-in-dracut-ma-2/,"Fireplace Gas Valve Replace in Dracut,MA",-2,678,34,2,582,0,yes,no
fireplace-gas-valve-replace-in-lowell-ma,/location/fireplace-gas-valve-replace-in-lowell-ma/,https://chimcare-web.vercel.app/location/fireplace-gas-valve-replace-in-lowell-ma/,"Fireplace Gas Valve Replace in Lowell,MA",ma,1017,41,2,910,23,yes,no
fireplace-gas-valve-replace-in-lowell-ma-2,/location/fireplace-gas-valve-replace-in-lowell-ma-2/,https://chimcare-web.vercel.app/location/fireplace-gas-valve-replace-in-lowell-ma-2/,"Fireplace Gas Valve Replace in Lowell,MA",-2,707,37,2,610,0,yes,no
fireplace-gas-valve-replace-in-springfield-ma,/location/fireplace-gas-valve-replace-in-springfield-ma/,https://chimcare-web.vercel.app/location/fireplace-gas-valve-replace-in-springfield-ma/,"Fireplace Gas Valve Replace in Springfield,MA",ma,716,34,2,623,24,yes,no
fireplace-gas-valve-replace-in-springfield-ma-2,/location/fireplace-gas-valve-replace-in-springfield-ma-2/,https://chimcare-web.vercel.app/location/fireplace-gas-valve-replace-in-springfield-ma-2/,"Fireplace Gas Valve Replace in Springfield,MA",-2,812,42,2,717,0,yes,no
fireplace-gas-valve-replace-in-weymouth-ma,/location/fireplace-gas-valve-replace-in-weymouth-ma/,https://chimcare-web.vercel.app/location/fireplace-gas-valve-replace-in-weymouth-ma/,"Fireplace Gas Valve Replace in Weymouth,MA",ma,768,43,2,673,25,yes,no
fireplace-gas-valve-replace-in-weymouth-ma-2,/location/fireplace-gas-valve-replace-in-weymouth-ma-2/,https://chimcare-web.vercel.app/location/fireplace-gas-valve-replace-in-weymouth-ma-2/,"Fireplace Gas Valve Replace in Weymouth,MA",-2,710,36,2,610,0,yes,no
fireplace-gas-valve-replace-in-worcester-ma,/location/fireplace-gas-valve-replace-in-worcester-ma/,https://chimcare-web.vercel.app/location/fireplace-gas-valve-replace-in-worcester-ma/,"Fireplace Gas Valve Replace in Worcester,MA",ma,682,35,2,578,24,yes,no
fireplace-gas-valve-replace-in-worcester-ma-2,/location/fireplace-gas-valve-replace-in-worcester-ma-2/,https://chimcare-web.vercel.app/location/fireplace-gas-valve-replace-in-worcester-ma-2/,"Fireplace Gas Valve Replace in Worcester,MA",-2,1108,46,2,1010,0,yes,no
fireplace-inserts-in-cambridge-ma,/location/fireplace-inserts-in-cambridge-ma/,https://chimcare-web.vercel.app/location/fireplace-inserts-in-cambridge-ma/,"Fireplace Inserts in Cambridge,MA",ma,706,37,2,607,24,yes,no
fireplace-inserts-in-dracut-ma,/location/fireplace-inserts-in-dracut-ma/,https://chimcare-web.vercel.app/location/fireplace-inserts-in-dracut-ma/,"Fireplace Inserts in Dracut,MA",ma,702,33,2,606,24,yes,no
fireplace-inserts-in-leominster-ma,/location/fireplace-inserts-in-leominster-ma/,https://chimcare-web.vercel.app/location/fireplace-inserts-in-leominster-ma/,"Fireplace Inserts in Leominster,MA",ma,1052,54,2,964,25,yes,no
fireplace-inserts-in-lowell-ma,/location/fireplace-inserts-in-lowell-ma/,https://chimcare-web.vercel.app/location/fireplace-inserts-in-lowell-ma/,"Fireplace Inserts in Lowell,MA",ma,826,48,2,712,23,yes,no
fireplace-inserts-in-springfield-ma,/location/fireplace-inserts-in-springfield-ma/,https://chimcare-web.vercel.app/location/fireplace-inserts-in-springfield-ma/,"Fireplace Inserts in Springfield,MA",ma,743,33,2,654,24,yes,no
fireplace-inserts-in-weymouth-ma,/location/fireplace-inserts-in-weymouth-ma/,https://chimcare-web.vercel.app/location/fireplace-inserts-in-weymouth-ma/,"Fireplace Inserts in Weymouth,MA",ma,645,37,2,563,25,yes,no
fireplace-inserts-in-worcester-ma,/location/fireplace-inserts-in-worcester-ma/,https://chimcare-web.vercel.app/location/fireplace-inserts-in-worcester-ma/,"Fireplace Inserts in Worcester,MA",ma,772,33,2,670,24,yes,no
fireplace-installation-in-cambridge-ma,/location/fireplace-installation-in-cambridge-ma/,https://chimcare-web.vercel.app/location/fireplace-installation-in-cambridge-ma/,"Fireplace Installation in Cambridge,MA",ma,618,36,2,530,23,yes,no
fireplace-installation-in-dracut-ma,/location/fireplace-installation-in-dracut-ma/,https://chimcare-web.vercel.app/location/fireplace-installation-in-dracut-ma/,"Fireplace Installation in Dracut,MA",ma,688,34,2,576,23,yes,no
fireplace-installation-in-leominster-ma,/location/fireplace-installation-in-leominster-ma/,https://chimcare-web.vercel.app/location/fireplace-installation-in-leominster-ma/,"Fireplace Installation in Leominster,MA",ma,1085,54,2,1010,24,yes,no
fireplace-installation-in-lowell-ma,/location/fireplace-installation-in-lowell-ma/,https://chimcare-web.vercel.app/location/fireplace-installation-in-lowell-ma/,"Fireplace Installation in Lowell,MA",ma,675,36,2,592,22,yes,no
fireplace-installation-in-springfield-ma,/location/fireplace-installation-in-springfield-ma/,https://chimcare-web.vercel.app/location/fireplace-installation-in-springfield-ma/,"Fireplace Installation in Springfield,MA",ma,769,38,2,691,23,yes,no
fireplace-installation-in-weymouth-ma,/location/fireplace-installation-in-weymouth-ma/,https://chimcare-web.vercel.app/location/fireplace-installation-in-weymouth-ma/,"Fireplace Installation in Weymouth,MA",ma,706,34,2,627,24,yes,no
fireplace-installation-in-worcester-ma,/location/fireplace-installation-in-worcester-ma/,https://chimcare-web.vercel.app/location/fireplace-installation-in-worcester-ma/,"Fireplace Installation in Worcester,MA",ma,1052,34,2,954,23,yes,no
fireplace-masonry-repair-in-cambridge-ma,/location/fireplace-masonry-repair-in-cambridge-ma/,https://chimcare-web.vercel.app/location/fireplace-masonry-repair-in-cambridge-ma/,"Fireplace Masonry Repair in Cambridge,MA",ma,614,36,2,522,24,yes,no
fireplace-masonry-repair-in-dracut-ma,/location/fireplace-masonry-repair-in-dracut-ma/,https://chimcare-web.vercel.app/location/fireplace-masonry-repair-in-dracut-ma/,"Fireplace Masonry Repair in Dracut,MA",ma,789,34,2,676,24,yes,no
fireplace-masonry-repair-in-leominster-ma,/location/fireplace-masonry-repair-in-leominster-ma/,https://chimcare-web.vercel.app/location/fireplace-masonry-repair-in-leominster-ma/,"Fireplace Masonry Repair in Leominster,MA",ma,1067,57,2,997,25,yes,no
fireplace-masonry-repair-in-lowell-ma,/location/fireplace-masonry-repair-in-lowell-ma/,https://chimcare-web.vercel.app/location/fireplace-masonry-repair-in-lowell-ma/,"Fireplace Masonry Repair in Lowell,MA",ma,981,45,2,874,23,yes,no
fireplace-masonry-repair-in-springfield-ma,/location/fireplace-masonry-repair-in-springfield-ma/,https://chimcare-web.vercel.app/location/fireplace-masonry-repair-in-springfield-ma/,"Fireplace Masonry Repair in Springfield,MA",ma,974,44,2,869,24,yes,no
fireplace-masonry-repair-in-weymouth-ma,/location/fireplace-masonry-repair-in-weymouth-ma/,https://chimcare-web.vercel.app/location/fireplace-masonry-repair-in-weymouth-ma/,"Fireplace Masonry Repair in Weymouth,MA",ma,744,34,2,636,25,yes,no
fireplace-masonry-repair-in-worcester-ma,/location/fireplace-masonry-repair-in-worcester-ma/,https://chimcare-web.vercel.app/location/fireplace-masonry-repair-in-worcester-ma/,"Fireplace Masonry Repair in Worcester,MA",ma,663,37,2,571,24,yes,no
fireplace-panels-repair-in-cambridge-ma,/location/fireplace-panels-repair-in-cambridge-ma/,https://chimcare-web.vercel.app/location/fireplace-panels-repair-in-cambridge-ma/,"Fireplace Panels Repair in Cambridge,MA",ma,748,35,2,656,24,yes,no
fireplace-panels-repair-in-dracut-ma,/location/fireplace-panels-repair-in-dracut-ma/,https://chimcare-web.vercel.app/location/fireplace-panels-repair-in-dracut-ma/,"Fireplace Panels Repair in Dracut,MA",ma,758,34,2,667,24,yes,no
fireplace-panels-repair-in-leominster-ma,/location/fireplace-panels-repair-in-leominster-ma/,https://chimcare-web.vercel.app/location/fireplace-panels-repair-in-leominster-ma/,"Fireplace Panels Repair in Leominster,MA",ma,1087,55,2,1000,25,yes,no
fireplace-panels-repair-in-lowell-ma,/location/fireplace-panels-repair-in-lowell-ma/,https://chimcare-web.vercel.app/location/fireplace-panels-repair-in-lowell-ma/,"Fireplace Panels Repair in Lowell,MA",ma,690,32,2,600,23,yes,no
fireplace-panels-repair-in-springfield-ma,/location/fireplace-panels-repair-in-springfield-ma/,https://chimcare-web.vercel.app/location/fireplace-panels-repair-in-springfield-ma/,"Fireplace Panels Repair in Springfield,MA",ma,740,35,2,639,24,yes,no
fireplace-panels-repair-in-weymouth-ma,/location/fireplace-panels-repair-in-weymouth-ma/,https://chimcare-web.vercel.app/location/fireplace-panels-repair-in-weymouth-ma/,"Fireplace Panels Repair in Weymouth,MA",ma,647,33,2,553,25,yes,no
fireplace-panels-repair-in-worcester-ma,/location/fireplace-panels-repair-in-worcester-ma/,https://chimcare-web.vercel.app/location/fireplace-panels-repair-in-worcester-ma/,"Fireplace Panels Repair in Worcester,MA",ma,713,35,2,609,24,yes,no
fireplace-panels-replace-in-cambridge-ma,/location/fireplace-panels-replace-in-cambridge-ma/,https://chimcare-web.vercel.app/location/fireplace-panels-replace-in-cambridge-ma/,"Fireplace Panels Replace in Cambridge,MA",ma,726,36,2,639,24,yes,no
fireplace-panels-replace-in-dracut-ma,/location/fireplace-panels-replace-in-dracut-ma/,https://chimcare-web.vercel.app/location/fireplace-panels-replace-in-dracut-ma/,"Fireplace Panels Replace in Dracut,MA",ma,712,32,2,609,24,yes,no
fireplace-panels-replace-in-leominster-ma,/location/fireplace-panels-replace-in-leominster-ma/,https://chimcare-web.vercel.app/location/fireplace-panels-replace-in-leominster-ma/,"Fireplace Panels Replace in Leominster,MA",ma,1095,55,2,1040,25,yes,no
fireplace-panels-replace-in-lowell-ma,/location/fireplace-panels-replace-in-lowell-ma/,https://chimcare-web.vercel.app/location/fireplace-panels-replace-in-lowell-ma/,"Fireplace Panels Replace in Lowell,MA",ma,527,27,2,422,23,yes,no
fireplace-panels-replace-in-springfield-ma,/location/fireplace-panels-replace-in-springfield-ma/,https://chimcare-web.vercel.app/location/fireplace-panels-replace-in-springfield-ma/,"Fireplace Panels Replace in Springfield,MA",ma,805,40,2,717,24,yes,no
fireplace-panels-replace-in-weymouth-ma,/location/fireplace-panels-replace-in-weymouth-ma/,https://chimcare-web.vercel.app/location/fireplace-panels-replace-in-weymouth-ma/,"Fireplace Panels Replace in Weymouth,MA",ma,731,33,2,645,25,yes,no
fireplace-panels-replace-in-worcester-ma,/location/fireplace-panels-replace-in-worcester-ma/,https://chimcare-web.vercel.app/location/fireplace-panels-replace-in-worcester-ma/,"Fireplace Panels Replace in Worcester,MA",ma,749,36,2,634,24,yes,no
fireplace-refacing-mantel-replacement-in-cambridge-ma,/location/fireplace-refacing-mantel-replacement-in-cambridge-ma/,https://chimcare-web.vercel.app/location/fireplace-refacing-mantel-replacement-in-cambridge-ma/,"Fireplace Refacing & Mantel Replacement in Cambridge,MA",ma,841,41,2,733,24,yes,no
fireplace-refacing-mantel-replacement-in-dracut-ma,/location/fireplace-refacing-mantel-replacement-in-dracut-ma/,https://chimcare-web.vercel.app/location/fireplace-refacing-mantel-replacement-in-dracut-ma/,"Fireplace Refacing & Mantel Replacement in Dracut,MA",ma,787,35,2,686,24,yes,no
fireplace-refacing-mantel-replacement-in-leominster-ma,/location/fireplace-refacing-mantel-replacement-in-leominster-ma/,https://chimcare-web.vercel.app/location/fireplace-refacing-mantel-replacement-in-leominster-ma/,"Fireplace Refacing & Mantel Replacement in Leominster,MA",ma,1076,54,2,985,25,yes,no
fireplace-refacing-mantel-replacement-in-lowell-ma,/location/fireplace-refacing-mantel-replacement-in-lowell-ma/,https://chimcare-web.vercel.app/location/fireplace-refacing-mantel-replacement-in-lowell-ma/,"Fireplace Refacing & Mantel Replacement in Lowell,MA",ma,648,37,2,558,23,yes,no
fireplace-refacing-mantel-replacement-in-springfield-ma,/location/fireplace-refacing-mantel-replacement-in-springfield-ma/,https://chimcare-web.vercel.app/location/fireplace-refacing-mantel-replacement-in-springfield-ma/,"Fireplace Refacing & Mantel Replacement in Springfield,MA",ma,656,37,2,559,24,yes,no
fireplace-refacing-mantel-replacement-in-weymouth-ma,/location/fireplace-refacing-mantel-replacement-in-weymouth-ma/,https://chimcare-web.vercel.app/location/fireplace-refacing-mantel-replacement-in-weymouth-ma/,"Fireplace Refacing & Mantel Replacement in Weymouth,MA",ma,740,33,2,632,25,yes,no
fireplace-refacing-mantel-replacement-in-worcester-ma,/location/fireplace-refacing-mantel-replacement-in-worcester-ma/,https://chimcare-web.vercel.app/location/fireplace-refacing-mantel-replacement-in-worcester-ma/,"Fireplace Refacing & Mantel Replacement in Worcester,MA",ma,723,37,2,636,24,yes,no
fireplace-remodeling-in-cambridge-ma,/location/fireplace-remodeling-in-cambridge-ma/,https://chimcare-web.vercel.app/location/fireplace-remodeling-in-cambridge-ma/,"Fireplace Remodeling in Cambridge,MA",ma,705,33,2,618,24,yes,no
fireplace-remodeling-in-dracut-ma,/location/fireplace-remodeling-in-dracut-ma/,https://chimcare-web.vercel.app/location/fireplace-remodeling-in-dracut-ma/,"Fireplace Remodeling in Dracut,MA",ma,516,33,2,427,24,yes,no
fireplace-remodeling-in-leominster-ma,/location/fireplace-remodeling-in-leominster-ma/,https://chimcare-web.vercel.app/location/fireplace-remodeling-in-leominster-ma/,"Fireplace Remodeling in Leominster,MA",ma,1074,51,2,1009,25,yes,no
fireplace-remodeling-in-lowell-ma,/location/fireplace-remodeling-in-lowell-ma/,https://chimcare-web.vercel.app/location/fireplace-remodeling-in-lowell-ma/,"Fireplace Remodeling in Lowell,MA",ma,765,38,2,675,23,yes,no
fireplace-remodeling-in-springfield-ma,/location/fireplace-remodeling-in-springfield-ma/,https://chimcare-web.vercel.app/location/fireplace-remodeling-in-springfield-ma/,"Fireplace Remodeling in Springfield,MA",ma,856,38,2,755,24,yes,no
fireplace-remodeling-in-weymouth-ma,/location/fireplace-remodeling-in-weymouth-ma/,https://chimcare-web.vercel.app/location/fireplace-remodeling-in-weymouth-ma/,"Fireplace Remodeling in Weymouth,MA",ma,589,32,2,508,25,yes,no
fireplace-remodeling-in-worcester-ma,/location/fireplace-remodeling-in-worcester-ma/,https://chimcare-web.vercel.app/location/fireplace-remodeling-in-worcester-ma/,"Fireplace Remodeling in Worcester,MA",ma,642,34,2,540,24,yes,no
fireplace-remote-control-troubleshooting-in-cambridge-ma,/location/fireplace-remote-control-troubleshooting-in-cambridge-ma/,https://chimcare-web.vercel.app/location/fireplace-remote-control-troubleshooting-in-cambridge-ma/,"Fireplace Remote Control Troubleshooting in Cambridge,MA",ma,602,32,2,528,24,yes,no
fireplace-remote-control-troubleshooting-in-dracut-ma,/location/fireplace-remote-control-troubleshooting-in-dracut-ma/,https://chimcare-web.vercel.app/location/fireplace-remote-control-troubleshooting-in-dracut-ma/,"Fireplace Remote Control Troubleshooting in Dracut,MA",ma,714,33,2,594,24,yes,no
fireplace-remote-control-troubleshooting-in-leominster-ma,/location/fireplace-remote-control-troubleshooting-in-leominster-ma/,https://chimcare-web.vercel.app/location/fireplace-remote-control-troubleshooting-in-leominster-ma/,"Fireplace Remote Control Troubleshooting in Leominster,MA",ma,1136,49,2,1075,25,yes,no
fireplace-remote-control-troubleshooting-in-lowell-ma,/location/fireplace-remote-control-troubleshooting-in-lowell-ma/,https://chimcare-web.vercel.app/location/fireplace-remote-control-troubleshooting-in-lowell-ma/,"Fireplace Remote Control Troubleshooting in Lowell,MA",ma,689,32,2,591,23,yes,no
fireplace-remote-control-troubleshooting-in-springfield-ma,/location/fireplace-remote-control-troubleshooting-in-springfield-ma/,https://chimcare-web.vercel.app/location/fireplace-remote-control-troubleshooting-in-springfield-ma/,"Fireplace Remote Control Troubleshooting in Springfield,MA",ma,616,42,2,538,24,yes,no
fireplace-remote-control-troubleshooting-in-weymouth-ma,/location/fireplace-remote-control-troubleshooting-in-weymouth-ma/,https://chimcare-web.vercel.app/location/fireplace-remote-control-troubleshooting-in-weymouth-ma/,"Fireplace Remote Control Troubleshooting in Weymouth,MA",ma,624,33,2,535,25,yes,no
fireplace-remote-control-troubleshooting-in-worcester-ma,/location/fireplace-remote-control-troubleshooting-in-worcester-ma/,https://chimcare-web.vercel.app/location/fireplace-remote-control-troubleshooting-in-worcester-ma/,"Fireplace Remote Control Troubleshooting in Worcester,MA",ma,563,31,2,482,24,yes,no
fireplace-repair-in-cambridge-ma,/location/fireplace-repair-in-cambridge-ma/,https://chimcare-web.vercel.app/location/fireplace-repair-in-cambridge-ma/,"Fireplace Repair in Cambridge,MA",ma,716,37,2,620,23,yes,no
fireplace-repair-in-dracut-ma,/location/fireplace-repair-in-dracut-ma/,https://chimcare-web.vercel.app/location/fireplace-repair-in-dracut-ma/,"Fireplace Repair in Dracut,MA",ma,714,41,2,635,23,yes,no
fireplace-repair-in-leominster-ma,/location/fireplace-repair-in-leominster-ma/,https://chimcare-web.vercel.app/location/fireplace-repair-in-leominster-ma/,"Fireplace Repair in Leominster,MA",ma,1017,54,2,934,24,yes,no
fireplace-repair-in-lowell-ma,/location/fireplace-repair-in-lowell-ma/,https://chimcare-web.vercel.app/location/fireplace-repair-in-lowell-ma/,"Fireplace Repair in Lowell,MA",ma,734,34,2,649,22,yes,no
fireplace-repair-in-springfield-ma,/location/fireplace-repair-in-springfield-ma/,https://chimcare-web.vercel.app/location/fireplace-repair-in-springfield-ma/,"Fireplace Repair in Springfield,MA",ma,611,35,2,521,23,yes,no
fireplace-repair-in-weymouth-ma,/location/fireplace-repair-in-weymouth-ma/,https://chimcare-web.vercel.app/location/fireplace-repair-in-weymouth-ma/,"Fireplace Repair in Weymouth,MA",ma,639,33,2,552,24,yes,no
fireplace-repair-in-worcester-ma,/location/fireplace-repair-in-worcester-ma/,https://chimcare-web.vercel.app/location/fireplace-repair-in-worcester-ma/,"Fireplace Repair in Worcester,MA",ma,763,38,2,654,23,yes,no
flexible-chimney-liner-installation-in-cambridge-ma,/location/flexible-chimney-liner-installation-in-cambridge-ma/,https://chimcare-web.vercel.app/location/flexible-chimney-liner-installation-in-cambridge-ma/,"Flexible Chimney Liner Installation in Cambridge,MA",ma,641,38,2,529,24,yes,no
flexible-chimney-liner-installation-in-dracut-ma,/location/flexible-chimney-liner-installation-in-dracut-ma/,https://chimcare-web.vercel.app/location/flexible-chimney-liner-installation-in-dracut-ma/,"Flexible Chimney Liner Installation in Dracut,MA",ma,635,31,2,535,24,yes,no
flexible-chimney-liner-installation-in-leominster-ma,/location/flexible-chimney-liner-installation-in-leominster-ma/,https://chimcare-web.vercel.app/location/flexible-chimney-liner-installation-in-leominster-ma/,"Flexible Chimney Liner Installation in Leominster,MA",ma,1105,53,2,1035,25,yes,no
flexible-chimney-liner-installation-in-lowell-ma,/location/flexible-chimney-liner-installation-in-lowell-ma/,https://chimcare-web.vercel.app/location/flexible-chimney-liner-installation-in-lowell-ma/,"Flexible Chimney Liner Installation in Lowell,MA",ma,769,39,2,685,23,yes,no
flexible-chimney-liner-installation-in-springfield-ma,/location/flexible-chimney-liner-installation-in-springfield-ma/,https://chimcare-web.vercel.app/location/flexible-chimney-liner-installation-in-springfield-ma/,"Flexible Chimney Liner Installation in Springfield,MA",ma,761,33,2,668,24,yes,no
flexible-chimney-liner-installation-in-weymouth-ma,/location/flexible-chimney-liner-installation-in-weymouth-ma/,https://chimcare-web.vercel.app/location/flexible-chimney-liner-installation-in-weymouth-ma/,"Flexible Chimney Liner Installation in Weymouth,MA",ma,727,34,2,635,25,yes,no
flexible-chimney-liner-installation-in-worcester-ma,/location/flexible-chimney-liner-installation-in-worcester-ma/,https://chimcare-web.vercel.app/location/flexible-chimney-liner-installation-in-worcester-ma/,"Flexible Chimney Liner Installation in Worcester,MA",ma,748,38,2,643,24,yes,no
freestanding-stoves-in-dracut-ma,/location/freestanding-stoves-in-dracut-ma/,https://chimcare-web.vercel.app/location/freestanding-stoves-in-dracut-ma/,"Freestanding Stoves in Dracut,MA",ma,651,35,2,555,24,yes,no
freestanding-stoves-in-leominster-ma,/location/freestanding-stoves-in-leominster-ma/,https://chimcare-web.vercel.app/location/freestanding-stoves-in-leominster-ma/,"Freestanding Stoves in Leominster,MA",ma,1073,52,2,999,25,yes,no
freestanding-stoves-in-weymouth-ma,/location/freestanding-stoves-in-weymouth-ma/,https://chimcare-web.vercel.app/location/freestanding-stoves-in-weymouth-ma/,"Freestanding Stoves in Weymouth,MA",ma,691,34,2,602,25,yes,no
freestanding-stoves-repair-in-cambridge-ma,/location/freestanding-stoves-repair-in-cambridge-ma/,https://chimcare-web.vercel.app/location/freestanding-stoves-repair-in-cambridge-ma/,"Freestanding Stoves in Cambridge,MA",ma,669,32,2,584,24,yes,no
freestanding-stoves-repair-in-lowell-ma,/location/freestanding-stoves-repair-in-lowell-ma/,https://chimcare-web.vercel.app/location/freestanding-stoves-repair-in-lowell-ma/,"Freestanding Stoves in Lowell,MA",ma,1063,48,2,960,23,yes,no
freestanding-stoves-repair-in-springfield-ma,/location/freestanding-stoves-repair-in-springfield-ma/,https://chimcare-web.vercel.app/location/freestanding-stoves-repair-in-springfield-ma/,"Freestanding Stoves in Springfield,MA",ma,657,38,2,571,24,yes,no
gas-fireplace-cleaning-in-cambridge-ma,/location/gas-fireplace-cleaning-in-cambridge-ma/,https://chimcare-web.vercel.app/location/gas-fireplace-cleaning-in-cambridge-ma/,"Gas Fireplace Cleaning in Cambridge,MA",ma,463,31,2,375,24,yes,no
gas-fireplace-cleaning-in-dracut-ma,/location/gas-fireplace-cleaning-in-dracut-ma/,https://chimcare-web.vercel.app/location/gas-fireplace-cleaning-in-dracut-ma/,"Gas Fireplace Cleaning in Dracut,MA",ma,575,32,2,485,24,yes,no
gas-fireplace-cleaning-in-leominster-ma,/location/gas-fireplace-cleaning-in-leominster-ma/,https://chimcare-web.vercel.app/location/gas-fireplace-cleaning-in-leominster-ma/,"Gas Fireplace Cleaning in Leominster,MA",ma,1005,54,2,923,25,yes,no
gas-fireplace-cleaning-in-lowell-ma,/location/gas-fireplace-cleaning-in-lowell-ma/,https://chimcare-web.vercel.app/location/gas-fireplace-cleaning-in-lowell-ma/,"Gas Fireplace Cleaning in Lowell,MA",ma,599,32,2,519,23,yes,no
gas-fireplace-cleaning-in-springfield-ma,/location/gas-fireplace-cleaning-in-springfield-ma/,https://chimcare-web.vercel.app/location/gas-fireplace-cleaning-in-springfield-ma/,"Gas Fireplace Cleaning in Springfield,MA",ma,729,33,2,639,24,yes,no
gas-fireplace-cleaning-in-weymouth-ma,/location/gas-fireplace-cleaning-in-weymouth-ma/,https://chimcare-web.vercel.app/location/gas-fireplace-cleaning-in-weymouth-ma/,"Gas Fireplace Cleaning in Weymouth,MA",ma,741,37,2,646,25,yes,no
gas-fireplace-cleaning-in-worcester-ma,/location/gas-fireplace-cleaning-in-worcester-ma/,https://chimcare-web.vercel.app/location/gas-fireplace-cleaning-in-worcester-ma/,"Gas Fireplace Cleaning in Worcester,MA",ma,690,34,2,610,24,yes,no
gas-fireplace-insert-in-leominster-ma,/location/gas-fireplace-insert-in-leominster-ma/,https://chimcare-web.vercel.app/location/gas-fireplace-insert-in-leominster-ma/,"Gas Fireplace Insert (product) in Leominster,MA",ma,1051,54,2,971,25,yes,no
gas-fireplace-insert-in-springfield-ma,/location/gas-fireplace-insert-in-springfield-ma/,https://chimcare-web.vercel.app/location/gas-fireplace-insert-in-springfield-ma/,"Gas Fireplace Insert (product) in Springfield,MA",ma,631,33,2,531,24,yes,no
gas-fireplace-insert-in-worcester-ma,/location/gas-fireplace-insert-in-worcester-ma/,https://chimcare-web.vercel.app/location/gas-fireplace-insert-in-worcester-ma/,"Gas Fireplace Insert (product) in Worcester,MA",ma,639,37,2,544,24,yes,no
gas-fireplace-insert-repair-in-weymouth-ma,/location/gas-fireplace-insert-repair-in-weymouth-ma/,https://chimcare-web.vercel.app/location/gas-fireplace-insert-repair-in-weymouth-ma/,"Gas Fireplace Insert (product) in Weymouth,MA",ma,755,44,2,669,25,yes,no
gas-fireplace-inserts-in-cambridge-ma,/location/gas-fireplace-inserts-in-cambridge-ma/,https://chimcare-web.vercel.app/location/gas-fireplace-inserts-in-cambridge-ma/,"Gas Fireplace Inserts in Cambridge,MA",ma,778,36,2,677,24,yes,no
gas-fireplace-inserts-in-dracut-ma,/location/gas-fireplace-inserts-in-dracut-ma/,https://chimcare-web.vercel.app/location/gas-fireplace-inserts-in-dracut-ma/,"Gas Fireplace Inserts in Dracut,MA",ma,629,33,2,530,24,yes,no
gas-fireplace-inserts-in-leominster-ma,/location/gas-fireplace-inserts-in-leominster-ma/,https://chimcare-web.vercel.app/location/gas-fireplace-inserts-in-leominster-ma/,"Gas Fireplace Inserts in Leominster,MA",ma,957,51,2,890,25,yes,no
gas-fireplace-inserts-in-lowell-ma,/location/gas-fireplace-inserts-in-lowell-ma/,https://chimcare-web.vercel.app/location/gas-fireplace-inserts-in-lowell-ma/,"Gas Fireplace Inserts in Lowell,MA",ma,762,33,2,670,23,yes,no
gas-fireplace-inserts-in-springfield-ma,/location/gas-fireplace-inserts-in-springfield-ma/,https://chimcare-web.vercel.app/location/gas-fireplace-inserts-in-springfield-ma/,"Gas Fireplace Inserts in Springfield,MA",ma,787,37,2,692,24,yes,no
gas-fireplace-inserts-in-weymouth-ma,/location/gas-fireplace-inserts-in-weymouth-ma/,https://chimcare-web.vercel.app/location/gas-fireplace-inserts-in-weymouth-ma/,"Gas Fireplace Inserts in Weymouth,MA",ma,781,35,2,684,25,yes,no
gas-fireplace-inserts-in-worcester-ma,/location/gas-fireplace-inserts-in-worcester-ma/,https://chimcare-web.vercel.app/location/gas-fireplace-inserts-in-worcester-ma/,"Gas Fireplace Inserts in Worcester,MA",ma,694,38,2,597,24,yes,no
gas-fireplace-installation-in-cambridge-ma,/location/gas-fireplace-installation-in-cambridge-ma/,https://chimcare-web.vercel.app/location/gas-fireplace-installation-in-cambridge-ma/,"Gas Fireplace Installation in Cambridge,MA",ma,706,33,2,620,24,yes,no
gas-fireplace-installation-in-dracut-ma,/location/gas-fireplace-installation-in-dracut-ma/,https://chimcare-web.vercel.app/location/gas-fireplace-installation-in-dracut-ma/,"Gas Fireplace Installation in Dracut,MA",ma,633,40,2,537,24,yes,no
gas-fireplace-installation-in-leominster-ma,/location/gas-fireplace-installation-in-leominster-ma/,https://chimcare-web.vercel.app/location/gas-fireplace-installation-in-leominster-ma/,"Gas Fireplace Installation in Leominster,MA",ma,954,51,2,884,25,yes,no
gas-fireplace-installation-in-lowell-ma,/location/gas-fireplace-installation-in-lowell-ma/,https://chimcare-web.vercel.app/location/gas-fireplace-installation-in-lowell-ma/,"Gas Fireplace Installation in Lowell,MA",ma,715,33,2,606,23,yes,no
gas-fireplace-installation-in-springfield-ma,/location/gas-fireplace-installation-in-springfield-ma/,https://chimcare-web.vercel.app/location/gas-fireplace-installation-in-springfield-ma/,"Gas Fireplace Installation in Springfield,MA",ma,711,38,2,626,24,yes,no
gas-fireplace-installation-in-weymouth-ma,/location/gas-fireplace-installation-in-weymouth-ma/,https://chimcare-web.vercel.app/location/gas-fireplace-installation-in-weymouth-ma/,"Gas Fireplace Installation in Weymouth,MA",ma,804,36,2,721,25,yes,no
gas-fireplace-installation-in-worcester-ma,/location/gas-fireplace-installation-in-worcester-ma/,https://chimcare-web.vercel.app/location/gas-fireplace-installation-in-worcester-ma/,"Gas Fireplace Installation in Worcester,MA",ma,559,34,2,483,24,yes,no
gas-fireplace-maintenance-cleaning-in-cambridge-ma,/location/gas-fireplace-maintenance-cleaning-in-cambridge-ma/,https://chimcare-web.vercel.app/location/gas-fireplace-maintenance-cleaning-in-cambridge-ma/,"Gas Fireplace Maintenance & Cleaning in Cambridge,MA",ma,629,31,2,536,24,yes,no
gas-fireplace-maintenance-cleaning-in-dracut-ma,/location/gas-fireplace-maintenance-cleaning-in-dracut-ma/,https://chimcare-web.vercel.app/location/gas-fireplace-maintenance-cleaning-in-dracut-ma/,"Gas Fireplace Maintenance & Cleaning in Dracut,MA",ma,723,40,2,639,24,yes,no
gas-fireplace-maintenance-cleaning-in-leominster-ma,/location/gas-fireplace-maintenance-cleaning-in-leominster-ma/,https://chimcare-web.vercel.app/location/gas-fireplace-maintenance-cleaning-in-leominster-ma/,"Gas Fireplace Maintenance & Cleaning in Leominster,MA",ma,1071,53,2,991,25,yes,no
gas-fireplace-maintenance-cleaning-in-lowell-ma,/location/gas-fireplace-maintenance-cleaning-in-lowell-ma/,https://chimcare-web.vercel.app/location/gas-fireplace-maintenance-cleaning-in-lowell-ma/,"Gas Fireplace Maintenance & Cleaning in Lowell,MA",ma,692,37,2,612,23,yes,no
gas-fireplace-maintenance-cleaning-in-springfield-ma,/location/gas-fireplace-maintenance-cleaning-in-springfield-ma/,https://chimcare-web.vercel.app/location/gas-fireplace-maintenance-cleaning-in-springfield-ma/,"Gas Fireplace Maintenance & Cleaning in Springfield,MA",ma,710,35,2,626,24,yes,no
gas-fireplace-maintenance-cleaning-in-weymouth-ma,/location/gas-fireplace-maintenance-cleaning-in-weymouth-ma/,https://chimcare-web.vercel.app/location/gas-fireplace-maintenance-cleaning-in-weymouth-ma/,"Gas Fireplace Maintenance & Cleaning in Weymouth,MA",ma,556,33,2,474,25,yes,no
gas-fireplace-maintenance-cleaning-in-worcester-ma,/location/gas-fireplace-maintenance-cleaning-in-worcester-ma/,https://chimcare-web.vercel.app/location/gas-fireplace-maintenance-cleaning-in-worcester-ma/,"Gas Fireplace Maintenance & Cleaning in Worcester,MA",ma,726,37,2,625,24,yes,no
gas-fireplace-repair-in-cambridge-ma,/location/gas-fireplace-repair-in-cambridge-ma/,https://chimcare-web.vercel.app/location/gas-fireplace-repair-in-cambridge-ma/,"Gas Fireplace Repair in Cambridge,MA",ma,649,33,2,570,23,yes,no
gas-fireplace-repair-in-dracut-ma,/location/gas-fireplace-repair-in-dracut-ma/,https://chimcare-web.vercel.app/location/gas-fireplace-repair-in-dracut-ma/,"Gas Fireplace Repair in Dracut,MA",ma,616,32,2,525,23,yes,no
gas-fireplace-repair-in-leominster-ma,/location/gas-fireplace-repair-in-leominster-ma/,https://chimcare-web.vercel.app/location/gas-fireplace-repair-in-leominster-ma/,"Gas Fireplace Repair in Leominster,MA",ma,1130,46,2,1052,24,yes,no
gas-fireplace-repair-in-lowell-ma,/location/gas-fireplace-repair-in-lowell-ma/,https://chimcare-web.vercel.app/location/gas-fireplace-repair-in-lowell-ma/,"Gas Fireplace Repair in Lowell,MA",ma,598,32,2,503,22,yes,no
gas-fireplace-repair-in-phoenix-az,/location/gas-fireplace-repair-in-phoenix-az/,https://chimcare-web.vercel.app/location/gas-fireplace-repair-in-phoenix-az/,"Gas FirePlace Repair in Phoenix,AZ",az,707,34,2,613,7,yes,no
gas-fireplace-repair-in-springfield-ma,/location/gas-fireplace-repair-in-springfield-ma/,https://chimcare-web.vercel.app/location/gas-fireplace-repair-in-springfield-ma/,"Gas Fireplace Repair in Springfield,MA",ma,663,36,2,568,23,yes,no
gas-fireplace-repair-in-weymouth-ma,/location/gas-fireplace-repair-in-weymouth-ma/,https://chimcare-web.vercel.app/location/gas-fireplace-repair-in-weymouth-ma/,"Gas Fireplace Repair in Weymouth,MA",ma,595,30,2,499,24,yes,no
gas-fireplace-repair-in-worcester-ma,/location/gas-fireplace-repair-in-worcester-ma/,https://chimcare-web.vercel.app/location/gas-fireplace-repair-in-worcester-ma/,"Gas Fireplace Repair in Worcester,MA",ma,736,39,2,644,23,yes,no
gas-fireplace-repair-service-in-cambridge-ma,/location/gas-fireplace-repair-service-in-cambridge-ma/,https://chimcare-web.vercel.app/location/gas-fireplace-repair-service-in-cambridge-ma/,"Gas Fireplace Repair & Service in Cambridge,MA",ma,616,33,2,534,24,yes,no
gas-fireplace-repair-service-in-dracut-ma,/location/gas-fireplace-repair-service-in-dracut-ma/,https://chimcare-web.vercel.app/location/gas-fireplace-repair-service-in-dracut-ma/,"Gas Fireplace Repair & Service in Dracut,MA",ma,676,33,2,563,24,yes,no
gas-fireplace-repair-service-in-leominster-ma,/location/gas-fireplace-repair-service-in-leominster-ma/,https://chimcare-web.vercel.app/location/gas-fireplace-repair-service-in-leominster-ma/,"Gas Fireplace Repair & Service in Leominster,MA",ma,1109,52,2,1039,25,yes,no
gas-fireplace-repair-service-in-lowell-ma,/location/gas-fireplace-repair-service-in-lowell-ma/,https://chimcare-web.vercel.app/location/gas-fireplace-repair-service-in-lowell-ma/,"Gas Fireplace Repair & Service in Lowell,MA",ma,711,38,2,628,23,yes,no
gas-fireplace-repair-service-in-springfield-ma,/location/gas-fireplace-repair-service-in-springfield-ma/,https://chimcare-web.vercel.app/location/gas-fireplace-repair-service-in-springfield-ma/,"Gas Fireplace Repair & Service in Springfield,MA",ma,541,28,2,438,24,yes,no
gas-fireplace-repair-service-in-weymouth-ma,/location/gas-fireplace-repair-service-in-weymouth-ma/,https://chimcare-web.vercel.app/location/gas-fireplace-repair-service-in-weymouth-ma/,"Gas Fireplace Repair & Service in Weymouth,MA",ma,671,34,2,578,25,yes,no
gas-fireplace-repair-service-in-worcester-ma,/location/gas-fireplace-repair-service-in-worcester-ma/,https://chimcare-web.vercel.app/location/gas-fireplace-repair-service-in-worcester-ma/,"Gas Fireplace Repair & Service in Worcester,MA",ma,808,39,2,713,24,yes,no
gas-fireplace-service-in-cambridge-ma,/location/gas-fireplace-service-in-cambridge-ma/,https://chimcare-web.vercel.app/location/gas-fireplace-service-in-cambridge-ma/,"Gas Fireplace Service in Cambridge,MA",ma,711,35,2,617,24,yes,no
gas-fireplace-service-in-dracut-ma,/location/gas-fireplace-service-in-dracut-ma/,https://chimcare-web.vercel.app/location/gas-fireplace-service-in-dracut-ma/,"Gas Fireplace Service in Dracut,MA",ma,642,31,2,551,24,yes,no
gas-fireplace-service-in-leominster-ma,/location/gas-fireplace-service-in-leominster-ma/,https://chimcare-web.vercel.app/location/gas-fireplace-service-in-leominster-ma/,"Gas Fireplace Service in Leominster,MA",ma,1078,53,2,1017,25,yes,no
gas-fireplace-service-in-lowell-ma,/location/gas-fireplace-service-in-lowell-ma/,https://chimcare-web.vercel.app/location/gas-fireplace-service-in-lowell-ma/,"Gas Fireplace Service in Lowell,MA",ma,709,37,2,613,23,yes,no
gas-fireplace-service-in-springfield-ma,/location/gas-fireplace-service-in-springfield-ma/,https://chimcare-web.vercel.app/location/gas-fireplace-service-in-springfield-ma/,"Gas Fireplace Service in Springfield,MA",ma,642,38,2,537,24,yes,no
gas-fireplace-service-in-weymouth-ma,/location/gas-fireplace-service-in-weymouth-ma/,https://chimcare-web.vercel.app/location/gas-fireplace-service-in-weymouth-ma/,"Gas Fireplace Service in Weymouth,MA",ma,690,34,2,605,25,yes,no
gas-fireplace-service-in-worcester-ma,/location/gas-fireplace-service-in-worcester-ma/,https://chimcare-web.vercel.app/location/gas-fireplace-service-in-worcester-ma/,"Gas Fireplace Service in Worcester,MA",ma,659,36,2,556,24,yes,no
gas-fireplaces-in-dracut-ma,/location/gas-fireplaces-in-dracut-ma/,https://chimcare-web.vercel.app/location/gas-fireplaces-in-dracut-ma/,"Gas Fireplaces in Dracut,MA",ma,691,33,2,589,24,yes,no
gas-fireplaces-in-weymouth-ma,/location/gas-fireplaces-in-weymouth-ma/,https://chimcare-web.vercel.app/location/gas-fireplaces-in-weymouth-ma/,"Gas Fireplaces in Weymouth,MA",ma,705,35,2,626,25,yes,no
gas-fireplaces-repair-in-cambridge-ma,/location/gas-fireplaces-repair-in-cambridge-ma/,https://chimcare-web.vercel.app/location/gas-fireplaces-repair-in-cambridge-ma/,"Gas Fireplaces in Cambridge,MA",ma,755,34,2,661,24,yes,no
gas-fireplaces-repair-in-lowell-ma,/location/gas-fireplaces-repair-in-lowell-ma/,https://chimcare-web.vercel.app/location/gas-fireplaces-repair-in-lowell-ma/,"Gas Fireplaces in Lowell,MA",ma,662,36,2,564,23,yes,no
gas-fireplaces-repair-in-springfield-ma,/location/gas-fireplaces-repair-in-springfield-ma/,https://chimcare-web.vercel.app/location/gas-fireplaces-repair-in-springfield-ma/,"Gas Fireplaces in Springfield,MA",ma,607,33,2,519,24,yes,no
gas-fireplaces-repair-in-worcester-ma,/location/gas-fireplaces-repair-in-worcester-ma/,https://chimcare-web.vercel.app/location/gas-fireplaces-repair-in-worcester-ma/,"Gas Fireplaces in Worcester,MA",ma,680,37,2,595,24,yes,no
gas-fireplaces-sweep-repair-in-leominster-ma,/location/gas-fireplaces-sweep-repair-in-leominster-ma/,https://chimcare-web.vercel.app/location/gas-fireplaces-sweep-repair-in-leominster-ma/,"Gas Fireplaces in Leominster,MA",ma,1018,55,2,943,25,yes,no
gas-insert-installation-in-phoenix-az,/location/gas-insert-installation-in-phoenix-az/,https://chimcare-web.vercel.app/location/gas-insert-installation-in-phoenix-az/,"Gas Insert Installation in Phoenix,AZ",az,847,38,2,748,8,yes,no
gas-line-installation-service-in-cambridge-ma,/location/gas-line-installation-service-in-cambridge-ma/,https://chimcare-web.vercel.app/location/gas-line-installation-service-in-cambridge-ma/,"Gas Line Installation Service in Cambridge,MA",ma,732,31,2,627,24,yes,no
gas-line-installation-service-in-dracut-ma,/location/gas-line-installation-service-in-dracut-ma/,https://chimcare-web.vercel.app/location/gas-line-installation-service-in-dracut-ma/,"Gas Line Installation Service in Dracut,MA",ma,732,34,2,632,24,yes,no
gas-line-installation-service-in-lowell-ma,/location/gas-line-installation-service-in-lowell-ma/,https://chimcare-web.vercel.app/location/gas-line-installation-service-in-lowell-ma/,"Gas Line Installation Service in Lowell,MA",ma,719,39,2,624,23,yes,no
gas-line-installation-service-in-springfield-ma,/location/gas-line-installation-service-in-springfield-ma/,https://chimcare-web.vercel.app/location/gas-line-installation-service-in-springfield-ma/,"Gas Line Installation Service in Springfield,MA",ma,770,35,2,678,24,yes,no
gas-line-installation-service-in-weymouth-ma,/location/gas-line-installation-service-in-weymouth-ma/,https://chimcare-web.vercel.app/location/gas-line-installation-service-in-weymouth-ma/,"Gas Line Installation Service in Weymouth,MA",ma,682,34,2,585,25,yes,no
gas-line-installation-service-in-worcester-ma,/location/gas-line-installation-service-in-worcester-ma/,https://chimcare-web.vercel.app/location/gas-line-installation-service-in-worcester-ma/,"Gas Line Installation Service in Worcester,MA",ma,650,37,2,556,24,yes,no
gas-log-sets-in-cambridge-ma,/location/gas-log-sets-in-cambridge-ma/,https://chimcare-web.vercel.app/location/gas-log-sets-in-cambridge-ma/,"Gas Log Sets in Cambridge,MA",ma,817,34,2,706,24,yes,no
gas-log-sets-in-dracut-ma,/location/gas-log-sets-in-dracut-ma/,https://chimcare-web.vercel.app/location/gas-log-sets-in-dracut-ma/,"Gas Log Sets in Dracut,MA",ma,759,33,2,668,24,yes,no
gas-log-sets-in-leominster-ma,/location/gas-log-sets-in-leominster-ma/,https://chimcare-web.vercel.app/location/gas-log-sets-in-leominster-ma/,"Gas Log Sets in Leominster,MA",ma,1096,44,2,1016,25,yes,no
gas-log-sets-in-lowell-ma,/location/gas-log-sets-in-lowell-ma/,https://chimcare-web.vercel.app/location/gas-log-sets-in-lowell-ma/,"Gas Log Sets in Lowell,MA",ma,671,32,2,570,23,yes,no
gas-log-sets-in-springfield-ma,/location/gas-log-sets-in-springfield-ma/,https://chimcare-web.vercel.app/location/gas-log-sets-in-springfield-ma/,"Gas Log Sets in Springfield,MA",ma,732,34,2,633,24,yes,no
gas-log-sets-in-worcester-ma,/location/gas-log-sets-in-worcester-ma/,https://chimcare-web.vercel.app/location/gas-log-sets-in-worcester-ma/,"Gas Log Sets in Worcester,MA",ma,794,39,2,706,24,yes,no
gas-stoves-repair-in-cambridge-ma,/location/gas-stoves-repair-in-cambridge-ma/,https://chimcare-web.vercel.app/location/gas-stoves-repair-in-cambridge-ma/,"Gas Stoves in Cambridge,MA",ma,636,32,2,525,24,yes,no
gas-stoves-repair-in-dracut-ma,/location/gas-stoves-repair-in-dracut-ma/,https://chimcare-web.vercel.app/location/gas-stoves-repair-in-dracut-ma/,"Gas Stoves in Dracut,MA",ma,601,35,2,510,24,yes,no
gas-stoves-repair-in-leominster-ma,/location/gas-stoves-repair-in-leominster-ma/,https://chimcare-web.vercel.app/location/gas-stoves-repair-in-leominster-ma/,"Gas Stoves in Leominster,MA",ma,1076,58,2,999,25,yes,no
gas-stoves-repair-in-lowell-ma,/location/gas-stoves-repair-in-lowell-ma/,https://chimcare-web.vercel.app/location/gas-stoves-repair-in-lowell-ma/,"Gas Stoves in Lowell,MA",ma,672,35,2,580,23,yes,no
gas-stoves-repair-in-springfield-ma,/location/gas-stoves-repair-in-springfield-ma/,https://chimcare-web.vercel.app/location/gas-stoves-repair-in-springfield-ma/,"Gas Stoves in Springfield,MA",ma,794,35,2,690,24,yes,no
gas-stoves-repair-in-weymouth-ma,/location/gas-stoves-repair-in-weymouth-ma/,https://chimcare-web.vercel.app/location/gas-stoves-repair-in-weymouth-ma/,"Gas Stoves in Weymouth,MA",ma,721,34,2,613,25,yes,no
gas-stoves-repair-in-worcester-ma,/location/gas-stoves-repair-in-worcester-ma/,https://chimcare-web.vercel.app/location/gas-stoves-repair-in-worcester-ma/,"Gas Stoves in Worcester,MA",ma,692,38,2,601,24,yes,no
glass-door-fireplace-in-cambridge-ma,/location/glass-door-fireplace-in-cambridge-ma/,https://chimcare-web.vercel.app/location/glass-door-fireplace-in-cambridge-ma/,"Glass Door Fireplace in Cambridge,MA",ma,797,39,2,711,24,yes,no
glass-door-fireplace-in-dracut-ma,/location/glass-door-fireplace-in-dracut-ma/,https://chimcare-web.vercel.app/location/glass-door-fireplace-in-dracut-ma/,"Glass Door Fireplace in Dracut,MA",ma,1185,45,2,1081,24,yes,no
glass-door-fireplace-in-springfield-ma,/location/glass-door-fireplace-in-springfield-ma/,https://chimcare-web.vercel.app/location/glass-door-fireplace-in-springfield-ma/,"Glass Door Fireplace in Springfield,MA",ma,693,37,2,606,24,yes,no
glass-door-fireplace-repair-in-leominster-ma,/location/glass-door-fireplace-repair-in-leominster-ma/,https://chimcare-web.vercel.app/location/glass-door-fireplace-repair-in-leominster-ma/,"Glass Door Fireplace in Leominster,MA",ma,1016,54,2,921,25,yes,no
glass-door-fireplace-repair-in-lowell-ma,/location/glass-door-fireplace-repair-in-lowell-ma/,https://chimcare-web.vercel.app/location/glass-door-fireplace-repair-in-lowell-ma/,"Glass Door Fireplace in Lowell,MA",ma,1125,49,2,1031,23,yes,no
glass-door-fireplace-repair-in-weymouth-ma,/location/glass-door-fireplace-repair-in-weymouth-ma/,https://chimcare-web.vercel.app/location/glass-door-fireplace-repair-in-weymouth-ma/,"Glass Door Fireplace in Weymouth,MA",ma,724,31,2,615,25,yes,no
glass-door-fireplace-repair-in-worcester-ma,/location/glass-door-fireplace-repair-in-worcester-ma/,https://chimcare-web.vercel.app/location/glass-door-fireplace-repair-in-worcester-ma/,"Glass Door Fireplace in Worcester,MA",ma,737,38,2,626,24,yes,no
heatshield-repair-in-cambridge-ma,/location/heatshield-repair-in-cambridge-ma/,https://chimcare-web.vercel.app/location/heatshield-repair-in-cambridge-ma/,"Heatshield in Cambridge,MA",ma,719,32,2,617,24,yes,no
heatshield-repair-in-dracut-ma,/location/heatshield-repair-in-dracut-ma/,https://chimcare-web.vercel.app/location/heatshield-repair-in-dracut-ma/,"Heatshield in Dracut,MA",ma,773,33,2,674,24,yes,no
heatshield-repair-in-leominster-ma,/location/heatshield-repair-in-leominster-ma/,https://chimcare-web.vercel.app/location/heatshield-repair-in-leominster-ma/,"Heatshield in Leominster,MA",ma,1107,51,2,1029,25,yes,no
heatshield-repair-in-lowell-ma,/location/heatshield-repair-in-lowell-ma/,https://chimcare-web.vercel.app/location/heatshield-repair-in-lowell-ma/,"Heatshield in Lowell,MA",ma,738,35,2,660,23,yes,no
heatshield-repair-in-springfield-ma,/location/heatshield-repair-in-springfield-ma/,https://chimcare-web.vercel.app/location/heatshield-repair-in-springfield-ma/,"Heatshield in Springfield,MA",ma,683,33,2,584,24,yes,no
heatshield-repair-in-weymouth-ma,/location/heatshield-repair-in-weymouth-ma/,https://chimcare-web.vercel.app/location/heatshield-repair-in-weymouth-ma/,"Heatshield in Weymouth,MA",ma,686,34,2,606,25,yes,no
heatshield-repair-in-worcester-ma,/location/heatshield-repair-in-worcester-ma/,https://chimcare-web.vercel.app/location/heatshield-repair-in-worcester-ma/,"Heatshield in Worcester,MA",ma,738,36,2,630,24,yes,no
leaking-chimney-repair-in-cambridge-ma,/location/leaking-chimney-repair-in-cambridge-ma/,https://chimcare-web.vercel.app/location/leaking-chimney-repair-in-cambridge-ma/,"Leaking Chimney Repair in Cambridge,MA",ma,712,36,2,612,24,yes,no
leaking-chimney-repair-in-dracut-ma,/location/leaking-chimney-repair-in-dracut-ma/,https://chimcare-web.vercel.app/location/leaking-chimney-repair-in-dracut-ma/,"Leaking Chimney Repair in Dracut,MA",ma,618,31,2,512,24,yes,no
leaking-chimney-repair-in-lowell-ma,/location/leaking-chimney-repair-in-lowell-ma/,https://chimcare-web.vercel.app/location/leaking-chimney-repair-in-lowell-ma/,"Leaking Chimney Repair in Lowell,MA",ma,740,37,2,652,23,yes,no
leaking-chimney-repair-in-springfield-ma,/location/leaking-chimney-repair-in-springfield-ma/,https://chimcare-web.vercel.app/location/leaking-chimney-repair-in-springfield-ma/,"Leaking Chimney Repair in Springfield,MA",ma,721,34,2,614,24,yes,no
leaking-chimney-repair-in-weymouth-ma,/location/leaking-chimney-repair-in-weymouth-ma/,https://chimcare-web.vercel.app/location/leaking-chimney-repair-in-weymouth-ma/,"Leaking Chimney Repair in Weymouth,MA",ma,651,34,2,568,25,yes,no
leaking-chimney-repair-in-worcester-ma,/location/leaking-chimney-repair-in-worcester-ma/,https://chimcare-web.vercel.app/location/leaking-chimney-repair-in-worcester-ma/,"Leaking Chimney Repair in Worcester,MA",ma,691,37,2,602,24,yes,no
liners-sweep-repair-in-lowell-ma,/location/liners-sweep-repair-in-lowell-ma/,https://chimcare-web.vercel.app/location/liners-sweep-repair-in-lowell-ma/,"Liners (product) in Lowell,MA",ma,799,39,2,692,23,yes,no
liners-sweep-repair-in-weymouth-ma,/location/liners-sweep-repair-in-weymouth-ma/,https://chimcare-web.vercel.app/location/liners-sweep-repair-in-weymouth-ma/,"Liners (product) in Weymouth,MA",ma,673,33,2,585,25,yes,no
liners-sweep-repair-in-worcester-ma,/location/liners-sweep-repair-in-worcester-ma/,https://chimcare-web.vercel.app/location/liners-sweep-repair-in-worcester-ma/,"Liners (product) in Worcester,MA",ma,777,36,2,681,24,yes,no
liners-sweep-repair-was-not-needed-the-correct-slug-is-liners-in-cambridge-ma,/location/liners-sweep-repair-was-not-needed-the-correct-slug-is-liners-in-cambridge-ma/,https://chimcare-web.vercel.app/location/liners-sweep-repair-was-not-needed-the-correct-slug-is-liners-in-cambridge-ma/,"Liners (product) in Cambridge,MA",ma,804,33,2,689,24,yes,no
local-chimney-sweep-and-cleaning-in-cambridge-ma,/location/local-chimney-sweep-and-cleaning-in-cambridge-ma/,https://chimcare-web.vercel.app/location/local-chimney-sweep-and-cleaning-in-cambridge-ma/,"Local Chimney Sweep and Cleaning in Cambridge,MA",ma,700,31,2,608,24,yes,no
local-chimney-sweep-and-cleaning-in-dracut-ma,/location/local-chimney-sweep-and-cleaning-in-dracut-ma/,https://chimcare-web.vercel.app/location/local-chimney-sweep-and-cleaning-in-dracut-ma/,"Local Chimney Sweep and Cleaning in Dracut,MA",ma,863,38,2,777,24,yes,no
local-chimney-sweep-and-cleaning-in-lowell-ma,/location/local-chimney-sweep-and-cleaning-in-lowell-ma/,https://chimcare-web.vercel.app/location/local-chimney-sweep-and-cleaning-in-lowell-ma/,"Local Chimney Sweep and Cleaning in Lowell,MA",ma,670,36,2,574,23,yes,no
local-chimney-sweep-and-cleaning-in-phoenix-az,/location/local-chimney-sweep-and-cleaning-in-phoenix-az/,https://chimcare-web.vercel.app/location/local-chimney-sweep-and-cleaning-in-phoenix-az/,"Local Chimney Sweep and Cleaning in Phoenix,AZ",az,712,36,2,620,8,yes,no
local-chimney-sweep-and-cleaning-in-springfield-ma,/location/local-chimney-sweep-and-cleaning-in-springfield-ma/,https://chimcare-web.vercel.app/location/local-chimney-sweep-and-cleaning-in-springfield-ma/,"Local Chimney Sweep and Cleaning in Springfield,MA",ma,645,33,2,554,24,yes,no
local-chimney-sweep-and-cleaning-in-weymouth-ma,/location/local-chimney-sweep-and-cleaning-in-weymouth-ma/,https://chimcare-web.vercel.app/location/local-chimney-sweep-and-cleaning-in-weymouth-ma/,"Local Chimney Sweep and Cleaning in Weymouth,MA",ma,664,31,2,563,25,yes,no
local-chimney-sweep-and-cleaning-in-worcester-ma,/location/local-chimney-sweep-and-cleaning-in-worcester-ma/,https://chimcare-web.vercel.app/location/local-chimney-sweep-and-cleaning-in-worcester-ma/,"Local Chimney Sweep and Cleaning in Worcester,MA",ma,530,28,2,441,24,yes,no
masonry-repair-construction-in-cambridge-ma,/location/masonry-repair-construction-in-cambridge-ma/,https://chimcare-web.vercel.app/location/masonry-repair-construction-in-cambridge-ma/,"Masonry Repair & Construction in Cambridge,MA",ma,725,33,2,622,24,yes,no
masonry-repair-construction-in-dracut-ma,/location/masonry-repair-construction-in-dracut-ma/,https://chimcare-web.vercel.app/location/masonry-repair-construction-in-dracut-ma/,"Masonry Repair & Construction in Dracut,MA",ma,739,45,2,632,24,yes,no
masonry-repair-construction-in-leominster-ma,/location/masonry-repair-construction-in-leominster-ma/,https://chimcare-web.vercel.app/location/masonry-repair-construction-in-leominster-ma/,"Masonry Repair & Construction in Leominster,MA",ma,1110,51,2,1016,25,yes,no
masonry-repair-construction-in-lowell-ma,/location/masonry-repair-construction-in-lowell-ma/,https://chimcare-web.vercel.app/location/masonry-repair-construction-in-lowell-ma/,"Masonry Repair & Construction in Lowell,MA",ma,654,34,2,573,23,yes,no
masonry-repair-construction-in-springfield-ma,/location/masonry-repair-construction-in-springfield-ma/,https://chimcare-web.vercel.app/location/masonry-repair-construction-in-springfield-ma/,"Masonry Repair & Construction in Springfield,MA",ma,748,33,2,641,24,yes,no
masonry-repair-construction-in-weymouth-ma,/location/masonry-repair-construction-in-weymouth-ma/,https://chimcare-web.vercel.app/location/masonry-repair-construction-in-weymouth-ma/,"Masonry Repair & Construction in Weymouth,MA",ma,690,34,2,599,25,yes,no
masonry-repair-construction-in-worcester-ma,/location/masonry-repair-construction-in-worcester-ma/,https://chimcare-web.vercel.app/location/masonry-repair-construction-in-worcester-ma/,"Masonry Repair & Construction in Worcester,MA",ma,695,36,2,590,24,yes,no
masonry-repair-in-cambridge-ma,/location/masonry-repair-in-cambridge-ma/,https://chimcare-web.vercel.app/location/masonry-repair-in-cambridge-ma/,"Masonry Repair in Cambridge,MA",ma,567,27,2,464,24,yes,no
masonry-repair-in-dracut-ma,/location/masonry-repair-in-dracut-ma/,https://chimcare-web.vercel.app/location/masonry-repair-in-dracut-ma/,"Masonry Repair in Dracut,MA",ma,571,30,2,488,24,yes,no
masonry-repair-in-leominster-ma,/location/masonry-repair-in-leominster-ma/,https://chimcare-web.vercel.app/location/masonry-repair-in-leominster-ma/,"Masonry Repair in Leominster,MA",ma,1061,54,2,979,25,yes,no
masonry-repair-in-lowell-ma,/location/masonry-repair-in-lowell-ma/,https://chimcare-web.vercel.app/location/masonry-repair-in-lowell-ma/,"Masonry Repair in Lowell,MA",ma,790,34,2,675,23,yes,no
masonry-repair-in-springfield-ma,/location/masonry-repair-in-springfield-ma/,https://chimcare-web.vercel.app/location/masonry-repair-in-springfield-ma/,"Masonry Repair in Springfield,MA",ma,734,37,2,632,24,yes,no
masonry-repair-in-weymouth-ma,/location/masonry-repair-in-weymouth-ma/,https://chimcare-web.vercel.app/location/masonry-repair-in-weymouth-ma/,"Masonry Repair in Weymouth,MA",ma,764,35,2,675,25,yes,no
masonry-repair-in-worcester-ma,/location/masonry-repair-in-worcester-ma/,https://chimcare-web.vercel.app/location/masonry-repair-in-worcester-ma/,"Masonry Repair in Worcester,MA",ma,700,37,2,609,24,yes,no
outdoor-fireplace-building-in-cambridge-ma,/location/outdoor-fireplace-building-in-cambridge-ma/,https://chimcare-web.vercel.app/location/outdoor-fireplace-building-in-cambridge-ma/,"Outdoor Fireplace Building in Cambridge,MA",ma,687,33,2,596,24,yes,no
outdoor-fireplace-building-in-dracut-ma,/location/outdoor-fireplace-building-in-dracut-ma/,https://chimcare-web.vercel.app/location/outdoor-fireplace-building-in-dracut-ma/,"Outdoor Fireplace Building in Dracut,MA",ma,593,32,2,508,24,yes,no
outdoor-fireplace-building-in-leominster-ma,/location/outdoor-fireplace-building-in-leominster-ma/,https://chimcare-web.vercel.app/location/outdoor-fireplace-building-in-leominster-ma/,"Outdoor Fireplace Building in Leominster,MA",ma,1074,51,2,1003,25,yes,no
outdoor-fireplace-building-in-lowell-ma,/location/outdoor-fireplace-building-in-lowell-ma/,https://chimcare-web.vercel.app/location/outdoor-fireplace-building-in-lowell-ma/,"Outdoor Fireplace Building in Lowell,MA",ma,657,37,2,557,23,yes,no
outdoor-fireplace-building-in-springfield-ma,/location/outdoor-fireplace-building-in-springfield-ma/,https://chimcare-web.vercel.app/location/outdoor-fireplace-building-in-springfield-ma/,"Outdoor Fireplace Building in Springfield,MA",ma,967,40,2,867,24,yes,no
outdoor-fireplace-building-in-weymouth-ma,/location/outdoor-fireplace-building-in-weymouth-ma/,https://chimcare-web.vercel.app/location/outdoor-fireplace-building-in-weymouth-ma/,"Outdoor Fireplace Building in Weymouth,MA",ma,781,35,2,673,25,yes,no
outdoor-fireplace-building-in-worcester-ma,/location/outdoor-fireplace-building-in-worcester-ma/,https://chimcare-web.vercel.app/location/outdoor-fireplace-building-in-worcester-ma/,"Outdoor Fireplace Building in Worcester,MA",ma,621,37,2,536,24,yes,no
outdoor-fireplaces-in-leominster-ma,/location/outdoor-fireplaces-in-leominster-ma/,https://chimcare-web.vercel.app/location/outdoor-fireplaces-in-leominster-ma/,"Outdoor Fireplaces in Leominster,MA",ma,1105,49,2,1019,25,yes,no
outdoor-fireplaces-in-springfield-ma,/location/outdoor-fireplaces-in-springfield-ma/,https://chimcare-web.vercel.app/location/outdoor-fireplaces-in-springfield-ma/,"Outdoor Fireplaces in Springfield,MA",ma,671,37,2,582,24,yes,no
outdoor-fireplaces-in-weymouth-ma,/location/outdoor-fireplaces-in-weymouth-ma/,https://chimcare-web.vercel.app/location/outdoor-fireplaces-in-weymouth-ma/,"Outdoor Fireplaces in Weymouth,MA",ma,699,33,2,600,25,yes,no
outdoor-fireplaces-repair-in-cambridge-ma,/location/outdoor-fireplaces-repair-in-cambridge-ma/,https://chimcare-web.vercel.app/location/outdoor-fireplaces-repair-in-cambridge-ma/,"Outdoor Fireplaces in Cambridge,MA",ma,783,36,2,680,24,yes,no
outdoor-fireplaces-repair-in-lowell-ma,/location/outdoor-fireplaces-repair-in-lowell-ma/,https://chimcare-web.vercel.app/location/outdoor-fireplaces-repair-in-lowell-ma/,"Outdoor Fireplaces in Lowell,MA",ma,665,38,2,575,23,yes,no
outdoor-fireplaces-repair-in-worcester-ma,/location/outdoor-fireplaces-repair-in-worcester-ma/,https://chimcare-web.vercel.app/location/outdoor-fireplaces-repair-in-worcester-ma/,"Outdoor Fireplaces in Worcester,MA",ma,774,35,2,682,24,yes,no
pellet-stove-cleaning-in-phoenix-az,/location/pellet-stove-cleaning-in-phoenix-az/,https://chimcare-web.vercel.app/location/pellet-stove-cleaning-in-phoenix-az/,"Pellet Stove Cleaning in Phoenix,AZ",az,740,34,2,642,8,yes,no
pellet-stove-inspection-in-cambridge-ma,/location/pellet-stove-inspection-in-cambridge-ma/,https://chimcare-web.vercel.app/location/pellet-stove-inspection-in-cambridge-ma/,"Pellet Stove Inspection in Cambridge,MA",ma,665,32,2,581,24,yes,no
pellet-stove-inspection-in-dracut-ma,/location/pellet-stove-inspection-in-dracut-ma/,https://chimcare-web.vercel.app/location/pellet-stove-inspection-in-dracut-ma/,"Pellet Stove Inspection in Dracut,MA",ma,650,37,2,573,24,yes,no
pellet-stove-inspection-in-lowell-ma,/location/pellet-stove-inspection-in-lowell-ma/,https://chimcare-web.vercel.app/location/pellet-stove-inspection-in-lowell-ma/,"Pellet Stove Inspection in Lowell,MA",ma,656,35,2,584,23,yes,no
pellet-stove-inspection-in-springfield-ma,/location/pellet-stove-inspection-in-springfield-ma/,https://chimcare-web.vercel.app/location/pellet-stove-inspection-in-springfield-ma/,"Pellet Stove Inspection in Springfield,MA",ma,779,33,2,695,24,yes,no
pellet-stove-inspection-in-weymouth-ma,/location/pellet-stove-inspection-in-weymouth-ma/,https://chimcare-web.vercel.app/location/pellet-stove-inspection-in-weymouth-ma/,"Pellet Stove Inspection in Weymouth,MA",ma,984,47,2,899,25,yes,no
pellet-stove-inspection-in-worcester-ma,/location/pellet-stove-inspection-in-worcester-ma/,https://chimcare-web.vercel.app/location/pellet-stove-inspection-in-worcester-ma/,"Pellet Stove Inspection in Worcester,MA",ma,684,33,2,581,24,yes,no
pellet-stove-repair-in-cambridge-ma,/location/pellet-stove-repair-in-cambridge-ma/,https://chimcare-web.vercel.app/location/pellet-stove-repair-in-cambridge-ma/,"Pellet Stove Repair in Cambridge,MA",ma,712,35,2,606,24,yes,no
pellet-stove-repair-in-dracut-ma,/location/pellet-stove-repair-in-dracut-ma/,https://chimcare-web.vercel.app/location/pellet-stove-repair-in-dracut-ma/,"Pellet Stove Repair in Dracut,MA",ma,640,36,2,540,24,yes,no
pellet-stove-repair-in-lowell-ma,/location/pellet-stove-repair-in-lowell-ma/,https://chimcare-web.vercel.app/location/pellet-stove-repair-in-lowell-ma/,"Pellet Stove Repair in Lowell,MA",ma,774,36,2,667,23,yes,no
pellet-stove-repair-in-phoenix-az,/location/pellet-stove-repair-in-phoenix-az/,https://chimcare-web.vercel.app/location/pellet-stove-repair-in-phoenix-az/,"Pellet Stove Repair in Phoenix,AZ",az,764,42,2,645,8,yes,no
pellet-stove-repair-in-springfield-ma,/location/pellet-stove-repair-in-springfield-ma/,https://chimcare-web.vercel.app/location/pellet-stove-repair-in-springfield-ma/,"Pellet Stove Repair in Springfield,MA",ma,901,44,2,788,24,yes,no
pellet-stove-repair-in-weymouth-ma,/location/pellet-stove-repair-in-weymouth-ma/,https://chimcare-web.vercel.app/location/pellet-stove-repair-in-weymouth-ma/,"Pellet Stove Repair in Weymouth,MA",ma,583,34,2,512,25,yes,no
pellet-stove-repair-in-worcester-ma,/location/pellet-stove-repair-in-worcester-ma/,https://chimcare-web.vercel.app/location/pellet-stove-repair-in-worcester-ma/,"Pellet Stove Repair in Worcester,MA",ma,693,37,2,598,24,yes,no
pellet-stove-service-in-cambridge-ma,/location/pellet-stove-service-in-cambridge-ma/,https://chimcare-web.vercel.app/location/pellet-stove-service-in-cambridge-ma/,"Pellet Stove Service in Cambridge,MA",ma,711,33,2,600,24,yes,no
pellet-stove-service-in-dracut-ma,/location/pellet-stove-service-in-dracut-ma/,https://chimcare-web.vercel.app/location/pellet-stove-service-in-dracut-ma/,"Pellet Stove Service in Dracut,MA",ma,659,33,2,568,24,yes,no
pellet-stove-service-in-lowell-ma,/location/pellet-stove-service-in-lowell-ma/,https://chimcare-web.vercel.app/location/pellet-stove-service-in-lowell-ma/,"Pellet Stove Service in Lowell,MA",ma,683,34,2,590,23,yes,no
pellet-stove-service-in-springfield-ma,/location/pellet-stove-service-in-springfield-ma/,https://chimcare-web.vercel.app/location/pellet-stove-service-in-springfield-ma/,"Pellet Stove Service in Springfield,MA",ma,812,46,2,725,24,yes,no
pellet-stove-service-in-weymouth-ma,/location/pellet-stove-service-in-weymouth-ma/,https://chimcare-web.vercel.app/location/pellet-stove-service-in-weymouth-ma/,"Pellet Stove Service in Weymouth,MA",ma,701,34,2,615,25,yes,no
pellet-stove-service-in-worcester-ma,/location/pellet-stove-service-in-worcester-ma/,https://chimcare-web.vercel.app/location/pellet-stove-service-in-worcester-ma/,"Pellet Stove Service in Worcester,MA",ma,727,36,2,646,24,yes,no
pellet-stoves-in-dracut-ma,/location/pellet-stoves-in-dracut-ma/,https://chimcare-web.vercel.app/location/pellet-stoves-in-dracut-ma/,"Pellet Stoves in Dracut,MA",ma,927,42,2,816,24,yes,no
pellet-stoves-in-weymouth-ma,/location/pellet-stoves-in-weymouth-ma/,https://chimcare-web.vercel.app/location/pellet-stoves-in-weymouth-ma/,"Pellet Stoves in Weymouth,MA",ma,654,34,2,572,25,yes,no
pellet-stoves-repair-in-cambridge-ma,/location/pellet-stoves-repair-in-cambridge-ma/,https://chimcare-web.vercel.app/location/pellet-stoves-repair-in-cambridge-ma/,"Pellet Stoves in Cambridge,MA",ma,574,29,2,480,24,yes,no
pellet-stoves-repair-in-lowell-ma,/location/pellet-stoves-repair-in-lowell-ma/,https://chimcare-web.vercel.app/location/pellet-stoves-repair-in-lowell-ma/,"Pellet Stoves in Lowell,MA",ma,853,46,2,753,23,yes,no
pellet-stoves-repair-in-springfield-ma,/location/pellet-stoves-repair-in-springfield-ma/,https://chimcare-web.vercel.app/location/pellet-stoves-repair-in-springfield-ma/,"Pellet Stoves in Springfield,MA",ma,742,34,2,634,24,yes,no
pellet-stoves-repair-in-worcester-ma,/location/pellet-stoves-repair-in-worcester-ma/,https://chimcare-web.vercel.app/location/pellet-stoves-repair-in-worcester-ma/,"Pellet Stoves in Worcester,MA",ma,702,36,2,615,24,yes,no
pilot-assembly-replacement-in-cambridge-ma,/location/pilot-assembly-replacement-in-cambridge-ma/,https://chimcare-web.vercel.app/location/pilot-assembly-replacement-in-cambridge-ma/,"Pilot Assembly Replacement in Cambridge,MA",ma,672,33,2,574,24,yes,no
pilot-assembly-replacement-in-dracut-ma,/location/pilot-assembly-replacement-in-dracut-ma/,https://chimcare-web.vercel.app/location/pilot-assembly-replacement-in-dracut-ma/,"Pilot Assembly Replacement in Dracut,MA",ma,681,37,2,599,24,yes,no
pilot-assembly-replacement-in-leominster-ma,/location/pilot-assembly-replacement-in-leominster-ma/,https://chimcare-web.vercel.app/location/pilot-assembly-replacement-in-leominster-ma/,"Pilot Assembly Replacement in Leominster,MA",ma,1056,51,2,972,25,yes,no
pilot-assembly-replacement-in-lowell-ma,/location/pilot-assembly-replacement-in-lowell-ma/,https://chimcare-web.vercel.app/location/pilot-assembly-replacement-in-lowell-ma/,"Pilot Assembly Replacement in Lowell,MA",ma,656,38,2,556,23,yes,no
pilot-assembly-replacement-in-springfield-ma,/location/pilot-assembly-replacement-in-springfield-ma/,https://chimcare-web.vercel.app/location/pilot-assembly-replacement-in-springfield-ma/,"Pilot Assembly Replacement in Springfield,MA",ma,683,33,2,598,24,yes,no
pilot-assembly-replacement-in-weymouth-ma,/location/pilot-assembly-replacement-in-weymouth-ma/,https://chimcare-web.vercel.app/location/pilot-assembly-replacement-in-weymouth-ma/,"Pilot Assembly Replacement in Weymouth,MA",ma,636,33,2,548,25,yes,no
pilot-assembly-replacement-in-worcester-ma,/location/pilot-assembly-replacement-in-worcester-ma/,https://chimcare-web.vercel.app/location/pilot-assembly-replacement-in-worcester-ma/,"Pilot Assembly Replacement in Worcester,MA",ma,649,35,2,561,24,yes,no
pilot-light-installation-in-cambridge-ma,/location/pilot-light-installation-in-cambridge-ma/,https://chimcare-web.vercel.app/location/pilot-light-installation-in-cambridge-ma/,"Pilot Light Installation in Cambridge,MA",ma,570,29,2,476,24,yes,no
pilot-light-installation-in-dracut-ma,/location/pilot-light-installation-in-dracut-ma/,https://chimcare-web.vercel.app/location/pilot-light-installation-in-dracut-ma/,"Pilot Light Installation in Dracut,MA",ma,726,37,2,634,24,yes,no
pilot-light-installation-in-lowell-ma,/location/pilot-light-installation-in-lowell-ma/,https://chimcare-web.vercel.app/location/pilot-light-installation-in-lowell-ma/,"Pilot Light Installation in Lowell,MA",ma,662,38,2,570,23,yes,no
pilot-light-installation-in-springfield-ma,/location/pilot-light-installation-in-springfield-ma/,https://chimcare-web.vercel.app/location/pilot-light-installation-in-springfield-ma/,"Pilot Light Installation in Springfield,MA",ma,745,32,2,633,24,yes,no
pilot-light-installation-in-weymouth-ma,/location/pilot-light-installation-in-weymouth-ma/,https://chimcare-web.vercel.app/location/pilot-light-installation-in-weymouth-ma/,"Pilot Light Installation in Weymouth,MA",ma,777,35,2,684,25,yes,no
pilot-light-installation-in-worcester-ma,/location/pilot-light-installation-in-worcester-ma/,https://chimcare-web.vercel.app/location/pilot-light-installation-in-worcester-ma/,"Pilot Light Installation in Worcester,MA",ma,700,37,2,594,24,yes,no
remote-control-for-a-pilot-light-in-cambridge-ma,/location/remote-control-for-a-pilot-light-in-cambridge-ma/,https://chimcare-web.vercel.app/location/remote-control-for-a-pilot-light-in-cambridge-ma/,"Remote Control for a Pilot Light in Cambridge,MA",ma,745,33,2,646,24,yes,no
remote-control-for-a-pilot-light-in-dracut-ma,/location/remote-control-for-a-pilot-light-in-dracut-ma/,https://chimcare-web.vercel.app/location/remote-control-for-a-pilot-light-in-dracut-ma/,"Remote Control for a Pilot Light in Dracut,MA",ma,776,44,2,682,24,yes,no
remote-control-for-a-pilot-light-in-leominster-ma,/location/remote-control-for-a-pilot-light-in-leominster-ma/,https://chimcare-web.vercel.app/location/remote-control-for-a-pilot-light-in-leominster-ma/,"Remote Control for a Pilot Light in Leominster,MA",ma,1120,53,2,1041,25,yes,no
remote-control-for-a-pilot-light-in-lowell-ma,/location/remote-control-for-a-pilot-light-in-lowell-ma/,https://chimcare-web.vercel.app/location/remote-control-for-a-pilot-light-in-lowell-ma/,"Remote Control for a Pilot Light in Lowell,MA",ma,771,35,2,688,23,yes,no
remote-control-for-a-pilot-light-in-springfield-ma,/location/remote-control-for-a-pilot-light-in-springfield-ma/,https://chimcare-web.vercel.app/location/remote-control-for-a-pilot-light-in-springfield-ma/,"Remote Control for a Pilot Light in Springfield,MA",ma,689,32,2,582,24,yes,no
remote-control-for-a-pilot-light-in-weymouth-ma,/location/remote-control-for-a-pilot-light-in-weymouth-ma/,https://chimcare-web.vercel.app/location/remote-control-for-a-pilot-light-in-weymouth-ma/,"Remote Control for a Pilot Light in Weymouth,MA",ma,642,32,2,537,25,yes,no
remote-control-for-a-pilot-light-in-worcester-ma,/location/remote-control-for-a-pilot-light-in-worcester-ma/,https://chimcare-web.vercel.app/location/remote-control-for-a-pilot-light-in-worcester-ma/,"Remote Control for a Pilot Light in Worcester,MA",ma,1115,53,2,1012,24,yes,no
restoration-relining-in-cambridge-ma,/location/restoration-relining-in-cambridge-ma/,https://chimcare-web.vercel.app/location/restoration-relining-in-cambridge-ma/,"Restoration & Relining in Cambridge,MA",ma,696,35,2,604,24,yes,no
restoration-relining-in-dracut-ma,/location/restoration-relining-in-dracut-ma/,https://chimcare-web.vercel.app/location/restoration-relining-in-dracut-ma/,"Restoration & Relining in Dracut,MA",ma,770,36,2,647,24,yes,no
restoration-relining-in-lowell-ma,/location/restoration-relining-in-lowell-ma/,https://chimcare-web.vercel.app/location/restoration-relining-in-lowell-ma/,"Restoration & Relining in Lowell,MA",ma,640,35,2,552,23,yes,no
restoration-relining-in-springfield-ma,/location/restoration-relining-in-springfield-ma/,https://chimcare-web.vercel.app/location/restoration-relining-in-springfield-ma/,"Restoration & Relining in Springfield,MA",ma,1108,43,2,999,24,yes,no
restoration-relining-in-weymouth-ma,/location/restoration-relining-in-weymouth-ma/,https://chimcare-web.vercel.app/location/restoration-relining-in-weymouth-ma/,"Restoration & Relining in Weymouth,MA",ma,612,31,2,521,25,yes,no
restoration-relining-in-worcester-ma,/location/restoration-relining-in-worcester-ma/,https://chimcare-web.vercel.app/location/restoration-relining-in-worcester-ma/,"Restoration & Relining in Worcester,MA",ma,597,37,2,514,24,yes,no
smelly-chimneys-repair-in-cambridge-ma,/location/smelly-chimneys-repair-in-cambridge-ma/,https://chimcare-web.vercel.app/location/smelly-chimneys-repair-in-cambridge-ma/,"Smelly Chimneys in Cambridge,MA",ma,752,33,2,663,24,yes,no
smelly-chimneys-repair-in-dracut-ma,/location/smelly-chimneys-repair-in-dracut-ma/,https://chimcare-web.vercel.app/location/smelly-chimneys-repair-in-dracut-ma/,"Smelly Chimneys in Dracut,MA",ma,742,32,2,645,24,yes,no
smelly-chimneys-repair-in-leominster-ma,/location/smelly-chimneys-repair-in-leominster-ma/,https://chimcare-web.vercel.app/location/smelly-chimneys-repair-in-leominster-ma/,"Smelly Chimneys in Leominster,MA",ma,1056,51,2,962,25,yes,no
smelly-chimneys-repair-in-lowell-ma,/location/smelly-chimneys-repair-in-lowell-ma/,https://chimcare-web.vercel.app/location/smelly-chimneys-repair-in-lowell-ma/,"Smelly Chimneys in Lowell,MA",ma,618,32,2,527,23,yes,no
smelly-chimneys-repair-in-springfield-ma,/location/smelly-chimneys-repair-in-springfield-ma/,https://chimcare-web.vercel.app/location/smelly-chimneys-repair-in-springfield-ma/,"Smelly Chimneys in Springfield,MA",ma,772,32,2,676,24,yes,no
smelly-chimneys-repair-in-weymouth-ma,/location/smelly-chimneys-repair-in-weymouth-ma/,https://chimcare-web.vercel.app/location/smelly-chimneys-repair-in-weymouth-ma/,"Smelly Chimneys in Weymouth,MA",ma,588,36,2,501,25,yes,no
smelly-chimneys-repair-in-worcester-ma,/location/smelly-chimneys-repair-in-worcester-ma/,https://chimcare-web.vercel.app/location/smelly-chimneys-repair-in-worcester-ma/,"Smelly Chimneys in Worcester,MA",ma,658,37,2,567,24,yes,no
smoke-chamber-cleaning-in-cambridge-ma,/location/smoke-chamber-cleaning-in-cambridge-ma/,https://chimcare-web.vercel.app/location/smoke-chamber-cleaning-in-cambridge-ma/,"Smoke Chamber Cleaning in Cambridge,MA",ma,793,37,2,675,24,yes,no
smoke-chamber-cleaning-in-dracut-ma,/location/smoke-chamber-cleaning-in-dracut-ma/,https://chimcare-web.vercel.app/location/smoke-chamber-cleaning-in-dracut-ma/,"Smoke Chamber Cleaning in Dracut,MA",ma,682,32,2,586,24,yes,no
smoke-chamber-cleaning-in-leominster-ma,/location/smoke-chamber-cleaning-in-leominster-ma/,https://chimcare-web.vercel.app/location/smoke-chamber-cleaning-in-leominster-ma/,"Smoke Chamber Cleaning in Leominster,MA",ma,1102,51,2,1025,25,yes,no
smoke-chamber-cleaning-in-lowell-ma,/location/smoke-chamber-cleaning-in-lowell-ma/,https://chimcare-web.vercel.app/location/smoke-chamber-cleaning-in-lowell-ma/,"Smoke Chamber Cleaning in Lowell,MA",ma,697,32,2,603,23,yes,no
smoke-chamber-cleaning-in-springfield-ma,/location/smoke-chamber-cleaning-in-springfield-ma/,https://chimcare-web.vercel.app/location/smoke-chamber-cleaning-in-springfield-ma/,"Smoke Chamber Cleaning in Springfield,MA",ma,663,34,2,586,24,yes,no
smoke-chamber-cleaning-in-weymouth-ma,/location/smoke-chamber-cleaning-in-weymouth-ma/,https://chimcare-web.vercel.app/location/smoke-chamber-cleaning-in-weymouth-ma/,"Smoke Chamber Cleaning in Weymouth,MA",ma,753,31,2,647,25,yes,no
smoke-chamber-cleaning-in-worcester-ma,/location/smoke-chamber-cleaning-in-worcester-ma/,https://chimcare-web.vercel.app/location/smoke-chamber-cleaning-in-worcester-ma/,"Smoke Chamber Cleaning in Worcester,MA",ma,722,37,2,623,24,yes,no
smoke-chamber-rebuild-in-cambridge-ma,/location/smoke-chamber-rebuild-in-cambridge-ma/,https://chimcare-web.vercel.app/location/smoke-chamber-rebuild-in-cambridge-ma/,"Smoke Chamber Rebuild in Cambridge,MA",ma,715,34,2,612,24,yes,no
smoke-chamber-rebuild-in-dracut-ma,/location/smoke-chamber-rebuild-in-dracut-ma/,https://chimcare-web.vercel.app/location/smoke-chamber-rebuild-in-dracut-ma/,"Smoke Chamber Rebuild in Dracut,MA",ma,693,33,2,586,24,yes,no
smoke-chamber-rebuild-in-leominster-ma,/location/smoke-chamber-rebuild-in-leominster-ma/,https://chimcare-web.vercel.app/location/smoke-chamber-rebuild-in-leominster-ma/,"Smoke Chamber Rebuild in Leominster,MA",ma,1008,56,2,925,25,yes,no
smoke-chamber-rebuild-in-lowell-ma,/location/smoke-chamber-rebuild-in-lowell-ma/,https://chimcare-web.vercel.app/location/smoke-chamber-rebuild-in-lowell-ma/,"Smoke Chamber Rebuild in Lowell,MA",ma,642,32,2,557,23,yes,no
smoke-chamber-rebuild-in-springfield-ma,/location/smoke-chamber-rebuild-in-springfield-ma/,https://chimcare-web.vercel.app/location/smoke-chamber-rebuild-in-springfield-ma/,"Smoke Chamber Rebuild in Springfield,MA",ma,762,41,2,663,24,yes,no
smoke-chamber-rebuild-in-weymouth-ma,/location/smoke-chamber-rebuild-in-weymouth-ma/,https://chimcare-web.vercel.app/location/smoke-chamber-rebuild-in-weymouth-ma/,"Smoke Chamber Rebuild in Weymouth,MA",ma,758,36,2,663,25,yes,no
smoke-chamber-rebuild-in-worcester-ma,/location/smoke-chamber-rebuild-in-worcester-ma/,https://chimcare-web.vercel.app/location/smoke-chamber-rebuild-in-worcester-ma/,"Smoke Chamber Rebuild in Worcester,MA",ma,726,33,2,623,24,yes,no
smoke-chamber-repair-in-cambridge-ma,/location/smoke-chamber-repair-in-cambridge-ma/,https://chimcare-web.vercel.app/location/smoke-chamber-repair-in-cambridge-ma/,"Smoke Chamber Repair in Cambridge,MA",ma,1052,48,2,942,24,yes,no
smoke-chamber-repair-in-dracut-ma,/location/smoke-chamber-repair-in-dracut-ma/,https://chimcare-web.vercel.app/location/smoke-chamber-repair-in-dracut-ma/,"Smoke Chamber Repair in Dracut,MA",ma,674,34,2,585,24,yes,no
smoke-chamber-repair-in-leominster-ma,/location/smoke-chamber-repair-in-leominster-ma/,https://chimcare-web.vercel.app/location/smoke-chamber-repair-in-leominster-ma/,"Smoke Chamber Repair in Leominster,MA",ma,1105,50,2,1032,25,yes,no
smoke-chamber-repair-in-lowell-ma,/location/smoke-chamber-repair-in-lowell-ma/,https://chimcare-web.vercel.app/location/smoke-chamber-repair-in-lowell-ma/,"Smoke Chamber Repair in Lowell,MA",ma,1093,42,2,980,23,yes,no
smoke-chamber-repair-in-springfield-ma,/location/smoke-chamber-repair-in-springfield-ma/,https://chimcare-web.vercel.app/location/smoke-chamber-repair-in-springfield-ma/,"Smoke Chamber Repair in Springfield,MA",ma,649,34,2,569,24,yes,no
smoke-chamber-repair-in-weymouth-ma,/location/smoke-chamber-repair-in-weymouth-ma/,https://chimcare-web.vercel.app/location/smoke-chamber-repair-in-weymouth-ma/,"Smoke Chamber Repair in Weymouth,MA",ma,639,32,2,539,25,yes,no
smoke-chamber-repair-in-worcester-ma,/location/smoke-chamber-repair-in-worcester-ma/,https://chimcare-web.vercel.app/location/smoke-chamber-repair-in-worcester-ma/,"Smoke Chamber Repair in Worcester,MA",ma,1131,44,2,1022,24,yes,no
smoky-chimneys-in-cambridge-ma,/location/smoky-chimneys-in-cambridge-ma/,https://chimcare-web.vercel.app/location/smoky-chimneys-in-cambridge-ma/,"Smoky Chimneys in Cambridge,MA",ma,661,36,2,554,24,yes,no
smoky-chimneys-in-springfield-ma,/location/smoky-chimneys-in-springfield-ma/,https://chimcare-web.vercel.app/location/smoky-chimneys-in-springfield-ma/,"Smoky Chimneys in Springfield,MA",ma,696,34,2,602,24,yes,no
smoky-chimneys-in-worcester-ma,/location/smoky-chimneys-in-worcester-ma/,https://chimcare-web.vercel.app/location/smoky-chimneys-in-worcester-ma/,"Smoky Chimneys in Worcester,MA",ma,631,35,2,548,24,yes,no
smoky-chimneys-repair-in-leominster-ma,/location/smoky-chimneys-repair-in-leominster-ma/,https://chimcare-web.vercel.app/location/smoky-chimneys-repair-in-leominster-ma/,"Smoky Chimneys in Leominster,MA",ma,1096,49,2,990,25,yes,no
smoky-chimneys-repair-in-lowell-ma,/location/smoky-chimneys-repair-in-lowell-ma/,https://chimcare-web.vercel.app/location/smoky-chimneys-repair-in-lowell-ma/,"Smoky Chimneys in Lowell,MA",ma,748,34,2,654,23,yes,no
smoky-chimneys-repair-in-weymouth-ma,/location/smoky-chimneys-repair-in-weymouth-ma/,https://chimcare-web.vercel.app/location/smoky-chimneys-repair-in-weymouth-ma/,"Smoky Chimneys in Weymouth,MA",ma,784,34,2,686,25,yes,no
spark-arrestor-installation-in-cambridge-ma,/location/spark-arrestor-installation-in-cambridge-ma/,https://chimcare-web.vercel.app/location/spark-arrestor-installation-in-cambridge-ma/,"Spark Arrestor Installation in Cambridge,MA",ma,821,36,2,726,24,yes,no
spark-arrestor-installation-in-dracut-ma,/location/spark-arrestor-installation-in-dracut-ma/,https://chimcare-web.vercel.app/location/spark-arrestor-installation-in-dracut-ma/,"Spark Arrestor Installation in Dracut,MA",ma,756,35,2,658,24,yes,no
spark-arrestor-installation-in-lowell-ma,/location/spark-arrestor-installation-in-lowell-ma/,https://chimcare-web.vercel.app/location/spark-arrestor-installation-in-lowell-ma/,"Spark Arrestor Installation in Lowell,MA",ma,804,35,2,686,23,yes,no
spark-arrestor-installation-in-springfield-ma,/location/spark-arrestor-installation-in-springfield-ma/,https://chimcare-web.vercel.app/location/spark-arrestor-installation-in-springfield-ma/,"Spark Arrestor Installation in Springfield,MA",ma,1141,47,2,1032,24,yes,no
spark-arrestor-installation-in-weymouth-ma,/location/spark-arrestor-installation-in-weymouth-ma/,https://chimcare-web.vercel.app/location/spark-arrestor-installation-in-weymouth-ma/,"Spark Arrestor Installation in Weymouth,MA",ma,685,34,2,592,25,yes,no
spark-arrestor-installation-in-worcester-ma,/location/spark-arrestor-installation-in-worcester-ma/,https://chimcare-web.vercel.app/location/spark-arrestor-installation-in-worcester-ma/,"Spark Arrestor Installation in Worcester,MA",ma,756,35,2,669,24,yes,no
stainless-steel-liners-in-cambridge-ma,/location/stainless-steel-liners-in-cambridge-ma/,https://chimcare-web.vercel.app/location/stainless-steel-liners-in-cambridge-ma/,"Stainless Steel Liners in Cambridge,MA",ma,694,33,2,594,24,yes,no
stainless-steel-liners-in-dracut-ma,/location/stainless-steel-liners-in-dracut-ma/,https://chimcare-web.vercel.app/location/stainless-steel-liners-in-dracut-ma/,"Stainless Steel Liners in Dracut,MA",ma,766,38,2,656,24,yes,no
stainless-steel-liners-in-lowell-ma,/location/stainless-steel-liners-in-lowell-ma/,https://chimcare-web.vercel.app/location/stainless-steel-liners-in-lowell-ma/,"Stainless Steel Liners in Lowell,MA",ma,715,36,2,613,23,yes,no
stainless-steel-liners-in-springfield-ma,/location/stainless-steel-liners-in-springfield-ma/,https://chimcare-web.vercel.app/location/stainless-steel-liners-in-springfield-ma/,"Stainless Steel Liners in Springfield,MA",ma,690,35,2,601,24,yes,no
stainless-steel-liners-in-weymouth-ma,/location/stainless-steel-liners-in-weymouth-ma/,https://chimcare-web.vercel.app/location/stainless-steel-liners-in-weymouth-ma/,"Stainless Steel Liners in Weymouth,MA",ma,686,34,2,587,25,yes,no
stainless-steel-liners-in-worcester-ma,/location/stainless-steel-liners-in-worcester-ma/,https://chimcare-web.vercel.app/location/stainless-steel-liners-in-worcester-ma/,"Stainless Steel Liners in Worcester,MA",ma,778,38,2,679,24,yes,no
top-mount-dampers-in-cambridge-ma,/location/top-mount-dampers-in-cambridge-ma/,https://chimcare-web.vercel.app/location/top-mount-dampers-in-cambridge-ma/,"Top Mount Dampers in Cambridge,MA",ma,773,37,2,664,24,yes,no
top-mount-dampers-in-dracut-ma,/location/top-mount-dampers-in-dracut-ma/,https://chimcare-web.vercel.app/location/top-mount-dampers-in-dracut-ma/,"Top Mount Dampers in Dracut,MA",ma,1026,46,2,919,24,yes,no
top-mount-dampers-in-lowell-ma,/location/top-mount-dampers-in-lowell-ma/,https://chimcare-web.vercel.app/location/top-mount-dampers-in-lowell-ma/,"Top Mount Dampers in Lowell,MA",ma,804,36,2,696,23,yes,no
top-mount-dampers-in-springfield-ma,/location/top-mount-dampers-in-springfield-ma/,https://chimcare-web.vercel.app/location/top-mount-dampers-in-springfield-ma/,"Top Mount Dampers in Springfield,MA",ma,773,34,2,667,24,yes,no
top-mount-dampers-in-weymouth-ma,/location/top-mount-dampers-in-weymouth-ma/,https://chimcare-web.vercel.app/location/top-mount-dampers-in-weymouth-ma/,"Top Mount Dampers in Weymouth,MA",ma,1131,45,2,1037,25,yes,no
top-mount-dampers-in-worcester-ma,/location/top-mount-dampers-in-worcester-ma/,https://chimcare-web.vercel.app/location/top-mount-dampers-in-worcester-ma/,"Top Mount Dampers in Worcester,MA",ma,803,38,2,687,24,yes,no
vent-free-gas-logs-in-cambridge-ma,/location/vent-free-gas-logs-in-cambridge-ma/,https://chimcare-web.vercel.app/location/vent-free-gas-logs-in-cambridge-ma/,"Vent Free Gas Logs in Cambridge,MA",ma,762,31,2,642,24,yes,no
vent-free-gas-logs-in-dracut-ma,/location/vent-free-gas-logs-in-dracut-ma/,https://chimcare-web.vercel.app/location/vent-free-gas-logs-in-dracut-ma/,"Vent Free Gas Logs in Dracut,MA",ma,735,33,2,630,24,yes,no
vent-free-gas-logs-in-leominster-ma,/location/vent-free-gas-logs-in-leominster-ma/,https://chimcare-web.vercel.app/location/vent-free-gas-logs-in-leominster-ma/,"Vent Free Gas Logs in Leominster,MA",ma,1115,46,2,1037,25,yes,no
vent-free-gas-logs-in-lowell-ma,/location/vent-free-gas-logs-in-lowell-ma/,https://chimcare-web.vercel.app/location/vent-free-gas-logs-in-lowell-ma/,"Vent Free Gas Logs in Lowell,MA",ma,695,35,2,599,23,yes,no
vent-free-gas-logs-in-springfield-ma,/location/vent-free-gas-logs-in-springfield-ma/,https://chimcare-web.vercel.app/location/vent-free-gas-logs-in-springfield-ma/,"Vent Free Gas Logs in Springfield,MA",ma,807,35,2,696,24,yes,no
vent-free-gas-logs-in-weymouth-ma,/location/vent-free-gas-logs-in-weymouth-ma/,https://chimcare-web.vercel.app/location/vent-free-gas-logs-in-weymouth-ma/,"Vent Free Gas Logs in Weymouth,MA",ma,706,34,2,619,25,yes,no
vent-free-gas-logs-in-worcester-ma,/location/vent-free-gas-logs-in-worcester-ma/,https://chimcare-web.vercel.app/location/vent-free-gas-logs-in-worcester-ma/,"Vent Free Gas Logs in Worcester,MA",ma,717,37,2,624,24,yes,no
vented-gas-logs-in-cambridge-ma,/location/vented-gas-logs-in-cambridge-ma/,https://chimcare-web.vercel.app/location/vented-gas-logs-in-cambridge-ma/,"Vented Gas Logs in Cambridge,MA",ma,811,33,2,698,24,yes,no
vented-gas-logs-in-dracut-ma,/location/vented-gas-logs-in-dracut-ma/,https://chimcare-web.vercel.app/location/vented-gas-logs-in-dracut-ma/,"Vented Gas Logs in Dracut,MA",ma,767,34,2,662,24,yes,no
vented-gas-logs-in-leominster-ma,/location/vented-gas-logs-in-leominster-ma/,https://chimcare-web.vercel.app/location/vented-gas-logs-in-leominster-ma/,"Vented Gas Logs in Leominster,MA",ma,1082,51,2,990,25,yes,no
vented-gas-logs-in-lowell-ma,/location/vented-gas-logs-in-lowell-ma/,https://chimcare-web.vercel.app/location/vented-gas-logs-in-lowell-ma/,"Vented Gas Logs in Lowell,MA",ma,623,37,2,525,23,yes,no
vented-gas-logs-in-springfield-ma,/location/vented-gas-logs-in-springfield-ma/,https://chimcare-web.vercel.app/location/vented-gas-logs-in-springfield-ma/,"Vented Gas Logs in Springfield,MA",ma,651,33,2,559,24,yes,no
vented-gas-logs-in-weymouth-ma,/location/vented-gas-logs-in-weymouth-ma/,https://chimcare-web.vercel.app/location/vented-gas-logs-in-weymouth-ma/,"Vented Gas Logs in Weymouth,MA",ma,718,35,2,629,25,yes,no
vented-gas-logs-in-worcester-ma,/location/vented-gas-logs-in-worcester-ma/,https://chimcare-web.vercel.app/location/vented-gas-logs-in-worcester-ma/,"Vented Gas Logs in Worcester,MA",ma,629,32,2,528,24,yes,no
vented-gas-logs-installation-in-cambridge-ma,/location/vented-gas-logs-installation-in-cambridge-ma/,https://chimcare-web.vercel.app/location/vented-gas-logs-installation-in-cambridge-ma/,"Vented Gas Logs Installation in Cambridge,MA",ma,672,32,2,586,24,yes,no
vented-gas-logs-installation-in-dracut-ma,/location/vented-gas-logs-installation-in-dracut-ma/,https://chimcare-web.vercel.app/location/vented-gas-logs-installation-in-dracut-ma/,"Vented Gas Logs Installation in Dracut,MA",ma,787,34,2,672,24,yes,no
vented-gas-logs-installation-in-lowell-ma,/location/vented-gas-logs-installation-in-lowell-ma/,https://chimcare-web.vercel.app/location/vented-gas-logs-installation-in-lowell-ma/,"Vented Gas Logs Installation in Lowell,MA",ma,672,36,2,569,23,yes,no
vented-gas-logs-installation-in-springfield-ma,/location/vented-gas-logs-installation-in-springfield-ma/,https://chimcare-web.vercel.app/location/vented-gas-logs-installation-in-springfield-ma/,"Vented Gas Logs Installation in Springfield,MA",ma,642,42,2,555,24,yes,no
vented-gas-logs-installation-in-weymouth-ma,/location/vented-gas-logs-installation-in-weymouth-ma/,https://chimcare-web.vercel.app/location/vented-gas-logs-installation-in-weymouth-ma/,"Vented Gas Logs Installation in Weymouth,MA",ma,611,31,2,527,25,yes,no
vented-gas-logs-installation-in-worcester-ma,/location/vented-gas-logs-installation-in-worcester-ma/,https://chimcare-web.vercel.app/location/vented-gas-logs-installation-in-worcester-ma/,"Vented Gas Logs Installation in Worcester,MA",ma,657,37,2,574,24,yes,no
ventless-gas-logs-installation-in-cambridge-ma,/location/ventless-gas-logs-installation-in-cambridge-ma/,https://chimcare-web.vercel.app/location/ventless-gas-logs-installation-in-cambridge-ma/,"Ventless Gas Logs Installation in Cambridge,MA",ma,753,37,2,635,24,yes,no
ventless-gas-logs-installation-in-dracut-ma,/location/ventless-gas-logs-installation-in-dracut-ma/,https://chimcare-web.vercel.app/location/ventless-gas-logs-installation-in-dracut-ma/,"Ventless Gas Logs Installation in Dracut,MA",ma,1017,54,2,918,24,yes,no
ventless-gas-logs-installation-in-lowell-ma,/location/ventless-gas-logs-installation-in-lowell-ma/,https://chimcare-web.vercel.app/location/ventless-gas-logs-installation-in-lowell-ma/,"Ventless Gas Logs Installation in Lowell,MA",ma,724,34,2,633,23,yes,no
ventless-gas-logs-installation-in-springfield-ma,/location/ventless-gas-logs-installation-in-springfield-ma/,https://chimcare-web.vercel.app/location/ventless-gas-logs-installation-in-springfield-ma/,"Ventless Gas Logs Installation in Springfield,MA",ma,789,34,2,691,24,yes,no
ventless-gas-logs-installation-in-weymouth-ma,/location/ventless-gas-logs-installation-in-weymouth-ma/,https://chimcare-web.vercel.app/location/ventless-gas-logs-installation-in-weymouth-ma/,"Ventless Gas Logs Installation in Weymouth,MA",ma,719,33,2,624,25,yes,no
ventless-gas-logs-installation-in-worcester-ma,/location/ventless-gas-logs-installation-in-worcester-ma/,https://chimcare-web.vercel.app/location/ventless-gas-logs-installation-in-worcester-ma/,"Ventless Gas Logs Installation in Worcester,MA",ma,818,40,2,727,24,yes,no
waterproofing-bricks-in-cambridge-ma,/location/waterproofing-bricks-in-cambridge-ma/,https://chimcare-web.vercel.app/location/waterproofing-bricks-in-cambridge-ma/,"Waterproofing Bricks in Cambridge,MA",ma,630,32,2,555,24,yes,no
waterproofing-bricks-in-dracut-ma,/location/waterproofing-bricks-in-dracut-ma/,https://chimcare-web.vercel.app/location/waterproofing-bricks-in-dracut-ma/,"Waterproofing Bricks in Dracut,MA",ma,927,42,2,810,24,yes,no
waterproofing-bricks-in-lowell-ma,/location/waterproofing-bricks-in-lowell-ma/,https://chimcare-web.vercel.app/location/waterproofing-bricks-in-lowell-ma/,"Waterproofing Bricks in Lowell,MA",ma,627,38,2,534,23,yes,no
waterproofing-bricks-in-springfield-ma,/location/waterproofing-bricks-in-springfield-ma/,https://chimcare-web.vercel.app/location/waterproofing-bricks-in-springfield-ma/,"Waterproofing Bricks in Springfield,MA",ma,759,35,2,679,24,yes,no
waterproofing-bricks-in-weymouth-ma,/location/waterproofing-bricks-in-weymouth-ma/,https://chimcare-web.vercel.app/location/waterproofing-bricks-in-weymouth-ma/,"Waterproofing Bricks in Weymouth,MA",ma,706,34,2,598,25,yes,no
waterproofing-bricks-in-worcester-ma,/location/waterproofing-bricks-in-worcester-ma/,https://chimcare-web.vercel.app/location/waterproofing-bricks-in-worcester-ma/,"Waterproofing Bricks in Worcester,MA",ma,767,39,2,683,24,yes,no
wood-burning-fireplace-inserts-in-cambridge-ma,/location/wood-burning-fireplace-inserts-in-cambridge-ma/,https://chimcare-web.vercel.app/location/wood-burning-fireplace-inserts-in-cambridge-ma/,"Wood Burning Fireplace Inserts (product) in Cambridge,MA",ma,631,37,2,545,24,yes,no
wood-burning-fireplace-inserts-in-dracut-ma,/location/wood-burning-fireplace-inserts-in-dracut-ma/,https://chimcare-web.vercel.app/location/wood-burning-fireplace-inserts-in-dracut-ma/,"Wood Burning Fireplace Inserts (product) in Dracut,MA",ma,767,35,2,661,24,yes,no
wood-burning-fireplace-inserts-in-leominster-ma,/location/wood-burning-fireplace-inserts-in-leominster-ma/,https://chimcare-web.vercel.app/location/wood-burning-fireplace-inserts-in-leominster-ma/,"Wood Burning Fireplace Inserts (product) in Leominster,MA",ma,1119,55,2,1021,25,yes,no
wood-burning-fireplace-inserts-in-lowell-ma,/location/wood-burning-fireplace-inserts-in-lowell-ma/,https://chimcare-web.vercel.app/location/wood-burning-fireplace-inserts-in-lowell-ma/,"Wood Burning Fireplace Inserts (product) in Lowell,MA",ma,771,32,2,680,23,yes,no
wood-burning-fireplace-inserts-in-springfield-ma,/location/wood-burning-fireplace-inserts-in-springfield-ma/,https://chimcare-web.vercel.app/location/wood-burning-fireplace-inserts-in-springfield-ma/,"Wood Burning Fireplace Inserts (product) in Springfield,MA",ma,712,36,2,628,24,yes,no
wood-burning-fireplace-inserts-in-weymouth-ma,/location/wood-burning-fireplace-inserts-in-weymouth-ma/,https://chimcare-web.vercel.app/location/wood-burning-fireplace-inserts-in-weymouth-ma/,"Wood Burning Fireplace Inserts (product) in Weymouth,MA",ma,673,34,2,575,25,yes,no
wood-burning-fireplace-inserts-in-worcester-ma,/location/wood-burning-fireplace-inserts-in-worcester-ma/,https://chimcare-web.vercel.app/location/wood-burning-fireplace-inserts-in-worcester-ma/,"Wood Burning Fireplace Inserts (product) in Worcester,MA",ma,692,38,2,595,24,yes,no
wood-burning-fireplace-installation-in-cambridge-ma,/location/wood-burning-fireplace-installation-in-cambridge-ma/,https://chimcare-web.vercel.app/location/wood-burning-fireplace-installation-in-cambridge-ma/,"Wood-Burning Fireplace Installation in Cambridge,MA",ma,614,38,2,513,24,yes,no
wood-burning-fireplace-installation-in-dracut-ma,/location/wood-burning-fireplace-installation-in-dracut-ma/,https://chimcare-web.vercel.app/location/wood-burning-fireplace-installation-in-dracut-ma/,"Wood-Burning Fireplace Installation in Dracut,MA",ma,639,33,2,549,24,yes,no
wood-burning-fireplace-installation-in-leominster-ma,/location/wood-burning-fireplace-installation-in-leominster-ma/,https://chimcare-web.vercel.app/location/wood-burning-fireplace-installation-in-leominster-ma/,"Wood-Burning Fireplace Installation in Leominster,MA",ma,1061,47,2,988,25,yes,no
wood-burning-fireplace-installation-in-lowell-ma,/location/wood-burning-fireplace-installation-in-lowell-ma/,https://chimcare-web.vercel.app/location/wood-burning-fireplace-installation-in-lowell-ma/,"Wood-Burning Fireplace Installation in Lowell,MA",ma,788,39,2,709,23,yes,no
wood-burning-fireplace-installation-in-springfield-ma,/location/wood-burning-fireplace-installation-in-springfield-ma/,https://chimcare-web.vercel.app/location/wood-burning-fireplace-installation-in-springfield-ma/,"Wood-Burning Fireplace Installation in Springfield,MA",ma,767,40,2,670,24,yes,no
wood-burning-fireplace-installation-in-weymouth-ma,/location/wood-burning-fireplace-installation-in-weymouth-ma/,https://chimcare-web.vercel.app/location/wood-burning-fireplace-installation-in-weymouth-ma/,"Wood-Burning Fireplace Installation in Weymouth,MA",ma,641,32,2,549,25,yes,no
wood-burning-fireplace-installation-in-worcester-ma,/location/wood-burning-fireplace-installation-in-worcester-ma/,https://chimcare-web.vercel.app/location/wood-burning-fireplace-installation-in-worcester-ma/,"Wood-Burning Fireplace Installation in Worcester,MA",ma,721,38,2,618,24,yes,no
wood-burning-inserts-in-cambridge-ma,/location/wood-burning-inserts-in-cambridge-ma/,https://chimcare-web.vercel.app/location/wood-burning-inserts-in-cambridge-ma/,"Wood Burning Inserts in Cambridge,MA",ma,1095,48,2,993,24,yes,no
wood-burning-inserts-in-dracut-ma,/location/wood-burning-inserts-in-dracut-ma/,https://chimcare-web.vercel.app/location/wood-burning-inserts-in-dracut-ma/,"Wood Burning Inserts in Dracut,MA",ma,795,35,2,696,24,yes,no
wood-burning-inserts-in-leominster-ma,/location/wood-burning-inserts-in-leominster-ma/,https://chimcare-web.vercel.app/location/wood-burning-inserts-in-leominster-ma/,"Wood Burning Inserts in Leominster,MA",ma,1087,54,2,1007,25,yes,no
wood-burning-inserts-in-lowell-ma,/location/wood-burning-inserts-in-lowell-ma/,https://chimcare-web.vercel.app/location/wood-burning-inserts-in-lowell-ma/,"Wood Burning Inserts in Lowell,MA",ma,1094,44,2,1006,23,yes,no
wood-burning-inserts-in-springfield-ma,/location/wood-burning-inserts-in-springfield-ma/,https://chimcare-web.vercel.app/location/wood-burning-inserts-in-springfield-ma/,"Wood Burning Inserts in Springfield,MA",ma,721,38,2,629,24,yes,no
wood-burning-inserts-in-weymouth-ma,/location/wood-burning-inserts-in-weymouth-ma/,https://chimcare-web.vercel.app/location/wood-burning-inserts-in-weymouth-ma/,"Wood Burning Inserts in Weymouth,MA",ma,617,30,2,511,25,yes,no
wood-burning-inserts-in-worcester-ma,/location/wood-burning-inserts-in-worcester-ma/,https://chimcare-web.vercel.app/location/wood-burning-inserts-in-worcester-ma/,"Wood Burning Inserts in Worcester,MA",ma,796,33,2,692,24,yes,no
wood-burning-stove-installation-in-cambridge-ma,/location/wood-burning-stove-installation-in-cambridge-ma/,https://chimcare-web.vercel.app/location/wood-burning-stove-installation-in-cambridge-ma/,"Wood-Burning Stove Installation in Cambridge,MA",ma,695,32,2,608,24,yes,no
wood-burning-stove-installation-in-dracut-ma,/location/wood-burning-stove-installation-in-dracut-ma/,https://chimcare-web.vercel.app/location/wood-burning-stove-installation-in-dracut-ma/,"Wood-Burning Stove Installation in Dracut,MA",ma,703,35,2,604,24,yes,no
wood-burning-stove-installation-in-leominster-ma,/location/wood-burning-stove-installation-in-leominster-ma/,https://chimcare-web.vercel.app/location/wood-burning-stove-installation-in-leominster-ma/,"Wood-Burning Stove Installation in Leominster,MA",ma,1029,59,2,956,25,yes,no
wood-burning-stove-installation-in-lowell-ma,/location/wood-burning-stove-installation-in-lowell-ma/,https://chimcare-web.vercel.app/location/wood-burning-stove-installation-in-lowell-ma/,"Wood-Burning Stove Installation in Lowell,MA",ma,703,32,2,598,23,yes,no
wood-burning-stove-installation-in-springfield-ma,/location/wood-burning-stove-installation-in-springfield-ma/,https://chimcare-web.vercel.app/location/wood-burning-stove-installation-in-springfield-ma/,"Wood-Burning Stove Installation in Springfield,MA",ma,700,36,2,615,24,yes,no
wood-burning-stove-installation-in-weymouth-ma,/location/wood-burning-stove-installation-in-weymouth-ma/,https://chimcare-web.vercel.app/location/wood-burning-stove-installation-in-weymouth-ma/,"Wood-Burning Stove Installation in Weymouth,MA",ma,750,34,2,652,25,yes,no
wood-burning-stove-installation-in-worcester-ma,/location/wood-burning-stove-installation-in-worcester-ma/,https://chimcare-web.vercel.app/location/wood-burning-stove-installation-in-worcester-ma/,"Wood-Burning Stove Installation in Worcester,MA",ma,693,36,2,581,24,yes,no
wood-fireplaces-in-cambridge-ma,/location/wood-fireplaces-in-cambridge-ma/,https://chimcare-web.vercel.app/location/wood-fireplaces-in-cambridge-ma/,"Wood Fireplaces in Cambridge,MA",ma,733,44,2,642,24,yes,no
wood-fireplaces-in-lowell-ma,/location/wood-fireplaces-in-lowell-ma/,https://chimcare-web.vercel.app/location/wood-fireplaces-in-lowell-ma/,"Wood Fireplaces in Lowell,MA",ma,669,35,2,576,23,yes,no
wood-fireplaces-in-springfield-ma,/location/wood-fireplaces-in-springfield-ma/,https://chimcare-web.vercel.app/location/wood-fireplaces-in-springfield-ma/,"Wood Fireplaces in Springfield,MA",ma,671,33,2,570,24,yes,no
wood-fireplaces-sweep-repair-in-dracut-ma,/location/wood-fireplaces-sweep-repair-in-dracut-ma/,https://chimcare-web.vercel.app/location/wood-fireplaces-sweep-repair-in-dracut-ma/,"Wood Fireplaces in Dracut,MA",ma,703,33,2,612,24,yes,no
wood-fireplaces-sweep-repair-in-leominster-ma,/location/wood-fireplaces-sweep-repair-in-leominster-ma/,https://chimcare-web.vercel.app/location/wood-fireplaces-sweep-repair-in-leominster-ma/,"Wood Fireplaces in Leominster,MA",ma,1102,50,2,1037,25,yes,no
wood-fireplaces-sweep-repair-in-weymouth-ma,/location/wood-fireplaces-sweep-repair-in-weymouth-ma/,https://chimcare-web.vercel.app/location/wood-fireplaces-sweep-repair-in-weymouth-ma/,"Wood Fireplaces in Weymouth,MA",ma,653,31,2,563,25,yes,no
wood-fireplaces-sweep-repair-in-worcester-ma,/location/wood-fireplaces-sweep-repair-in-worcester-ma/,https://chimcare-web.vercel.app/location/wood-fireplaces-sweep-repair-in-worcester-ma/,"Wood Fireplaces in Worcester,MA",ma,657,33,2,566,24,yes,no
wood-insert-installation-in-phoenix-az,/location/wood-insert-installation-in-phoenix-az/,https://chimcare-web.vercel.app/location/wood-insert-installation-in-phoenix-az/,"Wood Insert Installation in Phoenix,AZ",az,654,36,2,569,8,yes,no
wood-inserts-in-cambridge-ma,/location/wood-inserts-in-cambridge-ma/,https://chimcare-web.vercel.app/location/wood-inserts-in-cambridge-ma/,"Wood Inserts in Cambridge,MA",ma,690,34,2,593,24,yes,no
wood-inserts-in-dracut-ma,/location/wood-inserts-in-dracut-ma/,https://chimcare-web.vercel.app/location/wood-inserts-in-dracut-ma/,"Wood Inserts in Dracut,MA",ma,645,33,2,544,24,yes,no
wood-inserts-in-leominster-ma,/location/wood-inserts-in-leominster-ma/,https://chimcare-web.vercel.app/location/wood-inserts-in-leominster-ma/,"Wood Inserts in Leominster,MA",ma,1054,53,2,974,25,yes,no
wood-inserts-in-lowell-ma,/location/wood-inserts-in-lowell-ma/,https://chimcare-web.vercel.app/location/wood-inserts-in-lowell-ma/,"Wood Inserts in Lowell,MA",ma,1116,46,2,1018,23,yes,no
wood-inserts-in-springfield-ma,/location/wood-inserts-in-springfield-ma/,https://chimcare-web.vercel.app/location/wood-inserts-in-springfield-ma/,"Wood Inserts in Springfield,MA",ma,820,35,2,708,24,yes,no
wood-inserts-in-weymouth-ma,/location/wood-inserts-in-weymouth-ma/,https://chimcare-web.vercel.app/location/wood-inserts-in-weymouth-ma/,"Wood Inserts in Weymouth,MA",ma,739,36,2,640,25,yes,no
wood-inserts-in-worcester-ma,/location/wood-inserts-in-worcester-ma/,https://chimcare-web.vercel.app/location/wood-inserts-in-worcester-ma/,"Wood Inserts in Worcester,MA",ma,599,37,2,511,24,yes,no
wood-stove-cleaning-in-phoenix-az,/location/wood-stove-cleaning-in-phoenix-az/,https://chimcare-web.vercel.app/location/wood-stove-cleaning-in-phoenix-az/,"Wood Stove Cleaning in Phoenix,AZ",az,1151,52,2,1037,8,yes,no
wood-stove-repair-in-phoenix-az,/location/wood-stove-repair-in-phoenix-az/,https://chimcare-web.vercel.app/location/wood-stove-repair-in-phoenix-az/,"Wood Stove Repair in Phoenix,AZ",az,788,40,2,699,8,yes,no
wood-stoves-repair-in-cambridge-ma,/location/wood-stoves-repair-in-cambridge-ma/,https://chimcare-web.vercel.app/location/wood-stoves-repair-in-cambridge-ma/,"Wood Stoves in Cambridge,MA",ma,693,34,2,581,24,yes,no
wood-stoves-repair-in-dracut-ma,/location/wood-stoves-repair-in-dracut-ma/,https://chimcare-web.vercel.app/location/wood-stoves-repair-in-dracut-ma/,"Wood Stoves in Dracut,MA",ma,793,35,2,704,24,yes,no
wood-stoves-repair-in-leominster-ma,/location/wood-stoves-repair-in-leominster-ma/,https://chimcare-web.vercel.app/location/wood-stoves-repair-in-leominster-ma/,"Wood Stoves in Leominster,MA",ma,1086,49,2,993,25,yes,no
wood-stoves-repair-in-lowell-ma,/location/wood-stoves-repair-in-lowell-ma/,https://chimcare-web.vercel.app/location/wood-stoves-repair-in-lowell-ma/,"Wood Stoves in Lowell,MA",ma,538,29,2,439,23,yes,no
wood-stoves-repair-in-springfield-ma,/location/wood-stoves-repair-in-springfield-ma/,https://chimcare-web.vercel.app/location/wood-stoves-repair-in-springfield-ma/,"Wood Stoves in Springfield,MA",ma,666,36,2,577,24,yes,no
wood-stoves-repair-in-weymouth-ma,/location/wood-stoves-repair-in-weymouth-ma/,https://chimcare-web.vercel.app/location/wood-stoves-repair-in-weymouth-ma/,"Wood Stoves in Weymouth,MA",ma,650,34,2,548,25,yes,no
wood-stoves-repair-in-worcester-ma,/location/wood-stoves-repair-in-worcester-ma/,https://chimcare-web.vercel.app/location/wood-stoves-repair-in-worcester-ma/,"Wood Stoves in Worcester,MA",ma,879,46,2,778,24,yes,no
